<DataTable>
<ShoppingCartItem><ShoppingCartItemID>2</ShoppingCartItemID><ShoppingCartID>14951</ShoppingCartID><Quantity>3</Quantity><ProductID>862</ProductID><DateCreated>2013-11-09 17:54:07</DateCreated><ModifiedDate>2013-11-09 17:54:07</ModifiedDate></ShoppingCartItem>
<ShoppingCartItem><ShoppingCartItemID>4</ShoppingCartItemID><ShoppingCartID>20621</ShoppingCartID><Quantity>4</Quantity><ProductID>881</ProductID><DateCreated>2013-11-09 17:54:07</DateCreated><ModifiedDate>2013-11-09 17:54:07</ModifiedDate></ShoppingCartItem>
<ShoppingCartItem><ShoppingCartItemID>5</ShoppingCartItemID><ShoppingCartID>20621</ShoppingCartID><Quantity>7</Quantity><ProductID>874</ProductID><DateCreated>2013-11-09 17:54:07</DateCreated><ModifiedDate>2013-11-09 17:54:07</ModifiedDate></ShoppingCartItem>
</DataTable>
