<DataTable>
<SpecialOffer><SpecialOfferID>1</SpecialOfferID><Description>No Discount</Description><DiscountPct>0.0000</DiscountPct><Type>No Discount</Type><Category>No Discount</Category><StartDate>2011-05-01 00:00:00</StartDate><EndDate>2014-11-30 00:00:00</EndDate><MinQty>0</MinQty><MaxQty></MaxQty><ModifiedDate>2011-04-01 00:00:00</ModifiedDate></SpecialOffer>
<SpecialOffer><SpecialOfferID>2</SpecialOfferID><Description>Volume Discount 11 to 14</Description><DiscountPct>0.0200</DiscountPct><Type>Volume Discount</Type><Category>Reseller</Category><StartDate>2011-05-31 00:00:00</StartDate><EndDate>2014-05-30 00:00:00</EndDate><MinQty>11</MinQty><MaxQty>14</MaxQty><ModifiedDate>2011-05-01 00:00:00</ModifiedDate></SpecialOffer>
<SpecialOffer><SpecialOfferID>3</SpecialOfferID><Description>Volume Discount 15 to 24</Description><DiscountPct>0.0500</DiscountPct><Type>Volume Discount</Type><Category>Reseller</Category><StartDate>2011-05-31 00:00:00</StartDate><EndDate>2014-05-30 00:00:00</EndDate><MinQty>15</MinQty><MaxQty>24</MaxQty><ModifiedDate>2011-05-01 00:00:00</ModifiedDate></SpecialOffer>
<SpecialOffer><SpecialOfferID>4</SpecialOfferID><Description>Volume Discount 25 to 40</Description><DiscountPct>0.1000</DiscountPct><Type>Volume Discount</Type><Category>Reseller</Category><StartDate>2011-05-31 00:00:00</StartDate><EndDate>2014-05-30 00:00:00</EndDate><MinQty>25</MinQty><MaxQty>40</MaxQty><ModifiedDate>2011-05-01 00:00:00</ModifiedDate></SpecialOffer>
<SpecialOffer><SpecialOfferID>5</SpecialOfferID><Description>Volume Discount 41 to 60</Description><DiscountPct>0.1500</DiscountPct><Type>Volume Discount</Type><Category>Reseller</Category><StartDate>2011-05-31 00:00:00</StartDate><EndDate>2014-05-30 00:00:00</EndDate><MinQty>41</MinQty><MaxQty>60</MaxQty><ModifiedDate>2011-05-01 00:00:00</ModifiedDate></SpecialOffer>
<SpecialOffer><SpecialOfferID>6</SpecialOfferID><Description>Volume Discount over 60</Description><DiscountPct>0.2000</DiscountPct><Type>Volume Discount</Type><Category>Reseller</Category><StartDate>2011-05-31 00:00:00</StartDate><EndDate>2014-05-30 00:00:00</EndDate><MinQty>61</MinQty><MaxQty></MaxQty><ModifiedDate>2011-05-01 00:00:00</ModifiedDate></SpecialOffer>
<SpecialOffer><SpecialOfferID>7</SpecialOfferID><Description>Mountain-100 Clearance Sale</Description><DiscountPct>0.3500</DiscountPct><Type>Discontinued Product</Type><Category>Reseller</Category><StartDate>2012-04-13 00:00:00</StartDate><EndDate>2012-05-29 00:00:00</EndDate><MinQty>0</MinQty><MaxQty></MaxQty><ModifiedDate>2012-03-14 00:00:00</ModifiedDate></SpecialOffer>
<SpecialOffer><SpecialOfferID>8</SpecialOfferID><Description>Sport Helmet Discount-2002</Description><DiscountPct>0.1000</DiscountPct><Type>Seasonal Discount</Type><Category>Reseller</Category><StartDate>2012-05-30 00:00:00</StartDate><EndDate>2012-06-29 00:00:00</EndDate><MinQty>0</MinQty><MaxQty></MaxQty><ModifiedDate>2012-04-30 00:00:00</ModifiedDate></SpecialOffer>
<SpecialOffer><SpecialOfferID>9</SpecialOfferID><Description>Road-650 Overstock</Description><DiscountPct>0.3000</DiscountPct><Type>Excess Inventory</Type><Category>Reseller</Category><StartDate>2012-05-30 00:00:00</StartDate><EndDate>2012-07-30 00:00:00</EndDate><MinQty>0</MinQty><MaxQty></MaxQty><ModifiedDate>2012-04-30 00:00:00</ModifiedDate></SpecialOffer>
<SpecialOffer><SpecialOfferID>10</SpecialOfferID><Description>Mountain Tire Sale</Description><DiscountPct>0.5000</DiscountPct><Type>Excess Inventory</Type><Category>Customer</Category><StartDate>2013-05-14 00:00:00</StartDate><EndDate>2013-07-29 00:00:00</EndDate><MinQty>0</MinQty><MaxQty></MaxQty><ModifiedDate>2013-04-14 00:00:00</ModifiedDate></SpecialOffer>
<SpecialOffer><SpecialOfferID>11</SpecialOfferID><Description>Sport Helmet Discount-2003</Description><DiscountPct>0.1500</DiscountPct><Type>Seasonal Discount</Type><Category>Reseller</Category><StartDate>2013-05-30 00:00:00</StartDate><EndDate>2013-06-29 00:00:00</EndDate><MinQty>0</MinQty><MaxQty></MaxQty><ModifiedDate>2013-04-30 00:00:00</ModifiedDate></SpecialOffer>
<SpecialOffer><SpecialOfferID>12</SpecialOfferID><Description>LL Road Frame Sale</Description><DiscountPct>0.3500</DiscountPct><Type>Excess Inventory</Type><Category>Reseller</Category><StartDate>2013-05-30 00:00:00</StartDate><EndDate>2013-07-14 00:00:00</EndDate><MinQty>0</MinQty><MaxQty></MaxQty><ModifiedDate>2013-04-30 00:00:00</ModifiedDate></SpecialOffer>
<SpecialOffer><SpecialOfferID>13</SpecialOfferID><Description>Touring-3000 Promotion</Description><DiscountPct>0.1500</DiscountPct><Type>New Product</Type><Category>Reseller</Category><StartDate>2013-05-30 00:00:00</StartDate><EndDate>2013-08-29 00:00:00</EndDate><MinQty>0</MinQty><MaxQty></MaxQty><ModifiedDate>2013-04-30 00:00:00</ModifiedDate></SpecialOffer>
<SpecialOffer><SpecialOfferID>14</SpecialOfferID><Description>Touring-1000 Promotion</Description><DiscountPct>0.2000</DiscountPct><Type>New Product</Type><Category>Reseller</Category><StartDate>2013-05-30 00:00:00</StartDate><EndDate>2013-08-29 00:00:00</EndDate><MinQty>0</MinQty><MaxQty></MaxQty><ModifiedDate>2013-04-30 00:00:00</ModifiedDate></SpecialOffer>
<SpecialOffer><SpecialOfferID>15</SpecialOfferID><Description>Half-Price Pedal Sale</Description><DiscountPct>0.5000</DiscountPct><Type>Seasonal Discount</Type><Category>Customer</Category><StartDate>2013-07-14 00:00:00</StartDate><EndDate>2013-08-14 00:00:00</EndDate><MinQty>0</MinQty><MaxQty></MaxQty><ModifiedDate>2013-06-14 00:00:00</ModifiedDate></SpecialOffer>
<SpecialOffer><SpecialOfferID>16</SpecialOfferID><Description>Mountain-500 Silver Clearance Sale</Description><DiscountPct>0.4000</DiscountPct><Type>Discontinued Product</Type><Category>Reseller</Category><StartDate>2014-03-31 00:00:00</StartDate><EndDate>2014-05-30 00:00:00</EndDate><MinQty>0</MinQty><MaxQty></MaxQty><ModifiedDate>2014-03-01 00:00:00</ModifiedDate></SpecialOffer>
</DataTable>
