<DataTable>
<SalesTerritory><TerritoryID>1</TerritoryID><Name>Northwest</Name><CountryRegionCode>US</CountryRegionCode><Group>North America</Group><SalesYTD>7887186.7882</SalesYTD><SalesLastYear>3298694.4938</SalesLastYear><CostYTD>0.0000</CostYTD><CostLastYear>0.0000</CostLastYear><ModifiedDate>2008-04-30 00:00:00</ModifiedDate></SalesTerritory>
<SalesTerritory><TerritoryID>2</TerritoryID><Name>Northeast</Name><CountryRegionCode>US</CountryRegionCode><Group>North America</Group><SalesYTD>2402176.8476</SalesYTD><SalesLastYear>3607148.9371</SalesLastYear><CostYTD>0.0000</CostYTD><CostLastYear>0.0000</CostLastYear><ModifiedDate>2008-04-30 00:00:00</ModifiedDate></SalesTerritory>
<SalesTerritory><TerritoryID>3</TerritoryID><Name>Central</Name><CountryRegionCode>US</CountryRegionCode><Group>North America</Group><SalesYTD>3072175.1180</SalesYTD><SalesLastYear>3205014.0767</SalesLastYear><CostYTD>0.0000</CostYTD><CostLastYear>0.0000</CostLastYear><ModifiedDate>2008-04-30 00:00:00</ModifiedDate></SalesTerritory>
<SalesTerritory><TerritoryID>4</TerritoryID><Name>Southwest</Name><CountryRegionCode>US</CountryRegionCode><Group>North America</Group><SalesYTD>10510853.8739</SalesYTD><SalesLastYear>5366575.7098</SalesLastYear><CostYTD>0.0000</CostYTD><CostLastYear>0.0000</CostLastYear><ModifiedDate>2008-04-30 00:00:00</ModifiedDate></SalesTerritory>
<SalesTerritory><TerritoryID>5</TerritoryID><Name>Southeast</Name><CountryRegionCode>US</CountryRegionCode><Group>North America</Group><SalesYTD>2538667.2515</SalesYTD><SalesLastYear>3925071.4318</SalesLastYear><CostYTD>0.0000</CostYTD><CostLastYear>0.0000</CostLastYear><ModifiedDate>2008-04-30 00:00:00</ModifiedDate></SalesTerritory>
<SalesTerritory><TerritoryID>6</TerritoryID><Name>Canada</Name><CountryRegionCode>CA</CountryRegionCode><Group>North America</Group><SalesYTD>6771829.1376</SalesYTD><SalesLastYear>5693988.8600</SalesLastYear><CostYTD>0.0000</CostYTD><CostLastYear>0.0000</CostLastYear><ModifiedDate>2008-04-30 00:00:00</ModifiedDate></SalesTerritory>
<SalesTerritory><TerritoryID>7</TerritoryID><Name>France</Name><CountryRegionCode>FR</CountryRegionCode><Group>Europe</Group><SalesYTD>4772398.3078</SalesYTD><SalesLastYear>2396539.7601</SalesLastYear><CostYTD>0.0000</CostYTD><CostLastYear>0.0000</CostLastYear><ModifiedDate>2008-04-30 00:00:00</ModifiedDate></SalesTerritory>
<SalesTerritory><TerritoryID>8</TerritoryID><Name>Germany</Name><CountryRegionCode>DE</CountryRegionCode><Group>Europe</Group><SalesYTD>3805202.3478</SalesYTD><SalesLastYear>1307949.7917</SalesLastYear><CostYTD>0.0000</CostYTD><CostLastYear>0.0000</CostLastYear><ModifiedDate>2008-04-30 00:00:00</ModifiedDate></SalesTerritory>
<SalesTerritory><TerritoryID>9</TerritoryID><Name>Australia</Name><CountryRegionCode>AU</CountryRegionCode><Group>Pacific</Group><SalesYTD>5977814.9154</SalesYTD><SalesLastYear>2278548.9776</SalesLastYear><CostYTD>0.0000</CostYTD><CostLastYear>0.0000</CostLastYear><ModifiedDate>2008-04-30 00:00:00</ModifiedDate></SalesTerritory>
<SalesTerritory><TerritoryID>10</TerritoryID><Name>United Kingdom</Name><CountryRegionCode>GB</CountryRegionCode><Group>Europe</Group><SalesYTD>5012905.3656</SalesYTD><SalesLastYear>1635823.3967</SalesLastYear><CostYTD>0.0000</CostYTD><CostLastYear>0.0000</CostLastYear><ModifiedDate>2008-04-30 00:00:00</ModifiedDate></SalesTerritory>
</DataTable>
