<DataTable>
<Shift><ShiftID>1</ShiftID><Name>Day</Name><StartTime>07:00:00</StartTime><EndTime>15:00:00</EndTime><ModifiedDate>2008-04-30 00:00:00</ModifiedDate></Shift>
<Shift><ShiftID>2</ShiftID><Name>Evening</Name><StartTime>15:00:00</StartTime><EndTime>23:00:00</EndTime><ModifiedDate>2008-04-30 00:00:00</ModifiedDate></Shift>
<Shift><ShiftID>3</ShiftID><Name>Night</Name><StartTime>23:00:00</StartTime><EndTime>07:00:00</EndTime><ModifiedDate>2008-04-30 00:00:00</ModifiedDate></Shift>
</DataTable>
