<DataTable>
<Culture><CultureID>      </CultureID><Name>Invariant Language (Invariant Country)</Name><ModifiedDate>2008-04-30 00:00:00</ModifiedDate></Culture>
<Culture><CultureID>ar    </CultureID><Name>Arabic</Name><ModifiedDate>2008-04-30 00:00:00</ModifiedDate></Culture>
<Culture><CultureID>en    </CultureID><Name>English</Name><ModifiedDate>2008-04-30 00:00:00</ModifiedDate></Culture>
<Culture><CultureID>es    </CultureID><Name>Spanish</Name><ModifiedDate>2008-04-30 00:00:00</ModifiedDate></Culture>
<Culture><CultureID>fr    </CultureID><Name>French</Name><ModifiedDate>2008-04-30 00:00:00</ModifiedDate></Culture>
<Culture><CultureID>he    </CultureID><Name>Hebrew</Name><ModifiedDate>2008-04-30 00:00:00</ModifiedDate></Culture>
<Culture><CultureID>th    </CultureID><Name>Thai</Name><ModifiedDate>2008-04-30 00:00:00</ModifiedDate></Culture>
<Culture><CultureID>zh-cht</CultureID><Name>Chinese</Name><ModifiedDate>2008-04-30 00:00:00</ModifiedDate></Culture>
</DataTable>
