<DataTable>
<ProductDocument><ProductID>317</ProductID><ModifiedDate>2013-12-29 13:51:58</ModifiedDate></ProductDocument>
<ProductDocument><ProductID>318</ProductID><ModifiedDate>2013-12-29 13:51:58</ModifiedDate></ProductDocument>
<ProductDocument><ProductID>319</ProductID><ModifiedDate>2013-12-29 13:51:58</ModifiedDate></ProductDocument>
<ProductDocument><ProductID>506</ProductID><ModifiedDate>2013-12-29 13:51:58</ModifiedDate></ProductDocument>
<ProductDocument><ProductID>514</ProductID><ModifiedDate>2013-12-29 13:51:58</ModifiedDate></ProductDocument>
<ProductDocument><ProductID>515</ProductID><ModifiedDate>2013-12-29 13:51:58</ModifiedDate></ProductDocument>
<ProductDocument><ProductID>516</ProductID><ModifiedDate>2013-12-29 13:51:58</ModifiedDate></ProductDocument>
<ProductDocument><ProductID>517</ProductID><ModifiedDate>2013-12-29 13:51:58</ModifiedDate></ProductDocument>
<ProductDocument><ProductID>518</ProductID><ModifiedDate>2013-12-29 13:51:58</ModifiedDate></ProductDocument>
<ProductDocument><ProductID>519</ProductID><ModifiedDate>2013-12-29 13:51:58</ModifiedDate></ProductDocument>
<ProductDocument><ProductID>520</ProductID><ModifiedDate>2013-12-29 13:51:58</ModifiedDate></ProductDocument>
<ProductDocument><ProductID>521</ProductID><ModifiedDate>2013-12-29 13:51:58</ModifiedDate></ProductDocument>
<ProductDocument><ProductID>522</ProductID><ModifiedDate>2013-12-29 13:51:58</ModifiedDate></ProductDocument>
<ProductDocument><ProductID>928</ProductID><ModifiedDate>2013-12-29 13:51:58</ModifiedDate></ProductDocument>
<ProductDocument><ProductID>929</ProductID><ModifiedDate>2013-12-29 13:51:58</ModifiedDate></ProductDocument>
<ProductDocument><ProductID>930</ProductID><ModifiedDate>2013-12-29 13:51:58</ModifiedDate></ProductDocument>
<ProductDocument><ProductID>931</ProductID><ModifiedDate>2013-12-29 13:51:58</ModifiedDate></ProductDocument>
<ProductDocument><ProductID>932</ProductID><ModifiedDate>2013-12-29 13:51:58</ModifiedDate></ProductDocument>
<ProductDocument><ProductID>933</ProductID><ModifiedDate>2013-12-29 13:51:58</ModifiedDate></ProductDocument>
<ProductDocument><ProductID>934</ProductID><ModifiedDate>2013-12-29 13:51:58</ModifiedDate></ProductDocument>
<ProductDocument><ProductID>935</ProductID><ModifiedDate>2013-12-29 13:51:58</ModifiedDate></ProductDocument>
<ProductDocument><ProductID>936</ProductID><ModifiedDate>2013-12-29 13:51:58</ModifiedDate></ProductDocument>
<ProductDocument><ProductID>937</ProductID><ModifiedDate>2013-12-29 13:51:58</ModifiedDate></ProductDocument>
<ProductDocument><ProductID>938</ProductID><ModifiedDate>2013-12-29 13:51:58</ModifiedDate></ProductDocument>
<ProductDocument><ProductID>939</ProductID><ModifiedDate>2013-12-29 13:51:58</ModifiedDate></ProductDocument>
<ProductDocument><ProductID>940</ProductID><ModifiedDate>2013-12-29 13:51:58</ModifiedDate></ProductDocument>
<ProductDocument><ProductID>941</ProductID><ModifiedDate>2013-12-29 13:51:58</ModifiedDate></ProductDocument>
<ProductDocument><ProductID>977</ProductID><ModifiedDate>2013-12-29 13:51:58</ModifiedDate></ProductDocument>
<ProductDocument><ProductID>997</ProductID><ModifiedDate>2013-12-29 13:51:58</ModifiedDate></ProductDocument>
<ProductDocument><ProductID>998</ProductID><ModifiedDate>2013-12-29 13:51:58</ModifiedDate></ProductDocument>
<ProductDocument><ProductID>999</ProductID><ModifiedDate>2013-12-29 13:51:58</ModifiedDate></ProductDocument>
</DataTable>
