<DataTable>
<ShipMethod><ShipMethodID>1</ShipMethodID><Name>XRQ - TRUCK GROUND</Name><ShipBase>3.9500</ShipBase><ShipRate>0.9900</ShipRate><ModifiedDate>2008-04-30 00:00:00</ModifiedDate></ShipMethod>
<ShipMethod><ShipMethodID>2</ShipMethodID><Name>ZY - EXPRESS</Name><ShipBase>9.9500</ShipBase><ShipRate>1.9900</ShipRate><ModifiedDate>2008-04-30 00:00:00</ModifiedDate></ShipMethod>
<ShipMethod><ShipMethodID>3</ShipMethodID><Name>OVERSEAS - DELUXE</Name><ShipBase>29.9500</ShipBase><ShipRate>2.9900</ShipRate><ModifiedDate>2008-04-30 00:00:00</ModifiedDate></ShipMethod>
<ShipMethod><ShipMethodID>4</ShipMethodID><Name>OVERNIGHT J-FAST</Name><ShipBase>21.9500</ShipBase><ShipRate>1.2900</ShipRate><ModifiedDate>2008-04-30 00:00:00</ModifiedDate></ShipMethod>
<ShipMethod><ShipMethodID>5</ShipMethodID><Name>CARGO TRANSPORT 5</Name><ShipBase>8.9900</ShipBase><ShipRate>1.4900</ShipRate><ModifiedDate>2008-04-30 00:00:00</ModifiedDate></ShipMethod>
</DataTable>
