<DataTable>
<ProductModelIllustration><ProductModelID>7</ProductModelID><IllustrationID>3</IllustrationID><ModifiedDate>2014-01-09 14:41:02</ModifiedDate></ProductModelIllustration>
<ProductModelIllustration><ProductModelID>10</ProductModelID><IllustrationID>3</IllustrationID><ModifiedDate>2014-01-09 14:41:02</ModifiedDate></ProductModelIllustration>
<ProductModelIllustration><ProductModelID>47</ProductModelID><IllustrationID>4</IllustrationID><ModifiedDate>2014-01-09 14:41:02</ModifiedDate></ProductModelIllustration>
<ProductModelIllustration><ProductModelID>47</ProductModelID><IllustrationID>5</IllustrationID><ModifiedDate>2014-01-09 14:41:02</ModifiedDate></ProductModelIllustration>
<ProductModelIllustration><ProductModelID>48</ProductModelID><IllustrationID>4</IllustrationID><ModifiedDate>2014-01-09 14:41:02</ModifiedDate></ProductModelIllustration>
<ProductModelIllustration><ProductModelID>48</ProductModelID><IllustrationID>5</IllustrationID><ModifiedDate>2014-01-09 14:41:02</ModifiedDate></ProductModelIllustration>
<ProductModelIllustration><ProductModelID>67</ProductModelID><IllustrationID>6</IllustrationID><ModifiedDate>2014-01-09 14:41:02</ModifiedDate></ProductModelIllustration>
</DataTable>
