<DataTable>
<ProductProductPhoto><ProductID>1</ProductID><ProductPhotoID>1</ProductPhotoID><Primary>True</Primary><ModifiedDate>2008-03-31 00:00:00</ModifiedDate></ProductProductPhoto>
<ProductProductPhoto><ProductID>2</ProductID><ProductPhotoID>1</ProductPhotoID><Primary>True</Primary><ModifiedDate>2008-03-31 00:00:00</ModifiedDate></ProductProductPhoto>
<ProductProductPhoto><ProductID>3</ProductID><ProductPhotoID>1</ProductPhotoID><Primary>True</Primary><ModifiedDate>2008-03-31 00:00:00</ModifiedDate></ProductProductPhoto>
<ProductProductPhoto><ProductID>4</ProductID><ProductPhotoID>1</ProductPhotoID><Primary>True</Primary><ModifiedDate>2008-03-31 00:00:00</ModifiedDate></ProductProductPhoto>
<ProductProductPhoto><ProductID>316</ProductID><ProductPhotoID>1</ProductPhotoID><Primary>True</Primary><ModifiedDate>2008-03-31 00:00:00</ModifiedDate></ProductProductPhoto>
<ProductProductPhoto><ProductID>317</ProductID><ProductPhotoID>1</ProductPhotoID><Primary>True</Primary><ModifiedDate>2008-03-31 00:00:00</ModifiedDate></ProductProductPhoto>
<ProductProductPhoto><ProductID>318</ProductID><ProductPhotoID>1</ProductPhotoID><Primary>True</Primary><ModifiedDate>2008-03-31 00:00:00</ModifiedDate></ProductProductPhoto>
<ProductProductPhoto><ProductID>319</ProductID><ProductPhotoID>1</ProductPhotoID><Primary>True</Primary><ModifiedDate>2008-03-31 00:00:00</ModifiedDate></ProductProductPhoto>
<ProductProductPhoto><ProductID>320</ProductID><ProductPhotoID>1</ProductPhotoID><Primary>True</Primary><ModifiedDate>2008-03-31 00:00:00</ModifiedDate></ProductProductPhoto>
<ProductProductPhoto><ProductID>321</ProductID><ProductPhotoID>1</ProductPhotoID><Primary>True</Primary><ModifiedDate>2008-03-31 00:00:00</ModifiedDate></ProductProductPhoto>
<ProductProductPhoto><ProductID>322</ProductID><ProductPhotoID>1</ProductPhotoID><Primary>True</Primary><ModifiedDate>2008-03-31 00:00:00</ModifiedDate></ProductProductPhoto>
<ProductProductPhoto><ProductID>323</ProductID><ProductPhotoID>1</ProductPhotoID><Primary>True</Primary><ModifiedDate>2008-03-31 00:00:00</ModifiedDate></ProductProductPhoto>
<ProductProductPhoto><ProductID>324</ProductID><ProductPhotoID>1</ProductPhotoID><Primary>True</Primary><ModifiedDate>2008-03-31 00:00:00</ModifiedDate></ProductProductPhoto>
<ProductProductPhoto><ProductID>325</ProductID><ProductPhotoID>1</ProductPhotoID><Primary>True</Primary><ModifiedDate>2008-03-31 00:00:00</ModifiedDate></ProductProductPhoto>
<ProductProductPhoto><ProductID>326</ProductID><ProductPhotoID>1</ProductPhotoID><Primary>True</Primary><ModifiedDate>2008-03-31 00:00:00</ModifiedDate></ProductProductPhoto>
<ProductProductPhoto><ProductID>327</ProductID><ProductPhotoID>1</ProductPhotoID><Primary>True</Primary><ModifiedDate>2008-03-31 00:00:00</ModifiedDate></ProductProductPhoto>
<ProductProductPhoto><ProductID>328</ProductID><ProductPhotoID>1</ProductPhotoID><Primary>True</Primary><ModifiedDate>2008-03-31 00:00:00</ModifiedDate></ProductProductPhoto>
<ProductProductPhoto><ProductID>329</ProductID><ProductPhotoID>1</ProductPhotoID><Primary>True</Primary><ModifiedDate>2008-03-31 00:00:00</ModifiedDate></ProductProductPhoto>
<ProductProductPhoto><ProductID>330</ProductID><ProductPhotoID>1</ProductPhotoID><Primary>True</Primary><ModifiedDate>2008-03-31 00:00:00</ModifiedDate></ProductProductPhoto>
<ProductProductPhoto><ProductID>331</ProductID><ProductPhotoID>1</ProductPhotoID><Primary>True</Primary><ModifiedDate>2008-03-31 00:00:00</ModifiedDate></ProductProductPhoto>
<ProductProductPhoto><ProductID>332</ProductID><ProductPhotoID>160</ProductPhotoID><Primary>True</Primary><ModifiedDate>2008-03-31 00:00:00</ModifiedDate></ProductProductPhoto>
<ProductProductPhoto><ProductID>341</ProductID><ProductPhotoID>1</ProductPhotoID><Primary>True</Primary><ModifiedDate>2008-03-31 00:00:00</ModifiedDate></ProductProductPhoto>
<ProductProductPhoto><ProductID>342</ProductID><ProductPhotoID>1</ProductPhotoID><Primary>True</Primary><ModifiedDate>2008-03-31 00:00:00</ModifiedDate></ProductProductPhoto>
<ProductProductPhoto><ProductID>343</ProductID><ProductPhotoID>1</ProductPhotoID><Primary>True</Primary><ModifiedDate>2008-03-31 00:00:00</ModifiedDate></ProductProductPhoto>
<ProductProductPhoto><ProductID>344</ProductID><ProductPhotoID>1</ProductPhotoID><Primary>True</Primary><ModifiedDate>2008-03-31 00:00:00</ModifiedDate></ProductProductPhoto>
<ProductProductPhoto><ProductID>345</ProductID><ProductPhotoID>1</ProductPhotoID><Primary>True</Primary><ModifiedDate>2008-03-31 00:00:00</ModifiedDate></ProductProductPhoto>
<ProductProductPhoto><ProductID>346</ProductID><ProductPhotoID>1</ProductPhotoID><Primary>True</Primary><ModifiedDate>2008-03-31 00:00:00</ModifiedDate></ProductProductPhoto>
<ProductProductPhoto><ProductID>347</ProductID><ProductPhotoID>1</ProductPhotoID><Primary>True</Primary><ModifiedDate>2008-03-31 00:00:00</ModifiedDate></ProductProductPhoto>
<ProductProductPhoto><ProductID>348</ProductID><ProductPhotoID>1</ProductPhotoID><Primary>True</Primary><ModifiedDate>2008-03-31 00:00:00</ModifiedDate></ProductProductPhoto>
<ProductProductPhoto><ProductID>349</ProductID><ProductPhotoID>1</ProductPhotoID><Primary>True</Primary><ModifiedDate>2008-03-31 00:00:00</ModifiedDate></ProductProductPhoto>
<ProductProductPhoto><ProductID>350</ProductID><ProductPhotoID>1</ProductPhotoID><Primary>True</Primary><ModifiedDate>2008-03-31 00:00:00</ModifiedDate></ProductProductPhoto>
<ProductProductPhoto><ProductID>351</ProductID><ProductPhotoID>1</ProductPhotoID><Primary>True</Primary><ModifiedDate>2008-03-31 00:00:00</ModifiedDate></ProductProductPhoto>
<ProductProductPhoto><ProductID>352</ProductID><ProductPhotoID>1</ProductPhotoID><Primary>True</Primary><ModifiedDate>2008-03-31 00:00:00</ModifiedDate></ProductProductPhoto>
<ProductProductPhoto><ProductID>355</ProductID><ProductPhotoID>1</ProductPhotoID><Primary>True</Primary><ModifiedDate>2008-03-31 00:00:00</ModifiedDate></ProductProductPhoto>
<ProductProductPhoto><ProductID>356</ProductID><ProductPhotoID>1</ProductPhotoID><Primary>True</Primary><ModifiedDate>2008-03-31 00:00:00</ModifiedDate></ProductProductPhoto>
<ProductProductPhoto><ProductID>357</ProductID><ProductPhotoID>1</ProductPhotoID><Primary>True</Primary><ModifiedDate>2008-03-31 00:00:00</ModifiedDate></ProductProductPhoto>
<ProductProductPhoto><ProductID>358</ProductID><ProductPhotoID>1</ProductPhotoID><Primary>True</Primary><ModifiedDate>2008-03-31 00:00:00</ModifiedDate></ProductProductPhoto>
<ProductProductPhoto><ProductID>359</ProductID><ProductPhotoID>1</ProductPhotoID><Primary>True</Primary><ModifiedDate>2008-03-31 00:00:00</ModifiedDate></ProductProductPhoto>
<ProductProductPhoto><ProductID>360</ProductID><ProductPhotoID>1</ProductPhotoID><Primary>True</Primary><ModifiedDate>2008-03-31 00:00:00</ModifiedDate></ProductProductPhoto>
<ProductProductPhoto><ProductID>361</ProductID><ProductPhotoID>1</ProductPhotoID><Primary>True</Primary><ModifiedDate>2008-03-31 00:00:00</ModifiedDate></ProductProductPhoto>
<ProductProductPhoto><ProductID>362</ProductID><ProductPhotoID>1</ProductPhotoID><Primary>True</Primary><ModifiedDate>2008-03-31 00:00:00</ModifiedDate></ProductProductPhoto>
<ProductProductPhoto><ProductID>363</ProductID><ProductPhotoID>1</ProductPhotoID><Primary>True</Primary><ModifiedDate>2008-03-31 00:00:00</ModifiedDate></ProductProductPhoto>
<ProductProductPhoto><ProductID>364</ProductID><ProductPhotoID>1</ProductPhotoID><Primary>True</Primary><ModifiedDate>2008-03-31 00:00:00</ModifiedDate></ProductProductPhoto>
<ProductProductPhoto><ProductID>365</ProductID><ProductPhotoID>1</ProductPhotoID><Primary>True</Primary><ModifiedDate>2008-03-31 00:00:00</ModifiedDate></ProductProductPhoto>
<ProductProductPhoto><ProductID>366</ProductID><ProductPhotoID>1</ProductPhotoID><Primary>True</Primary><ModifiedDate>2008-03-31 00:00:00</ModifiedDate></ProductProductPhoto>
<ProductProductPhoto><ProductID>367</ProductID><ProductPhotoID>1</ProductPhotoID><Primary>True</Primary><ModifiedDate>2008-03-31 00:00:00</ModifiedDate></ProductProductPhoto>
<ProductProductPhoto><ProductID>368</ProductID><ProductPhotoID>1</ProductPhotoID><Primary>True</Primary><ModifiedDate>2008-03-31 00:00:00</ModifiedDate></ProductProductPhoto>
<ProductProductPhoto><ProductID>369</ProductID><ProductPhotoID>1</ProductPhotoID><Primary>True</Primary><ModifiedDate>2008-03-31 00:00:00</ModifiedDate></ProductProductPhoto>
<ProductProductPhoto><ProductID>370</ProductID><ProductPhotoID>1</ProductPhotoID><Primary>True</Primary><ModifiedDate>2008-03-31 00:00:00</ModifiedDate></ProductProductPhoto>
<ProductProductPhoto><ProductID>371</ProductID><ProductPhotoID>1</ProductPhotoID><Primary>True</Primary><ModifiedDate>2008-03-31 00:00:00</ModifiedDate></ProductProductPhoto>
<ProductProductPhoto><ProductID>372</ProductID><ProductPhotoID>1</ProductPhotoID><Primary>True</Primary><ModifiedDate>2008-03-31 00:00:00</ModifiedDate></ProductProductPhoto>
<ProductProductPhoto><ProductID>373</ProductID><ProductPhotoID>1</ProductPhotoID><Primary>True</Primary><ModifiedDate>2008-03-31 00:00:00</ModifiedDate></ProductProductPhoto>
<ProductProductPhoto><ProductID>374</ProductID><ProductPhotoID>1</ProductPhotoID><Primary>True</Primary><ModifiedDate>2008-03-31 00:00:00</ModifiedDate></ProductProductPhoto>
<ProductProductPhoto><ProductID>375</ProductID><ProductPhotoID>1</ProductPhotoID><Primary>True</Primary><ModifiedDate>2008-03-31 00:00:00</ModifiedDate></ProductProductPhoto>
<ProductProductPhoto><ProductID>376</ProductID><ProductPhotoID>1</ProductPhotoID><Primary>True</Primary><ModifiedDate>2008-03-31 00:00:00</ModifiedDate></ProductProductPhoto>
<ProductProductPhoto><ProductID>377</ProductID><ProductPhotoID>1</ProductPhotoID><Primary>True</Primary><ModifiedDate>2008-03-31 00:00:00</ModifiedDate></ProductProductPhoto>
<ProductProductPhoto><ProductID>378</ProductID><ProductPhotoID>1</ProductPhotoID><Primary>True</Primary><ModifiedDate>2008-03-31 00:00:00</ModifiedDate></ProductProductPhoto>
<ProductProductPhoto><ProductID>379</ProductID><ProductPhotoID>1</ProductPhotoID><Primary>True</Primary><ModifiedDate>2008-03-31 00:00:00</ModifiedDate></ProductProductPhoto>
<ProductProductPhoto><ProductID>380</ProductID><ProductPhotoID>1</ProductPhotoID><Primary>True</Primary><ModifiedDate>2008-03-31 00:00:00</ModifiedDate></ProductProductPhoto>
<ProductProductPhoto><ProductID>381</ProductID><ProductPhotoID>1</ProductPhotoID><Primary>True</Primary><ModifiedDate>2008-03-31 00:00:00</ModifiedDate></ProductProductPhoto>
<ProductProductPhoto><ProductID>382</ProductID><ProductPhotoID>1</ProductPhotoID><Primary>True</Primary><ModifiedDate>2008-03-31 00:00:00</ModifiedDate></ProductProductPhoto>
<ProductProductPhoto><ProductID>383</ProductID><ProductPhotoID>1</ProductPhotoID><Primary>True</Primary><ModifiedDate>2008-03-31 00:00:00</ModifiedDate></ProductProductPhoto>
<ProductProductPhoto><ProductID>384</ProductID><ProductPhotoID>1</ProductPhotoID><Primary>True</Primary><ModifiedDate>2008-03-31 00:00:00</ModifiedDate></ProductProductPhoto>
<ProductProductPhoto><ProductID>385</ProductID><ProductPhotoID>1</ProductPhotoID><Primary>True</Primary><ModifiedDate>2008-03-31 00:00:00</ModifiedDate></ProductProductPhoto>
<ProductProductPhoto><ProductID>386</ProductID><ProductPhotoID>1</ProductPhotoID><Primary>True</Primary><ModifiedDate>2008-03-31 00:00:00</ModifiedDate></ProductProductPhoto>
<ProductProductPhoto><ProductID>387</ProductID><ProductPhotoID>1</ProductPhotoID><Primary>True</Primary><ModifiedDate>2008-03-31 00:00:00</ModifiedDate></ProductProductPhoto>
<ProductProductPhoto><ProductID>388</ProductID><ProductPhotoID>1</ProductPhotoID><Primary>True</Primary><ModifiedDate>2008-03-31 00:00:00</ModifiedDate></ProductProductPhoto>
<ProductProductPhoto><ProductID>389</ProductID><ProductPhotoID>1</ProductPhotoID><Primary>True</Primary><ModifiedDate>2008-03-31 00:00:00</ModifiedDate></ProductProductPhoto>
<ProductProductPhoto><ProductID>390</ProductID><ProductPhotoID>1</ProductPhotoID><Primary>True</Primary><ModifiedDate>2008-03-31 00:00:00</ModifiedDate></ProductProductPhoto>
<ProductProductPhoto><ProductID>391</ProductID><ProductPhotoID>1</ProductPhotoID><Primary>True</Primary><ModifiedDate>2008-03-31 00:00:00</ModifiedDate></ProductProductPhoto>
<ProductProductPhoto><ProductID>392</ProductID><ProductPhotoID>1</ProductPhotoID><Primary>True</Primary><ModifiedDate>2008-03-31 00:00:00</ModifiedDate></ProductProductPhoto>
<ProductProductPhoto><ProductID>393</ProductID><ProductPhotoID>1</ProductPhotoID><Primary>True</Primary><ModifiedDate>2008-03-31 00:00:00</ModifiedDate></ProductProductPhoto>
<ProductProductPhoto><ProductID>394</ProductID><ProductPhotoID>1</ProductPhotoID><Primary>True</Primary><ModifiedDate>2008-03-31 00:00:00</ModifiedDate></ProductProductPhoto>
<ProductProductPhoto><ProductID>395</ProductID><ProductPhotoID>1</ProductPhotoID><Primary>True</Primary><ModifiedDate>2008-03-31 00:00:00</ModifiedDate></ProductProductPhoto>
<ProductProductPhoto><ProductID>396</ProductID><ProductPhotoID>1</ProductPhotoID><Primary>True</Primary><ModifiedDate>2008-03-31 00:00:00</ModifiedDate></ProductProductPhoto>
<ProductProductPhoto><ProductID>397</ProductID><ProductPhotoID>1</ProductPhotoID><Primary>True</Primary><ModifiedDate>2008-03-31 00:00:00</ModifiedDate></ProductProductPhoto>
<ProductProductPhoto><ProductID>398</ProductID><ProductPhotoID>1</ProductPhotoID><Primary>True</Primary><ModifiedDate>2008-03-31 00:00:00</ModifiedDate></ProductProductPhoto>
<ProductProductPhoto><ProductID>399</ProductID><ProductPhotoID>1</ProductPhotoID><Primary>True</Primary><ModifiedDate>2008-03-31 00:00:00</ModifiedDate></ProductProductPhoto>
<ProductProductPhoto><ProductID>400</ProductID><ProductPhotoID>1</ProductPhotoID><Primary>True</Primary><ModifiedDate>2008-03-31 00:00:00</ModifiedDate></ProductProductPhoto>
<ProductProductPhoto><ProductID>401</ProductID><ProductPhotoID>1</ProductPhotoID><Primary>True</Primary><ModifiedDate>2008-03-31 00:00:00</ModifiedDate></ProductProductPhoto>
<ProductProductPhoto><ProductID>402</ProductID><ProductPhotoID>1</ProductPhotoID><Primary>True</Primary><ModifiedDate>2008-03-31 00:00:00</ModifiedDate></ProductProductPhoto>
<ProductProductPhoto><ProductID>403</ProductID><ProductPhotoID>1</ProductPhotoID><Primary>True</Primary><ModifiedDate>2008-03-31 00:00:00</ModifiedDate></ProductProductPhoto>
<ProductProductPhoto><ProductID>404</ProductID><ProductPhotoID>1</ProductPhotoID><Primary>True</Primary><ModifiedDate>2008-03-31 00:00:00</ModifiedDate></ProductProductPhoto>
<ProductProductPhoto><ProductID>405</ProductID><ProductPhotoID>1</ProductPhotoID><Primary>True</Primary><ModifiedDate>2008-03-31 00:00:00</ModifiedDate></ProductProductPhoto>
<ProductProductPhoto><ProductID>406</ProductID><ProductPhotoID>1</ProductPhotoID><Primary>True</Primary><ModifiedDate>2008-03-31 00:00:00</ModifiedDate></ProductProductPhoto>
<ProductProductPhoto><ProductID>407</ProductID><ProductPhotoID>1</ProductPhotoID><Primary>True</Primary><ModifiedDate>2008-03-31 00:00:00</ModifiedDate></ProductProductPhoto>
<ProductProductPhoto><ProductID>408</ProductID><ProductPhotoID>1</ProductPhotoID><Primary>True</Primary><ModifiedDate>2008-03-31 00:00:00</ModifiedDate></ProductProductPhoto>
<ProductProductPhoto><ProductID>409</ProductID><ProductPhotoID>1</ProductPhotoID><Primary>True</Primary><ModifiedDate>2008-03-31 00:00:00</ModifiedDate></ProductProductPhoto>
<ProductProductPhoto><ProductID>410</ProductID><ProductPhotoID>1</ProductPhotoID><Primary>True</Primary><ModifiedDate>2008-03-31 00:00:00</ModifiedDate></ProductProductPhoto>
<ProductProductPhoto><ProductID>411</ProductID><ProductPhotoID>1</ProductPhotoID><Primary>True</Primary><ModifiedDate>2008-03-31 00:00:00</ModifiedDate></ProductProductPhoto>
<ProductProductPhoto><ProductID>412</ProductID><ProductPhotoID>1</ProductPhotoID><Primary>True</Primary><ModifiedDate>2008-03-31 00:00:00</ModifiedDate></ProductProductPhoto>
<ProductProductPhoto><ProductID>413</ProductID><ProductPhotoID>1</ProductPhotoID><Primary>True</Primary><ModifiedDate>2008-03-31 00:00:00</ModifiedDate></ProductProductPhoto>
<ProductProductPhoto><ProductID>414</ProductID><ProductPhotoID>1</ProductPhotoID><Primary>True</Primary><ModifiedDate>2008-03-31 00:00:00</ModifiedDate></ProductProductPhoto>
<ProductProductPhoto><ProductID>415</ProductID><ProductPhotoID>1</ProductPhotoID><Primary>True</Primary><ModifiedDate>2008-03-31 00:00:00</ModifiedDate></ProductProductPhoto>
<ProductProductPhoto><ProductID>416</ProductID><ProductPhotoID>1</ProductPhotoID><Primary>True</Primary><ModifiedDate>2008-03-31 00:00:00</ModifiedDate></ProductProductPhoto>
<ProductProductPhoto><ProductID>417</ProductID><ProductPhotoID>1</ProductPhotoID><Primary>True</Primary><ModifiedDate>2008-03-31 00:00:00</ModifiedDate></ProductProductPhoto>
<ProductProductPhoto><ProductID>418</ProductID><ProductPhotoID>1</ProductPhotoID><Primary>True</Primary><ModifiedDate>2008-03-31 00:00:00</ModifiedDate></ProductProductPhoto>
<ProductProductPhoto><ProductID>419</ProductID><ProductPhotoID>1</ProductPhotoID><Primary>True</Primary><ModifiedDate>2008-03-31 00:00:00</ModifiedDate></ProductProductPhoto>
<ProductProductPhoto><ProductID>420</ProductID><ProductPhotoID>1</ProductPhotoID><Primary>True</Primary><ModifiedDate>2008-03-31 00:00:00</ModifiedDate></ProductProductPhoto>
<ProductProductPhoto><ProductID>421</ProductID><ProductPhotoID>1</ProductPhotoID><Primary>True</Primary><ModifiedDate>2008-03-31 00:00:00</ModifiedDate></ProductProductPhoto>
<ProductProductPhoto><ProductID>422</ProductID><ProductPhotoID>1</ProductPhotoID><Primary>True</Primary><ModifiedDate>2008-03-31 00:00:00</ModifiedDate></ProductProductPhoto>
<ProductProductPhoto><ProductID>423</ProductID><ProductPhotoID>1</ProductPhotoID><Primary>True</Primary><ModifiedDate>2008-03-31 00:00:00</ModifiedDate></ProductProductPhoto>
<ProductProductPhoto><ProductID>424</ProductID><ProductPhotoID>1</ProductPhotoID><Primary>True</Primary><ModifiedDate>2008-03-31 00:00:00</ModifiedDate></ProductProductPhoto>
<ProductProductPhoto><ProductID>425</ProductID><ProductPhotoID>1</ProductPhotoID><Primary>True</Primary><ModifiedDate>2008-03-31 00:00:00</ModifiedDate></ProductProductPhoto>
<ProductProductPhoto><ProductID>426</ProductID><ProductPhotoID>1</ProductPhotoID><Primary>True</Primary><ModifiedDate>2008-03-31 00:00:00</ModifiedDate></ProductProductPhoto>
<ProductProductPhoto><ProductID>427</ProductID><ProductPhotoID>1</ProductPhotoID><Primary>True</Primary><ModifiedDate>2008-03-31 00:00:00</ModifiedDate></ProductProductPhoto>
<ProductProductPhoto><ProductID>428</ProductID><ProductPhotoID>1</ProductPhotoID><Primary>True</Primary><ModifiedDate>2008-03-31 00:00:00</ModifiedDate></ProductProductPhoto>
<ProductProductPhoto><ProductID>429</ProductID><ProductPhotoID>1</ProductPhotoID><Primary>True</Primary><ModifiedDate>2008-03-31 00:00:00</ModifiedDate></ProductProductPhoto>
<ProductProductPhoto><ProductID>430</ProductID><ProductPhotoID>1</ProductPhotoID><Primary>True</Primary><ModifiedDate>2008-03-31 00:00:00</ModifiedDate></ProductProductPhoto>
<ProductProductPhoto><ProductID>431</ProductID><ProductPhotoID>1</ProductPhotoID><Primary>True</Primary><ModifiedDate>2008-03-31 00:00:00</ModifiedDate></ProductProductPhoto>
<ProductProductPhoto><ProductID>432</ProductID><ProductPhotoID>1</ProductPhotoID><Primary>True</Primary><ModifiedDate>2008-03-31 00:00:00</ModifiedDate></ProductProductPhoto>
<ProductProductPhoto><ProductID>433</ProductID><ProductPhotoID>1</ProductPhotoID><Primary>True</Primary><ModifiedDate>2008-03-31 00:00:00</ModifiedDate></ProductProductPhoto>
<ProductProductPhoto><ProductID>434</ProductID><ProductPhotoID>1</ProductPhotoID><Primary>True</Primary><ModifiedDate>2008-03-31 00:00:00</ModifiedDate></ProductProductPhoto>
<ProductProductPhoto><ProductID>435</ProductID><ProductPhotoID>1</ProductPhotoID><Primary>True</Primary><ModifiedDate>2008-03-31 00:00:00</ModifiedDate></ProductProductPhoto>
<ProductProductPhoto><ProductID>436</ProductID><ProductPhotoID>1</ProductPhotoID><Primary>True</Primary><ModifiedDate>2008-03-31 00:00:00</ModifiedDate></ProductProductPhoto>
<ProductProductPhoto><ProductID>437</ProductID><ProductPhotoID>1</ProductPhotoID><Primary>True</Primary><ModifiedDate>2008-03-31 00:00:00</ModifiedDate></ProductProductPhoto>
<ProductProductPhoto><ProductID>438</ProductID><ProductPhotoID>1</ProductPhotoID><Primary>True</Primary><ModifiedDate>2008-03-31 00:00:00</ModifiedDate></ProductProductPhoto>
<ProductProductPhoto><ProductID>439</ProductID><ProductPhotoID>1</ProductPhotoID><Primary>True</Primary><ModifiedDate>2008-03-31 00:00:00</ModifiedDate></ProductProductPhoto>
<ProductProductPhoto><ProductID>440</ProductID><ProductPhotoID>1</ProductPhotoID><Primary>True</Primary><ModifiedDate>2008-03-31 00:00:00</ModifiedDate></ProductProductPhoto>
<ProductProductPhoto><ProductID>441</ProductID><ProductPhotoID>1</ProductPhotoID><Primary>True</Primary><ModifiedDate>2008-03-31 00:00:00</ModifiedDate></ProductProductPhoto>
<ProductProductPhoto><ProductID>442</ProductID><ProductPhotoID>1</ProductPhotoID><Primary>True</Primary><ModifiedDate>2008-03-31 00:00:00</ModifiedDate></ProductProductPhoto>
<ProductProductPhoto><ProductID>443</ProductID><ProductPhotoID>1</ProductPhotoID><Primary>True</Primary><ModifiedDate>2008-03-31 00:00:00</ModifiedDate></ProductProductPhoto>
<ProductProductPhoto><ProductID>444</ProductID><ProductPhotoID>1</ProductPhotoID><Primary>True</Primary><ModifiedDate>2008-03-31 00:00:00</ModifiedDate></ProductProductPhoto>
<ProductProductPhoto><ProductID>445</ProductID><ProductPhotoID>1</ProductPhotoID><Primary>True</Primary><ModifiedDate>2008-03-31 00:00:00</ModifiedDate></ProductProductPhoto>
<ProductProductPhoto><ProductID>446</ProductID><ProductPhotoID>1</ProductPhotoID><Primary>True</Primary><ModifiedDate>2008-03-31 00:00:00</ModifiedDate></ProductProductPhoto>
<ProductProductPhoto><ProductID>447</ProductID><ProductPhotoID>1</ProductPhotoID><Primary>True</Primary><ModifiedDate>2008-03-31 00:00:00</ModifiedDate></ProductProductPhoto>
<ProductProductPhoto><ProductID>448</ProductID><ProductPhotoID>1</ProductPhotoID><Primary>True</Primary><ModifiedDate>2008-03-31 00:00:00</ModifiedDate></ProductProductPhoto>
<ProductProductPhoto><ProductID>449</ProductID><ProductPhotoID>1</ProductPhotoID><Primary>True</Primary><ModifiedDate>2008-03-31 00:00:00</ModifiedDate></ProductProductPhoto>
<ProductProductPhoto><ProductID>450</ProductID><ProductPhotoID>1</ProductPhotoID><Primary>True</Primary><ModifiedDate>2008-03-31 00:00:00</ModifiedDate></ProductProductPhoto>
<ProductProductPhoto><ProductID>451</ProductID><ProductPhotoID>1</ProductPhotoID><Primary>True</Primary><ModifiedDate>2008-03-31 00:00:00</ModifiedDate></ProductProductPhoto>
<ProductProductPhoto><ProductID>452</ProductID><ProductPhotoID>1</ProductPhotoID><Primary>True</Primary><ModifiedDate>2008-03-31 00:00:00</ModifiedDate></ProductProductPhoto>
<ProductProductPhoto><ProductID>453</ProductID><ProductPhotoID>1</ProductPhotoID><Primary>True</Primary><ModifiedDate>2008-03-31 00:00:00</ModifiedDate></ProductProductPhoto>
<ProductProductPhoto><ProductID>454</ProductID><ProductPhotoID>1</ProductPhotoID><Primary>True</Primary><ModifiedDate>2008-03-31 00:00:00</ModifiedDate></ProductProductPhoto>
<ProductProductPhoto><ProductID>455</ProductID><ProductPhotoID>1</ProductPhotoID><Primary>True</Primary><ModifiedDate>2008-03-31 00:00:00</ModifiedDate></ProductProductPhoto>
<ProductProductPhoto><ProductID>456</ProductID><ProductPhotoID>1</ProductPhotoID><Primary>True</Primary><ModifiedDate>2008-03-31 00:00:00</ModifiedDate></ProductProductPhoto>
<ProductProductPhoto><ProductID>457</ProductID><ProductPhotoID>1</ProductPhotoID><Primary>True</Primary><ModifiedDate>2008-03-31 00:00:00</ModifiedDate></ProductProductPhoto>
<ProductProductPhoto><ProductID>458</ProductID><ProductPhotoID>1</ProductPhotoID><Primary>True</Primary><ModifiedDate>2008-03-31 00:00:00</ModifiedDate></ProductProductPhoto>
<ProductProductPhoto><ProductID>459</ProductID><ProductPhotoID>1</ProductPhotoID><Primary>True</Primary><ModifiedDate>2008-03-31 00:00:00</ModifiedDate></ProductProductPhoto>
<ProductProductPhoto><ProductID>460</ProductID><ProductPhotoID>1</ProductPhotoID><Primary>True</Primary><ModifiedDate>2008-03-31 00:00:00</ModifiedDate></ProductProductPhoto>
<ProductProductPhoto><ProductID>461</ProductID><ProductPhotoID>1</ProductPhotoID><Primary>True</Primary><ModifiedDate>2008-03-31 00:00:00</ModifiedDate></ProductProductPhoto>
<ProductProductPhoto><ProductID>462</ProductID><ProductPhotoID>1</ProductPhotoID><Primary>True</Primary><ModifiedDate>2008-03-31 00:00:00</ModifiedDate></ProductProductPhoto>
<ProductProductPhoto><ProductID>463</ProductID><ProductPhotoID>1</ProductPhotoID><Primary>True</Primary><ModifiedDate>2008-03-31 00:00:00</ModifiedDate></ProductProductPhoto>
<ProductProductPhoto><ProductID>464</ProductID><ProductPhotoID>1</ProductPhotoID><Primary>True</Primary><ModifiedDate>2008-03-31 00:00:00</ModifiedDate></ProductProductPhoto>
<ProductProductPhoto><ProductID>465</ProductID><ProductPhotoID>1</ProductPhotoID><Primary>True</Primary><ModifiedDate>2008-03-31 00:00:00</ModifiedDate></ProductProductPhoto>
<ProductProductPhoto><ProductID>466</ProductID><ProductPhotoID>1</ProductPhotoID><Primary>True</Primary><ModifiedDate>2008-03-31 00:00:00</ModifiedDate></ProductProductPhoto>
<ProductProductPhoto><ProductID>467</ProductID><ProductPhotoID>1</ProductPhotoID><Primary>True</Primary><ModifiedDate>2008-03-31 00:00:00</ModifiedDate></ProductProductPhoto>
<ProductProductPhoto><ProductID>468</ProductID><ProductPhotoID>1</ProductPhotoID><Primary>True</Primary><ModifiedDate>2008-03-31 00:00:00</ModifiedDate></ProductProductPhoto>
<ProductProductPhoto><ProductID>469</ProductID><ProductPhotoID>1</ProductPhotoID><Primary>True</Primary><ModifiedDate>2008-03-31 00:00:00</ModifiedDate></ProductProductPhoto>
<ProductProductPhoto><ProductID>470</ProductID><ProductPhotoID>1</ProductPhotoID><Primary>True</Primary><ModifiedDate>2008-03-31 00:00:00</ModifiedDate></ProductProductPhoto>
<ProductProductPhoto><ProductID>471</ProductID><ProductPhotoID>1</ProductPhotoID><Primary>True</Primary><ModifiedDate>2008-03-31 00:00:00</ModifiedDate></ProductProductPhoto>
<ProductProductPhoto><ProductID>472</ProductID><ProductPhotoID>1</ProductPhotoID><Primary>True</Primary><ModifiedDate>2008-03-31 00:00:00</ModifiedDate></ProductProductPhoto>
<ProductProductPhoto><ProductID>473</ProductID><ProductPhotoID>1</ProductPhotoID><Primary>True</Primary><ModifiedDate>2008-03-31 00:00:00</ModifiedDate></ProductProductPhoto>
<ProductProductPhoto><ProductID>474</ProductID><ProductPhotoID>1</ProductPhotoID><Primary>True</Primary><ModifiedDate>2008-03-31 00:00:00</ModifiedDate></ProductProductPhoto>
<ProductProductPhoto><ProductID>475</ProductID><ProductPhotoID>1</ProductPhotoID><Primary>True</Primary><ModifiedDate>2008-03-31 00:00:00</ModifiedDate></ProductProductPhoto>
<ProductProductPhoto><ProductID>476</ProductID><ProductPhotoID>1</ProductPhotoID><Primary>True</Primary><ModifiedDate>2008-03-31 00:00:00</ModifiedDate></ProductProductPhoto>
<ProductProductPhoto><ProductID>477</ProductID><ProductPhotoID>1</ProductPhotoID><Primary>True</Primary><ModifiedDate>2008-03-31 00:00:00</ModifiedDate></ProductProductPhoto>
<ProductProductPhoto><ProductID>478</ProductID><ProductPhotoID>1</ProductPhotoID><Primary>True</Primary><ModifiedDate>2008-03-31 00:00:00</ModifiedDate></ProductProductPhoto>
<ProductProductPhoto><ProductID>479</ProductID><ProductPhotoID>1</ProductPhotoID><Primary>True</Primary><ModifiedDate>2008-03-31 00:00:00</ModifiedDate></ProductProductPhoto>
<ProductProductPhoto><ProductID>480</ProductID><ProductPhotoID>1</ProductPhotoID><Primary>True</Primary><ModifiedDate>2008-03-31 00:00:00</ModifiedDate></ProductProductPhoto>
<ProductProductPhoto><ProductID>481</ProductID><ProductPhotoID>1</ProductPhotoID><Primary>True</Primary><ModifiedDate>2008-03-31 00:00:00</ModifiedDate></ProductProductPhoto>
<ProductProductPhoto><ProductID>482</ProductID><ProductPhotoID>1</ProductPhotoID><Primary>True</Primary><ModifiedDate>2008-03-31 00:00:00</ModifiedDate></ProductProductPhoto>
<ProductProductPhoto><ProductID>483</ProductID><ProductPhotoID>1</ProductPhotoID><Primary>True</Primary><ModifiedDate>2008-03-31 00:00:00</ModifiedDate></ProductProductPhoto>
<ProductProductPhoto><ProductID>484</ProductID><ProductPhotoID>1</ProductPhotoID><Primary>True</Primary><ModifiedDate>2008-03-31 00:00:00</ModifiedDate></ProductProductPhoto>
<ProductProductPhoto><ProductID>485</ProductID><ProductPhotoID>1</ProductPhotoID><Primary>True</Primary><ModifiedDate>2008-03-31 00:00:00</ModifiedDate></ProductProductPhoto>
<ProductProductPhoto><ProductID>486</ProductID><ProductPhotoID>1</ProductPhotoID><Primary>True</Primary><ModifiedDate>2008-03-31 00:00:00</ModifiedDate></ProductProductPhoto>
<ProductProductPhoto><ProductID>487</ProductID><ProductPhotoID>1</ProductPhotoID><Primary>True</Primary><ModifiedDate>2008-03-31 00:00:00</ModifiedDate></ProductProductPhoto>
<ProductProductPhoto><ProductID>488</ProductID><ProductPhotoID>1</ProductPhotoID><Primary>True</Primary><ModifiedDate>2008-03-31 00:00:00</ModifiedDate></ProductProductPhoto>
<ProductProductPhoto><ProductID>489</ProductID><ProductPhotoID>1</ProductPhotoID><Primary>True</Primary><ModifiedDate>2008-03-31 00:00:00</ModifiedDate></ProductProductPhoto>
<ProductProductPhoto><ProductID>490</ProductID><ProductPhotoID>1</ProductPhotoID><Primary>True</Primary><ModifiedDate>2008-03-31 00:00:00</ModifiedDate></ProductProductPhoto>
<ProductProductPhoto><ProductID>491</ProductID><ProductPhotoID>1</ProductPhotoID><Primary>True</Primary><ModifiedDate>2008-03-31 00:00:00</ModifiedDate></ProductProductPhoto>
<ProductProductPhoto><ProductID>492</ProductID><ProductPhotoID>1</ProductPhotoID><Primary>True</Primary><ModifiedDate>2008-03-31 00:00:00</ModifiedDate></ProductProductPhoto>
<ProductProductPhoto><ProductID>493</ProductID><ProductPhotoID>1</ProductPhotoID><Primary>True</Primary><ModifiedDate>2008-03-31 00:00:00</ModifiedDate></ProductProductPhoto>
<ProductProductPhoto><ProductID>494</ProductID><ProductPhotoID>1</ProductPhotoID><Primary>True</Primary><ModifiedDate>2008-03-31 00:00:00</ModifiedDate></ProductProductPhoto>
<ProductProductPhoto><ProductID>495</ProductID><ProductPhotoID>1</ProductPhotoID><Primary>True</Primary><ModifiedDate>2008-03-31 00:00:00</ModifiedDate></ProductProductPhoto>
<ProductProductPhoto><ProductID>496</ProductID><ProductPhotoID>1</ProductPhotoID><Primary>True</Primary><ModifiedDate>2008-03-31 00:00:00</ModifiedDate></ProductProductPhoto>
<ProductProductPhoto><ProductID>497</ProductID><ProductPhotoID>1</ProductPhotoID><Primary>True</Primary><ModifiedDate>2008-03-31 00:00:00</ModifiedDate></ProductProductPhoto>
<ProductProductPhoto><ProductID>504</ProductID><ProductPhotoID>1</ProductPhotoID><Primary>True</Primary><ModifiedDate>2008-03-31 00:00:00</ModifiedDate></ProductProductPhoto>
<ProductProductPhoto><ProductID>505</ProductID><ProductPhotoID>1</ProductPhotoID><Primary>True</Primary><ModifiedDate>2008-03-31 00:00:00</ModifiedDate></ProductProductPhoto>
<ProductProductPhoto><ProductID>506</ProductID><ProductPhotoID>1</ProductPhotoID><Primary>True</Primary><ModifiedDate>2008-03-31 00:00:00</ModifiedDate></ProductProductPhoto>
<ProductProductPhoto><ProductID>507</ProductID><ProductPhotoID>1</ProductPhotoID><Primary>True</Primary><ModifiedDate>2008-03-31 00:00:00</ModifiedDate></ProductProductPhoto>
<ProductProductPhoto><ProductID>508</ProductID><ProductPhotoID>1</ProductPhotoID><Primary>True</Primary><ModifiedDate>2008-03-31 00:00:00</ModifiedDate></ProductProductPhoto>
<ProductProductPhoto><ProductID>509</ProductID><ProductPhotoID>1</ProductPhotoID><Primary>True</Primary><ModifiedDate>2008-03-31 00:00:00</ModifiedDate></ProductProductPhoto>
<ProductProductPhoto><ProductID>510</ProductID><ProductPhotoID>1</ProductPhotoID><Primary>True</Primary><ModifiedDate>2008-03-31 00:00:00</ModifiedDate></ProductProductPhoto>
<ProductProductPhoto><ProductID>511</ProductID><ProductPhotoID>1</ProductPhotoID><Primary>True</Primary><ModifiedDate>2008-03-31 00:00:00</ModifiedDate></ProductProductPhoto>
<ProductProductPhoto><ProductID>512</ProductID><ProductPhotoID>1</ProductPhotoID><Primary>True</Primary><ModifiedDate>2008-03-31 00:00:00</ModifiedDate></ProductProductPhoto>
<ProductProductPhoto><ProductID>513</ProductID><ProductPhotoID>1</ProductPhotoID><Primary>True</Primary><ModifiedDate>2008-03-31 00:00:00</ModifiedDate></ProductProductPhoto>
<ProductProductPhoto><ProductID>514</ProductID><ProductPhotoID>1</ProductPhotoID><Primary>True</Primary><ModifiedDate>2008-03-31 00:00:00</ModifiedDate></ProductProductPhoto>
<ProductProductPhoto><ProductID>515</ProductID><ProductPhotoID>1</ProductPhotoID><Primary>True</Primary><ModifiedDate>2008-03-31 00:00:00</ModifiedDate></ProductProductPhoto>
<ProductProductPhoto><ProductID>516</ProductID><ProductPhotoID>1</ProductPhotoID><Primary>True</Primary><ModifiedDate>2008-03-31 00:00:00</ModifiedDate></ProductProductPhoto>
<ProductProductPhoto><ProductID>517</ProductID><ProductPhotoID>1</ProductPhotoID><Primary>True</Primary><ModifiedDate>2008-03-31 00:00:00</ModifiedDate></ProductProductPhoto>
<ProductProductPhoto><ProductID>518</ProductID><ProductPhotoID>1</ProductPhotoID><Primary>True</Primary><ModifiedDate>2008-03-31 00:00:00</ModifiedDate></ProductProductPhoto>
<ProductProductPhoto><ProductID>519</ProductID><ProductPhotoID>1</ProductPhotoID><Primary>True</Primary><ModifiedDate>2008-03-31 00:00:00</ModifiedDate></ProductProductPhoto>
<ProductProductPhoto><ProductID>520</ProductID><ProductPhotoID>1</ProductPhotoID><Primary>True</Primary><ModifiedDate>2008-03-31 00:00:00</ModifiedDate></ProductProductPhoto>
<ProductProductPhoto><ProductID>521</ProductID><ProductPhotoID>1</ProductPhotoID><Primary>True</Primary><ModifiedDate>2008-03-31 00:00:00</ModifiedDate></ProductProductPhoto>
<ProductProductPhoto><ProductID>522</ProductID><ProductPhotoID>1</ProductPhotoID><Primary>True</Primary><ModifiedDate>2008-03-31 00:00:00</ModifiedDate></ProductProductPhoto>
<ProductProductPhoto><ProductID>523</ProductID><ProductPhotoID>1</ProductPhotoID><Primary>True</Primary><ModifiedDate>2008-03-31 00:00:00</ModifiedDate></ProductProductPhoto>
<ProductProductPhoto><ProductID>524</ProductID><ProductPhotoID>1</ProductPhotoID><Primary>True</Primary><ModifiedDate>2008-03-31 00:00:00</ModifiedDate></ProductProductPhoto>
<ProductProductPhoto><ProductID>525</ProductID><ProductPhotoID>1</ProductPhotoID><Primary>True</Primary><ModifiedDate>2008-03-31 00:00:00</ModifiedDate></ProductProductPhoto>
<ProductProductPhoto><ProductID>526</ProductID><ProductPhotoID>1</ProductPhotoID><Primary>True</Primary><ModifiedDate>2008-03-31 00:00:00</ModifiedDate></ProductProductPhoto>
<ProductProductPhoto><ProductID>527</ProductID><ProductPhotoID>1</ProductPhotoID><Primary>True</Primary><ModifiedDate>2008-03-31 00:00:00</ModifiedDate></ProductProductPhoto>
<ProductProductPhoto><ProductID>528</ProductID><ProductPhotoID>1</ProductPhotoID><Primary>True</Primary><ModifiedDate>2008-03-31 00:00:00</ModifiedDate></ProductProductPhoto>
<ProductProductPhoto><ProductID>529</ProductID><ProductPhotoID>1</ProductPhotoID><Primary>True</Primary><ModifiedDate>2008-03-31 00:00:00</ModifiedDate></ProductProductPhoto>
<ProductProductPhoto><ProductID>530</ProductID><ProductPhotoID>1</ProductPhotoID><Primary>True</Primary><ModifiedDate>2008-03-31 00:00:00</ModifiedDate></ProductProductPhoto>
<ProductProductPhoto><ProductID>531</ProductID><ProductPhotoID>1</ProductPhotoID><Primary>True</Primary><ModifiedDate>2008-03-31 00:00:00</ModifiedDate></ProductProductPhoto>
<ProductProductPhoto><ProductID>532</ProductID><ProductPhotoID>1</ProductPhotoID><Primary>True</Primary><ModifiedDate>2008-03-31 00:00:00</ModifiedDate></ProductProductPhoto>
<ProductProductPhoto><ProductID>533</ProductID><ProductPhotoID>1</ProductPhotoID><Primary>True</Primary><ModifiedDate>2008-03-31 00:00:00</ModifiedDate></ProductProductPhoto>
<ProductProductPhoto><ProductID>534</ProductID><ProductPhotoID>1</ProductPhotoID><Primary>True</Primary><ModifiedDate>2008-03-31 00:00:00</ModifiedDate></ProductProductPhoto>
<ProductProductPhoto><ProductID>535</ProductID><ProductPhotoID>1</ProductPhotoID><Primary>True</Primary><ModifiedDate>2008-03-31 00:00:00</ModifiedDate></ProductProductPhoto>
<ProductProductPhoto><ProductID>679</ProductID><ProductPhotoID>1</ProductPhotoID><Primary>True</Primary><ModifiedDate>2008-03-31 00:00:00</ModifiedDate></ProductProductPhoto>
<ProductProductPhoto><ProductID>680</ProductID><ProductPhotoID>1</ProductPhotoID><Primary>True</Primary><ModifiedDate>2008-03-31 00:00:00</ModifiedDate></ProductProductPhoto>
<ProductProductPhoto><ProductID>706</ProductID><ProductPhotoID>1</ProductPhotoID><Primary>True</Primary><ModifiedDate>2008-03-31 00:00:00</ModifiedDate></ProductProductPhoto>
<ProductProductPhoto><ProductID>707</ProductID><ProductPhotoID>1</ProductPhotoID><Primary>True</Primary><ModifiedDate>2011-05-01 00:00:00</ModifiedDate></ProductProductPhoto>
<ProductProductPhoto><ProductID>708</ProductID><ProductPhotoID>1</ProductPhotoID><Primary>True</Primary><ModifiedDate>2011-05-01 00:00:00</ModifiedDate></ProductProductPhoto>
<ProductProductPhoto><ProductID>709</ProductID><ProductPhotoID>1</ProductPhotoID><Primary>True</Primary><ModifiedDate>2011-05-01 00:00:00</ModifiedDate></ProductProductPhoto>
<ProductProductPhoto><ProductID>710</ProductID><ProductPhotoID>1</ProductPhotoID><Primary>True</Primary><ModifiedDate>2011-05-01 00:00:00</ModifiedDate></ProductProductPhoto>
<ProductProductPhoto><ProductID>711</ProductID><ProductPhotoID>1</ProductPhotoID><Primary>True</Primary><ModifiedDate>2011-05-01 00:00:00</ModifiedDate></ProductProductPhoto>
<ProductProductPhoto><ProductID>712</ProductID><ProductPhotoID>1</ProductPhotoID><Primary>True</Primary><ModifiedDate>2011-05-01 00:00:00</ModifiedDate></ProductProductPhoto>
<ProductProductPhoto><ProductID>713</ProductID><ProductPhotoID>162</ProductPhotoID><Primary>True</Primary><ModifiedDate>2011-05-01 00:00:00</ModifiedDate></ProductProductPhoto>
<ProductProductPhoto><ProductID>714</ProductID><ProductPhotoID>162</ProductPhotoID><Primary>True</Primary><ModifiedDate>2011-05-01 00:00:00</ModifiedDate></ProductProductPhoto>
<ProductProductPhoto><ProductID>715</ProductID><ProductPhotoID>162</ProductPhotoID><Primary>True</Primary><ModifiedDate>2011-05-01 00:00:00</ModifiedDate></ProductProductPhoto>
<ProductProductPhoto><ProductID>716</ProductID><ProductPhotoID>162</ProductPhotoID><Primary>True</Primary><ModifiedDate>2011-05-01 00:00:00</ModifiedDate></ProductProductPhoto>
<ProductProductPhoto><ProductID>717</ProductID><ProductPhotoID>1</ProductPhotoID><Primary>True</Primary><ModifiedDate>2011-05-01 00:00:00</ModifiedDate></ProductProductPhoto>
<ProductProductPhoto><ProductID>718</ProductID><ProductPhotoID>1</ProductPhotoID><Primary>True</Primary><ModifiedDate>2011-05-01 00:00:00</ModifiedDate></ProductProductPhoto>
<ProductProductPhoto><ProductID>719</ProductID><ProductPhotoID>1</ProductPhotoID><Primary>True</Primary><ModifiedDate>2011-05-01 00:00:00</ModifiedDate></ProductProductPhoto>
<ProductProductPhoto><ProductID>720</ProductID><ProductPhotoID>1</ProductPhotoID><Primary>True</Primary><ModifiedDate>2011-05-01 00:00:00</ModifiedDate></ProductProductPhoto>
<ProductProductPhoto><ProductID>721</ProductID><ProductPhotoID>1</ProductPhotoID><Primary>True</Primary><ModifiedDate>2011-05-01 00:00:00</ModifiedDate></ProductProductPhoto>
<ProductProductPhoto><ProductID>722</ProductID><ProductPhotoID>1</ProductPhotoID><Primary>True</Primary><ModifiedDate>2011-05-01 00:00:00</ModifiedDate></ProductProductPhoto>
<ProductProductPhoto><ProductID>723</ProductID><ProductPhotoID>1</ProductPhotoID><Primary>True</Primary><ModifiedDate>2011-05-01 00:00:00</ModifiedDate></ProductProductPhoto>
<ProductProductPhoto><ProductID>724</ProductID><ProductPhotoID>1</ProductPhotoID><Primary>True</Primary><ModifiedDate>2011-05-01 00:00:00</ModifiedDate></ProductProductPhoto>
<ProductProductPhoto><ProductID>725</ProductID><ProductPhotoID>1</ProductPhotoID><Primary>True</Primary><ModifiedDate>2011-05-01 00:00:00</ModifiedDate></ProductProductPhoto>
<ProductProductPhoto><ProductID>726</ProductID><ProductPhotoID>1</ProductPhotoID><Primary>True</Primary><ModifiedDate>2011-05-01 00:00:00</ModifiedDate></ProductProductPhoto>
<ProductProductPhoto><ProductID>727</ProductID><ProductPhotoID>1</ProductPhotoID><Primary>True</Primary><ModifiedDate>2011-05-01 00:00:00</ModifiedDate></ProductProductPhoto>
<ProductProductPhoto><ProductID>728</ProductID><ProductPhotoID>1</ProductPhotoID><Primary>True</Primary><ModifiedDate>2011-05-01 00:00:00</ModifiedDate></ProductProductPhoto>
<ProductProductPhoto><ProductID>729</ProductID><ProductPhotoID>1</ProductPhotoID><Primary>True</Primary><ModifiedDate>2011-05-01 00:00:00</ModifiedDate></ProductProductPhoto>
<ProductProductPhoto><ProductID>730</ProductID><ProductPhotoID>1</ProductPhotoID><Primary>True</Primary><ModifiedDate>2011-05-01 00:00:00</ModifiedDate></ProductProductPhoto>
<ProductProductPhoto><ProductID>731</ProductID><ProductPhotoID>1</ProductPhotoID><Primary>True</Primary><ModifiedDate>2011-05-01 00:00:00</ModifiedDate></ProductProductPhoto>
<ProductProductPhoto><ProductID>732</ProductID><ProductPhotoID>1</ProductPhotoID><Primary>True</Primary><ModifiedDate>2011-05-01 00:00:00</ModifiedDate></ProductProductPhoto>
<ProductProductPhoto><ProductID>733</ProductID><ProductPhotoID>1</ProductPhotoID><Primary>True</Primary><ModifiedDate>2011-05-01 00:00:00</ModifiedDate></ProductProductPhoto>
<ProductProductPhoto><ProductID>734</ProductID><ProductPhotoID>1</ProductPhotoID><Primary>True</Primary><ModifiedDate>2011-05-01 00:00:00</ModifiedDate></ProductProductPhoto>
<ProductProductPhoto><ProductID>735</ProductID><ProductPhotoID>1</ProductPhotoID><Primary>True</Primary><ModifiedDate>2011-05-01 00:00:00</ModifiedDate></ProductProductPhoto>
<ProductProductPhoto><ProductID>736</ProductID><ProductPhotoID>1</ProductPhotoID><Primary>True</Primary><ModifiedDate>2011-05-01 00:00:00</ModifiedDate></ProductProductPhoto>
<ProductProductPhoto><ProductID>737</ProductID><ProductPhotoID>1</ProductPhotoID><Primary>True</Primary><ModifiedDate>2011-05-01 00:00:00</ModifiedDate></ProductProductPhoto>
<ProductProductPhoto><ProductID>738</ProductID><ProductPhotoID>1</ProductPhotoID><Primary>True</Primary><ModifiedDate>2011-05-01 00:00:00</ModifiedDate></ProductProductPhoto>
<ProductProductPhoto><ProductID>739</ProductID><ProductPhotoID>143</ProductPhotoID><Primary>True</Primary><ModifiedDate>2011-05-01 00:00:00</ModifiedDate></ProductProductPhoto>
<ProductProductPhoto><ProductID>740</ProductID><ProductPhotoID>143</ProductPhotoID><Primary>True</Primary><ModifiedDate>2011-05-01 00:00:00</ModifiedDate></ProductProductPhoto>
<ProductProductPhoto><ProductID>741</ProductID><ProductPhotoID>143</ProductPhotoID><Primary>True</Primary><ModifiedDate>2011-05-01 00:00:00</ModifiedDate></ProductProductPhoto>
<ProductProductPhoto><ProductID>742</ProductID><ProductPhotoID>143</ProductPhotoID><Primary>True</Primary><ModifiedDate>2011-05-01 00:00:00</ModifiedDate></ProductProductPhoto>
<ProductProductPhoto><ProductID>743</ProductID><ProductPhotoID>139</ProductPhotoID><Primary>True</Primary><ModifiedDate>2011-05-01 00:00:00</ModifiedDate></ProductProductPhoto>
<ProductProductPhoto><ProductID>744</ProductID><ProductPhotoID>139</ProductPhotoID><Primary>True</Primary><ModifiedDate>2011-05-01 00:00:00</ModifiedDate></ProductProductPhoto>
<ProductProductPhoto><ProductID>745</ProductID><ProductPhotoID>139</ProductPhotoID><Primary>True</Primary><ModifiedDate>2011-05-01 00:00:00</ModifiedDate></ProductProductPhoto>
<ProductProductPhoto><ProductID>746</ProductID><ProductPhotoID>139</ProductPhotoID><Primary>True</Primary><ModifiedDate>2011-05-01 00:00:00</ModifiedDate></ProductProductPhoto>
<ProductProductPhoto><ProductID>747</ProductID><ProductPhotoID>139</ProductPhotoID><Primary>True</Primary><ModifiedDate>2011-05-01 00:00:00</ModifiedDate></ProductProductPhoto>
<ProductProductPhoto><ProductID>748</ProductID><ProductPhotoID>143</ProductPhotoID><Primary>True</Primary><ModifiedDate>2011-05-01 00:00:00</ModifiedDate></ProductProductPhoto>
<ProductProductPhoto><ProductID>749</ProductID><ProductPhotoID>126</ProductPhotoID><Primary>True</Primary><ModifiedDate>2011-05-01 00:00:00</ModifiedDate></ProductProductPhoto>
<ProductProductPhoto><ProductID>750</ProductID><ProductPhotoID>126</ProductPhotoID><Primary>True</Primary><ModifiedDate>2011-05-01 00:00:00</ModifiedDate></ProductProductPhoto>
<ProductProductPhoto><ProductID>751</ProductID><ProductPhotoID>126</ProductPhotoID><Primary>True</Primary><ModifiedDate>2011-05-01 00:00:00</ModifiedDate></ProductProductPhoto>
<ProductProductPhoto><ProductID>752</ProductID><ProductPhotoID>126</ProductPhotoID><Primary>True</Primary><ModifiedDate>2011-05-01 00:00:00</ModifiedDate></ProductProductPhoto>
<ProductProductPhoto><ProductID>753</ProductID><ProductPhotoID>126</ProductPhotoID><Primary>True</Primary><ModifiedDate>2011-05-01 00:00:00</ModifiedDate></ProductProductPhoto>
<ProductProductPhoto><ProductID>754</ProductID><ProductPhotoID>111</ProductPhotoID><Primary>True</Primary><ModifiedDate>2011-05-01 00:00:00</ModifiedDate></ProductProductPhoto>
<ProductProductPhoto><ProductID>755</ProductID><ProductPhotoID>111</ProductPhotoID><Primary>True</Primary><ModifiedDate>2011-05-01 00:00:00</ModifiedDate></ProductProductPhoto>
<ProductProductPhoto><ProductID>756</ProductID><ProductPhotoID>111</ProductPhotoID><Primary>True</Primary><ModifiedDate>2011-05-01 00:00:00</ModifiedDate></ProductProductPhoto>
<ProductProductPhoto><ProductID>757</ProductID><ProductPhotoID>111</ProductPhotoID><Primary>True</Primary><ModifiedDate>2011-05-01 00:00:00</ModifiedDate></ProductProductPhoto>
<ProductProductPhoto><ProductID>758</ProductID><ProductPhotoID>111</ProductPhotoID><Primary>True</Primary><ModifiedDate>2011-05-01 00:00:00</ModifiedDate></ProductProductPhoto>
<ProductProductPhoto><ProductID>759</ProductID><ProductPhotoID>126</ProductPhotoID><Primary>True</Primary><ModifiedDate>2011-05-01 00:00:00</ModifiedDate></ProductProductPhoto>
<ProductProductPhoto><ProductID>760</ProductID><ProductPhotoID>126</ProductPhotoID><Primary>True</Primary><ModifiedDate>2011-05-01 00:00:00</ModifiedDate></ProductProductPhoto>
<ProductProductPhoto><ProductID>761</ProductID><ProductPhotoID>126</ProductPhotoID><Primary>True</Primary><ModifiedDate>2011-05-01 00:00:00</ModifiedDate></ProductProductPhoto>
<ProductProductPhoto><ProductID>762</ProductID><ProductPhotoID>126</ProductPhotoID><Primary>True</Primary><ModifiedDate>2011-05-01 00:00:00</ModifiedDate></ProductProductPhoto>
<ProductProductPhoto><ProductID>763</ProductID><ProductPhotoID>126</ProductPhotoID><Primary>True</Primary><ModifiedDate>2011-05-01 00:00:00</ModifiedDate></ProductProductPhoto>
<ProductProductPhoto><ProductID>764</ProductID><ProductPhotoID>126</ProductPhotoID><Primary>True</Primary><ModifiedDate>2011-05-01 00:00:00</ModifiedDate></ProductProductPhoto>
<ProductProductPhoto><ProductID>765</ProductID><ProductPhotoID>118</ProductPhotoID><Primary>True</Primary><ModifiedDate>2011-05-01 00:00:00</ModifiedDate></ProductProductPhoto>
<ProductProductPhoto><ProductID>766</ProductID><ProductPhotoID>118</ProductPhotoID><Primary>True</Primary><ModifiedDate>2011-05-01 00:00:00</ModifiedDate></ProductProductPhoto>
<ProductProductPhoto><ProductID>767</ProductID><ProductPhotoID>118</ProductPhotoID><Primary>True</Primary><ModifiedDate>2011-05-01 00:00:00</ModifiedDate></ProductProductPhoto>
<ProductProductPhoto><ProductID>768</ProductID><ProductPhotoID>118</ProductPhotoID><Primary>True</Primary><ModifiedDate>2011-05-01 00:00:00</ModifiedDate></ProductProductPhoto>
<ProductProductPhoto><ProductID>769</ProductID><ProductPhotoID>118</ProductPhotoID><Primary>True</Primary><ModifiedDate>2011-05-01 00:00:00</ModifiedDate></ProductProductPhoto>
<ProductProductPhoto><ProductID>770</ProductID><ProductPhotoID>118</ProductPhotoID><Primary>True</Primary><ModifiedDate>2011-05-01 00:00:00</ModifiedDate></ProductProductPhoto>
<ProductProductPhoto><ProductID>771</ProductID><ProductPhotoID>128</ProductPhotoID><Primary>True</Primary><ModifiedDate>2011-05-01 00:00:00</ModifiedDate></ProductProductPhoto>
<ProductProductPhoto><ProductID>772</ProductID><ProductPhotoID>128</ProductPhotoID><Primary>True</Primary><ModifiedDate>2011-05-01 00:00:00</ModifiedDate></ProductProductPhoto>
<ProductProductPhoto><ProductID>773</ProductID><ProductPhotoID>128</ProductPhotoID><Primary>True</Primary><ModifiedDate>2011-05-01 00:00:00</ModifiedDate></ProductProductPhoto>
<ProductProductPhoto><ProductID>774</ProductID><ProductPhotoID>128</ProductPhotoID><Primary>True</Primary><ModifiedDate>2011-05-01 00:00:00</ModifiedDate></ProductProductPhoto>
<ProductProductPhoto><ProductID>775</ProductID><ProductPhotoID>118</ProductPhotoID><Primary>True</Primary><ModifiedDate>2011-05-01 00:00:00</ModifiedDate></ProductProductPhoto>
<ProductProductPhoto><ProductID>776</ProductID><ProductPhotoID>118</ProductPhotoID><Primary>True</Primary><ModifiedDate>2011-05-01 00:00:00</ModifiedDate></ProductProductPhoto>
<ProductProductPhoto><ProductID>777</ProductID><ProductPhotoID>118</ProductPhotoID><Primary>True</Primary><ModifiedDate>2011-05-01 00:00:00</ModifiedDate></ProductProductPhoto>
<ProductProductPhoto><ProductID>778</ProductID><ProductPhotoID>118</ProductPhotoID><Primary>True</Primary><ModifiedDate>2011-05-01 00:00:00</ModifiedDate></ProductProductPhoto>
<ProductProductPhoto><ProductID>779</ProductID><ProductPhotoID>84</ProductPhotoID><Primary>True</Primary><ModifiedDate>2012-04-30 00:00:00</ModifiedDate></ProductProductPhoto>
<ProductProductPhoto><ProductID>780</ProductID><ProductPhotoID>84</ProductPhotoID><Primary>True</Primary><ModifiedDate>2012-04-30 00:00:00</ModifiedDate></ProductProductPhoto>
<ProductProductPhoto><ProductID>781</ProductID><ProductPhotoID>84</ProductPhotoID><Primary>True</Primary><ModifiedDate>2012-04-30 00:00:00</ModifiedDate></ProductProductPhoto>
<ProductProductPhoto><ProductID>782</ProductID><ProductPhotoID>78</ProductPhotoID><Primary>True</Primary><ModifiedDate>2012-04-30 00:00:00</ModifiedDate></ProductProductPhoto>
<ProductProductPhoto><ProductID>783</ProductID><ProductPhotoID>78</ProductPhotoID><Primary>True</Primary><ModifiedDate>2012-04-30 00:00:00</ModifiedDate></ProductProductPhoto>
<ProductProductPhoto><ProductID>784</ProductID><ProductPhotoID>78</ProductPhotoID><Primary>True</Primary><ModifiedDate>2012-04-30 00:00:00</ModifiedDate></ProductProductPhoto>
<ProductProductPhoto><ProductID>785</ProductID><ProductPhotoID>78</ProductPhotoID><Primary>True</Primary><ModifiedDate>2012-04-30 00:00:00</ModifiedDate></ProductProductPhoto>
<ProductProductPhoto><ProductID>786</ProductID><ProductPhotoID>78</ProductPhotoID><Primary>True</Primary><ModifiedDate>2012-04-30 00:00:00</ModifiedDate></ProductProductPhoto>
<ProductProductPhoto><ProductID>787</ProductID><ProductPhotoID>78</ProductPhotoID><Primary>True</Primary><ModifiedDate>2012-04-30 00:00:00</ModifiedDate></ProductProductPhoto>
<ProductProductPhoto><ProductID>788</ProductID><ProductPhotoID>78</ProductPhotoID><Primary>True</Primary><ModifiedDate>2012-04-30 00:00:00</ModifiedDate></ProductProductPhoto>
<ProductProductPhoto><ProductID>789</ProductID><ProductPhotoID>179</ProductPhotoID><Primary>True</Primary><ModifiedDate>2012-04-30 00:00:00</ModifiedDate></ProductProductPhoto>
<ProductProductPhoto><ProductID>790</ProductID><ProductPhotoID>179</ProductPhotoID><Primary>True</Primary><ModifiedDate>2012-04-30 00:00:00</ModifiedDate></ProductProductPhoto>
<ProductProductPhoto><ProductID>791</ProductID><ProductPhotoID>179</ProductPhotoID><Primary>True</Primary><ModifiedDate>2012-04-30 00:00:00</ModifiedDate></ProductProductPhoto>
<ProductProductPhoto><ProductID>792</ProductID><ProductPhotoID>179</ProductPhotoID><Primary>True</Primary><ModifiedDate>2012-04-30 00:00:00</ModifiedDate></ProductProductPhoto>
<ProductProductPhoto><ProductID>793</ProductID><ProductPhotoID>177</ProductPhotoID><Primary>True</Primary><ModifiedDate>2012-04-30 00:00:00</ModifiedDate></ProductProductPhoto>
<ProductProductPhoto><ProductID>794</ProductID><ProductPhotoID>177</ProductPhotoID><Primary>True</Primary><ModifiedDate>2012-04-30 00:00:00</ModifiedDate></ProductProductPhoto>
<ProductProductPhoto><ProductID>795</ProductID><ProductPhotoID>177</ProductPhotoID><Primary>True</Primary><ModifiedDate>2012-04-30 00:00:00</ModifiedDate></ProductProductPhoto>
<ProductProductPhoto><ProductID>796</ProductID><ProductPhotoID>177</ProductPhotoID><Primary>True</Primary><ModifiedDate>2012-04-30 00:00:00</ModifiedDate></ProductProductPhoto>
<ProductProductPhoto><ProductID>797</ProductID><ProductPhotoID>131</ProductPhotoID><Primary>True</Primary><ModifiedDate>2012-04-30 00:00:00</ModifiedDate></ProductProductPhoto>
<ProductProductPhoto><ProductID>798</ProductID><ProductPhotoID>131</ProductPhotoID><Primary>True</Primary><ModifiedDate>2012-04-30 00:00:00</ModifiedDate></ProductProductPhoto>
<ProductProductPhoto><ProductID>799</ProductID><ProductPhotoID>131</ProductPhotoID><Primary>True</Primary><ModifiedDate>2012-04-30 00:00:00</ModifiedDate></ProductProductPhoto>
<ProductProductPhoto><ProductID>800</ProductID><ProductPhotoID>131</ProductPhotoID><Primary>True</Primary><ModifiedDate>2012-04-30 00:00:00</ModifiedDate></ProductProductPhoto>
<ProductProductPhoto><ProductID>801</ProductID><ProductPhotoID>131</ProductPhotoID><Primary>True</Primary><ModifiedDate>2012-04-30 00:00:00</ModifiedDate></ProductProductPhoto>
<ProductProductPhoto><ProductID>802</ProductID><ProductPhotoID>138</ProductPhotoID><Primary>True</Primary><ModifiedDate>2012-04-30 00:00:00</ModifiedDate></ProductProductPhoto>
<ProductProductPhoto><ProductID>803</ProductID><ProductPhotoID>138</ProductPhotoID><Primary>True</Primary><ModifiedDate>2012-04-30 00:00:00</ModifiedDate></ProductProductPhoto>
<ProductProductPhoto><ProductID>804</ProductID><ProductPhotoID>138</ProductPhotoID><Primary>True</Primary><ModifiedDate>2012-04-30 00:00:00</ModifiedDate></ProductProductPhoto>
<ProductProductPhoto><ProductID>805</ProductID><ProductPhotoID>1</ProductPhotoID><Primary>True</Primary><ModifiedDate>2012-04-30 00:00:00</ModifiedDate></ProductProductPhoto>
<ProductProductPhoto><ProductID>806</ProductID><ProductPhotoID>1</ProductPhotoID><Primary>True</Primary><ModifiedDate>2012-04-30 00:00:00</ModifiedDate></ProductProductPhoto>
<ProductProductPhoto><ProductID>807</ProductID><ProductPhotoID>1</ProductPhotoID><Primary>True</Primary><ModifiedDate>2012-04-30 00:00:00</ModifiedDate></ProductProductPhoto>
<ProductProductPhoto><ProductID>808</ProductID><ProductPhotoID>145</ProductPhotoID><Primary>True</Primary><ModifiedDate>2012-04-30 00:00:00</ModifiedDate></ProductProductPhoto>
<ProductProductPhoto><ProductID>809</ProductID><ProductPhotoID>1</ProductPhotoID><Primary>True</Primary><ModifiedDate>2012-04-30 00:00:00</ModifiedDate></ProductProductPhoto>
<ProductProductPhoto><ProductID>810</ProductID><ProductPhotoID>1</ProductPhotoID><Primary>True</Primary><ModifiedDate>2012-04-30 00:00:00</ModifiedDate></ProductProductPhoto>
<ProductProductPhoto><ProductID>811</ProductID><ProductPhotoID>1</ProductPhotoID><Primary>True</Primary><ModifiedDate>2012-04-30 00:00:00</ModifiedDate></ProductProductPhoto>
<ProductProductPhoto><ProductID>812</ProductID><ProductPhotoID>1</ProductPhotoID><Primary>True</Primary><ModifiedDate>2012-04-30 00:00:00</ModifiedDate></ProductProductPhoto>
<ProductProductPhoto><ProductID>813</ProductID><ProductPhotoID>1</ProductPhotoID><Primary>True</Primary><ModifiedDate>2012-04-30 00:00:00</ModifiedDate></ProductProductPhoto>
<ProductProductPhoto><ProductID>814</ProductID><ProductPhotoID>1</ProductPhotoID><Primary>True</Primary><ModifiedDate>2012-04-30 00:00:00</ModifiedDate></ProductProductPhoto>
<ProductProductPhoto><ProductID>815</ProductID><ProductPhotoID>160</ProductPhotoID><Primary>True</Primary><ModifiedDate>2012-04-30 00:00:00</ModifiedDate></ProductProductPhoto>
<ProductProductPhoto><ProductID>816</ProductID><ProductPhotoID>160</ProductPhotoID><Primary>True</Primary><ModifiedDate>2012-04-30 00:00:00</ModifiedDate></ProductProductPhoto>
<ProductProductPhoto><ProductID>817</ProductID><ProductPhotoID>160</ProductPhotoID><Primary>True</Primary><ModifiedDate>2012-04-30 00:00:00</ModifiedDate></ProductProductPhoto>
<ProductProductPhoto><ProductID>818</ProductID><ProductPhotoID>160</ProductPhotoID><Primary>True</Primary><ModifiedDate>2012-04-30 00:00:00</ModifiedDate></ProductProductPhoto>
<ProductProductPhoto><ProductID>819</ProductID><ProductPhotoID>160</ProductPhotoID><Primary>True</Primary><ModifiedDate>2012-04-30 00:00:00</ModifiedDate></ProductProductPhoto>
<ProductProductPhoto><ProductID>820</ProductID><ProductPhotoID>160</ProductPhotoID><Primary>True</Primary><ModifiedDate>2012-04-30 00:00:00</ModifiedDate></ProductProductPhoto>
<ProductProductPhoto><ProductID>821</ProductID><ProductPhotoID>160</ProductPhotoID><Primary>True</Primary><ModifiedDate>2012-04-30 00:00:00</ModifiedDate></ProductProductPhoto>
<ProductProductPhoto><ProductID>822</ProductID><ProductPhotoID>1</ProductPhotoID><Primary>True</Primary><ModifiedDate>2012-04-30 00:00:00</ModifiedDate></ProductProductPhoto>
<ProductProductPhoto><ProductID>823</ProductID><ProductPhotoID>160</ProductPhotoID><Primary>True</Primary><ModifiedDate>2012-04-30 00:00:00</ModifiedDate></ProductProductPhoto>
<ProductProductPhoto><ProductID>824</ProductID><ProductPhotoID>160</ProductPhotoID><Primary>True</Primary><ModifiedDate>2012-04-30 00:00:00</ModifiedDate></ProductProductPhoto>
<ProductProductPhoto><ProductID>825</ProductID><ProductPhotoID>160</ProductPhotoID><Primary>True</Primary><ModifiedDate>2012-04-30 00:00:00</ModifiedDate></ProductProductPhoto>
<ProductProductPhoto><ProductID>826</ProductID><ProductPhotoID>160</ProductPhotoID><Primary>True</Primary><ModifiedDate>2012-04-30 00:00:00</ModifiedDate></ProductProductPhoto>
<ProductProductPhoto><ProductID>827</ProductID><ProductPhotoID>160</ProductPhotoID><Primary>True</Primary><ModifiedDate>2012-04-30 00:00:00</ModifiedDate></ProductProductPhoto>
<ProductProductPhoto><ProductID>828</ProductID><ProductPhotoID>160</ProductPhotoID><Primary>True</Primary><ModifiedDate>2012-04-30 00:00:00</ModifiedDate></ProductProductPhoto>
<ProductProductPhoto><ProductID>829</ProductID><ProductPhotoID>160</ProductPhotoID><Primary>True</Primary><ModifiedDate>2012-04-30 00:00:00</ModifiedDate></ProductProductPhoto>
<ProductProductPhoto><ProductID>830</ProductID><ProductPhotoID>1</ProductPhotoID><Primary>True</Primary><ModifiedDate>2012-04-30 00:00:00</ModifiedDate></ProductProductPhoto>
<ProductProductPhoto><ProductID>831</ProductID><ProductPhotoID>1</ProductPhotoID><Primary>True</Primary><ModifiedDate>2012-04-30 00:00:00</ModifiedDate></ProductProductPhoto>
<ProductProductPhoto><ProductID>832</ProductID><ProductPhotoID>1</ProductPhotoID><Primary>True</Primary><ModifiedDate>2012-04-30 00:00:00</ModifiedDate></ProductProductPhoto>
<ProductProductPhoto><ProductID>833</ProductID><ProductPhotoID>1</ProductPhotoID><Primary>True</Primary><ModifiedDate>2012-04-30 00:00:00</ModifiedDate></ProductProductPhoto>
<ProductProductPhoto><ProductID>834</ProductID><ProductPhotoID>1</ProductPhotoID><Primary>True</Primary><ModifiedDate>2012-04-30 00:00:00</ModifiedDate></ProductProductPhoto>
<ProductProductPhoto><ProductID>835</ProductID><ProductPhotoID>1</ProductPhotoID><Primary>True</Primary><ModifiedDate>2012-04-30 00:00:00</ModifiedDate></ProductProductPhoto>
<ProductProductPhoto><ProductID>836</ProductID><ProductPhotoID>1</ProductPhotoID><Primary>True</Primary><ModifiedDate>2012-04-30 00:00:00</ModifiedDate></ProductProductPhoto>
<ProductProductPhoto><ProductID>837</ProductID><ProductPhotoID>1</ProductPhotoID><Primary>True</Primary><ModifiedDate>2012-04-30 00:00:00</ModifiedDate></ProductProductPhoto>
<ProductProductPhoto><ProductID>838</ProductID><ProductPhotoID>1</ProductPhotoID><Primary>True</Primary><ModifiedDate>2012-04-30 00:00:00</ModifiedDate></ProductProductPhoto>
<ProductProductPhoto><ProductID>839</ProductID><ProductPhotoID>1</ProductPhotoID><Primary>True</Primary><ModifiedDate>2012-04-30 00:00:00</ModifiedDate></ProductProductPhoto>
<ProductProductPhoto><ProductID>840</ProductID><ProductPhotoID>1</ProductPhotoID><Primary>True</Primary><ModifiedDate>2012-04-30 00:00:00</ModifiedDate></ProductProductPhoto>
<ProductProductPhoto><ProductID>841</ProductID><ProductPhotoID>176</ProductPhotoID><Primary>True</Primary><ModifiedDate>2012-04-30 00:00:00</ModifiedDate></ProductProductPhoto>
<ProductProductPhoto><ProductID>842</ProductID><ProductPhotoID>1</ProductPhotoID><Primary>True</Primary><ModifiedDate>2012-04-30 00:00:00</ModifiedDate></ProductProductPhoto>
<ProductProductPhoto><ProductID>843</ProductID><ProductPhotoID>167</ProductPhotoID><Primary>True</Primary><ModifiedDate>2012-04-30 00:00:00</ModifiedDate></ProductProductPhoto>
<ProductProductPhoto><ProductID>844</ProductID><ProductPhotoID>172</ProductPhotoID><Primary>True</Primary><ModifiedDate>2012-04-30 00:00:00</ModifiedDate></ProductProductPhoto>
<ProductProductPhoto><ProductID>845</ProductID><ProductPhotoID>166</ProductPhotoID><Primary>True</Primary><ModifiedDate>2012-04-30 00:00:00</ModifiedDate></ProductProductPhoto>
<ProductProductPhoto><ProductID>846</ProductID><ProductPhotoID>156</ProductPhotoID><Primary>True</Primary><ModifiedDate>2012-04-30 00:00:00</ModifiedDate></ProductProductPhoto>
<ProductProductPhoto><ProductID>847</ProductID><ProductPhotoID>137</ProductPhotoID><Primary>True</Primary><ModifiedDate>2012-04-30 00:00:00</ModifiedDate></ProductProductPhoto>
<ProductProductPhoto><ProductID>848</ProductID><ProductPhotoID>153</ProductPhotoID><Primary>True</Primary><ModifiedDate>2012-04-30 00:00:00</ModifiedDate></ProductProductPhoto>
<ProductProductPhoto><ProductID>849</ProductID><ProductPhotoID>176</ProductPhotoID><Primary>True</Primary><ModifiedDate>2012-04-30 00:00:00</ModifiedDate></ProductProductPhoto>
<ProductProductPhoto><ProductID>850</ProductID><ProductPhotoID>176</ProductPhotoID><Primary>True</Primary><ModifiedDate>2012-04-30 00:00:00</ModifiedDate></ProductProductPhoto>
<ProductProductPhoto><ProductID>851</ProductID><ProductPhotoID>176</ProductPhotoID><Primary>True</Primary><ModifiedDate>2012-04-30 00:00:00</ModifiedDate></ProductProductPhoto>
<ProductProductPhoto><ProductID>852</ProductID><ProductPhotoID>1</ProductPhotoID><Primary>True</Primary><ModifiedDate>2012-04-30 00:00:00</ModifiedDate></ProductProductPhoto>
<ProductProductPhoto><ProductID>853</ProductID><ProductPhotoID>1</ProductPhotoID><Primary>True</Primary><ModifiedDate>2012-04-30 00:00:00</ModifiedDate></ProductProductPhoto>
<ProductProductPhoto><ProductID>854</ProductID><ProductPhotoID>1</ProductPhotoID><Primary>True</Primary><ModifiedDate>2012-04-30 00:00:00</ModifiedDate></ProductProductPhoto>
<ProductProductPhoto><ProductID>855</ProductID><ProductPhotoID>1</ProductPhotoID><Primary>True</Primary><ModifiedDate>2012-04-30 00:00:00</ModifiedDate></ProductProductPhoto>
<ProductProductPhoto><ProductID>856</ProductID><ProductPhotoID>1</ProductPhotoID><Primary>True</Primary><ModifiedDate>2012-04-30 00:00:00</ModifiedDate></ProductProductPhoto>
<ProductProductPhoto><ProductID>857</ProductID><ProductPhotoID>1</ProductPhotoID><Primary>True</Primary><ModifiedDate>2012-04-30 00:00:00</ModifiedDate></ProductProductPhoto>
<ProductProductPhoto><ProductID>858</ProductID><ProductPhotoID>1</ProductPhotoID><Primary>True</Primary><ModifiedDate>2012-04-30 00:00:00</ModifiedDate></ProductProductPhoto>
<ProductProductPhoto><ProductID>859</ProductID><ProductPhotoID>1</ProductPhotoID><Primary>True</Primary><ModifiedDate>2012-04-30 00:00:00</ModifiedDate></ProductProductPhoto>
<ProductProductPhoto><ProductID>860</ProductID><ProductPhotoID>1</ProductPhotoID><Primary>True</Primary><ModifiedDate>2012-04-30 00:00:00</ModifiedDate></ProductProductPhoto>
<ProductProductPhoto><ProductID>861</ProductID><ProductPhotoID>1</ProductPhotoID><Primary>True</Primary><ModifiedDate>2012-04-30 00:00:00</ModifiedDate></ProductProductPhoto>
<ProductProductPhoto><ProductID>862</ProductID><ProductPhotoID>1</ProductPhotoID><Primary>True</Primary><ModifiedDate>2012-04-30 00:00:00</ModifiedDate></ProductProductPhoto>
<ProductProductPhoto><ProductID>863</ProductID><ProductPhotoID>1</ProductPhotoID><Primary>True</Primary><ModifiedDate>2012-04-30 00:00:00</ModifiedDate></ProductProductPhoto>
<ProductProductPhoto><ProductID>864</ProductID><ProductPhotoID>1</ProductPhotoID><Primary>True</Primary><ModifiedDate>2013-04-30 00:00:00</ModifiedDate></ProductProductPhoto>
<ProductProductPhoto><ProductID>865</ProductID><ProductPhotoID>1</ProductPhotoID><Primary>True</Primary><ModifiedDate>2013-04-30 00:00:00</ModifiedDate></ProductProductPhoto>
<ProductProductPhoto><ProductID>866</ProductID><ProductPhotoID>1</ProductPhotoID><Primary>True</Primary><ModifiedDate>2013-04-30 00:00:00</ModifiedDate></ProductProductPhoto>
<ProductProductPhoto><ProductID>867</ProductID><ProductPhotoID>175</ProductPhotoID><Primary>True</Primary><ModifiedDate>2013-04-30 00:00:00</ModifiedDate></ProductProductPhoto>
<ProductProductPhoto><ProductID>868</ProductID><ProductPhotoID>175</ProductPhotoID><Primary>True</Primary><ModifiedDate>2013-04-30 00:00:00</ModifiedDate></ProductProductPhoto>
<ProductProductPhoto><ProductID>869</ProductID><ProductPhotoID>175</ProductPhotoID><Primary>True</Primary><ModifiedDate>2013-04-30 00:00:00</ModifiedDate></ProductProductPhoto>
<ProductProductPhoto><ProductID>870</ProductID><ProductPhotoID>159</ProductPhotoID><Primary>True</Primary><ModifiedDate>2013-04-30 00:00:00</ModifiedDate></ProductProductPhoto>
<ProductProductPhoto><ProductID>871</ProductID><ProductPhotoID>1</ProductPhotoID><Primary>True</Primary><ModifiedDate>2013-04-30 00:00:00</ModifiedDate></ProductProductPhoto>
<ProductProductPhoto><ProductID>872</ProductID><ProductPhotoID>158</ProductPhotoID><Primary>True</Primary><ModifiedDate>2013-04-30 00:00:00</ModifiedDate></ProductProductPhoto>
<ProductProductPhoto><ProductID>873</ProductID><ProductPhotoID>157</ProductPhotoID><Primary>True</Primary><ModifiedDate>2013-04-30 00:00:00</ModifiedDate></ProductProductPhoto>
<ProductProductPhoto><ProductID>874</ProductID><ProductPhotoID>1</ProductPhotoID><Primary>True</Primary><ModifiedDate>2013-04-30 00:00:00</ModifiedDate></ProductProductPhoto>
<ProductProductPhoto><ProductID>875</ProductID><ProductPhotoID>1</ProductPhotoID><Primary>True</Primary><ModifiedDate>2013-04-30 00:00:00</ModifiedDate></ProductProductPhoto>
<ProductProductPhoto><ProductID>876</ProductID><ProductPhotoID>1</ProductPhotoID><Primary>True</Primary><ModifiedDate>2013-04-30 00:00:00</ModifiedDate></ProductProductPhoto>
<ProductProductPhoto><ProductID>877</ProductID><ProductPhotoID>1</ProductPhotoID><Primary>True</Primary><ModifiedDate>2013-04-30 00:00:00</ModifiedDate></ProductProductPhoto>
<ProductProductPhoto><ProductID>878</ProductID><ProductPhotoID>1</ProductPhotoID><Primary>True</Primary><ModifiedDate>2013-04-30 00:00:00</ModifiedDate></ProductProductPhoto>
<ProductProductPhoto><ProductID>879</ProductID><ProductPhotoID>1</ProductPhotoID><Primary>True</Primary><ModifiedDate>2013-04-30 00:00:00</ModifiedDate></ProductProductPhoto>
<ProductProductPhoto><ProductID>880</ProductID><ProductPhotoID>1</ProductPhotoID><Primary>True</Primary><ModifiedDate>2013-04-30 00:00:00</ModifiedDate></ProductProductPhoto>
<ProductProductPhoto><ProductID>881</ProductID><ProductPhotoID>165</ProductPhotoID><Primary>True</Primary><ModifiedDate>2013-04-30 00:00:00</ModifiedDate></ProductProductPhoto>
<ProductProductPhoto><ProductID>882</ProductID><ProductPhotoID>165</ProductPhotoID><Primary>True</Primary><ModifiedDate>2013-04-30 00:00:00</ModifiedDate></ProductProductPhoto>
<ProductProductPhoto><ProductID>883</ProductID><ProductPhotoID>165</ProductPhotoID><Primary>True</Primary><ModifiedDate>2013-04-30 00:00:00</ModifiedDate></ProductProductPhoto>
<ProductProductPhoto><ProductID>884</ProductID><ProductPhotoID>165</ProductPhotoID><Primary>True</Primary><ModifiedDate>2013-04-30 00:00:00</ModifiedDate></ProductProductPhoto>
<ProductProductPhoto><ProductID>885</ProductID><ProductPhotoID>1</ProductPhotoID><Primary>True</Primary><ModifiedDate>2013-04-30 00:00:00</ModifiedDate></ProductProductPhoto>
<ProductProductPhoto><ProductID>886</ProductID><ProductPhotoID>141</ProductPhotoID><Primary>True</Primary><ModifiedDate>2013-04-30 00:00:00</ModifiedDate></ProductProductPhoto>
<ProductProductPhoto><ProductID>887</ProductID><ProductPhotoID>1</ProductPhotoID><Primary>True</Primary><ModifiedDate>2013-04-30 00:00:00</ModifiedDate></ProductProductPhoto>
<ProductProductPhoto><ProductID>888</ProductID><ProductPhotoID>1</ProductPhotoID><Primary>True</Primary><ModifiedDate>2013-04-30 00:00:00</ModifiedDate></ProductProductPhoto>
<ProductProductPhoto><ProductID>889</ProductID><ProductPhotoID>1</ProductPhotoID><Primary>True</Primary><ModifiedDate>2013-04-30 00:00:00</ModifiedDate></ProductProductPhoto>
<ProductProductPhoto><ProductID>890</ProductID><ProductPhotoID>1</ProductPhotoID><Primary>True</Primary><ModifiedDate>2013-04-30 00:00:00</ModifiedDate></ProductProductPhoto>
<ProductProductPhoto><ProductID>891</ProductID><ProductPhotoID>1</ProductPhotoID><Primary>True</Primary><ModifiedDate>2013-04-30 00:00:00</ModifiedDate></ProductProductPhoto>
<ProductProductPhoto><ProductID>892</ProductID><ProductPhotoID>1</ProductPhotoID><Primary>True</Primary><ModifiedDate>2013-04-30 00:00:00</ModifiedDate></ProductProductPhoto>
<ProductProductPhoto><ProductID>893</ProductID><ProductPhotoID>1</ProductPhotoID><Primary>True</Primary><ModifiedDate>2013-04-30 00:00:00</ModifiedDate></ProductProductPhoto>
<ProductProductPhoto><ProductID>894</ProductID><ProductPhotoID>154</ProductPhotoID><Primary>True</Primary><ModifiedDate>2013-04-30 00:00:00</ModifiedDate></ProductProductPhoto>
<ProductProductPhoto><ProductID>895</ProductID><ProductPhotoID>1</ProductPhotoID><Primary>True</Primary><ModifiedDate>2013-04-30 00:00:00</ModifiedDate></ProductProductPhoto>
<ProductProductPhoto><ProductID>896</ProductID><ProductPhotoID>1</ProductPhotoID><Primary>True</Primary><ModifiedDate>2013-04-30 00:00:00</ModifiedDate></ProductProductPhoto>
<ProductProductPhoto><ProductID>897</ProductID><ProductPhotoID>1</ProductPhotoID><Primary>True</Primary><ModifiedDate>2013-04-30 00:00:00</ModifiedDate></ProductProductPhoto>
<ProductProductPhoto><ProductID>898</ProductID><ProductPhotoID>1</ProductPhotoID><Primary>True</Primary><ModifiedDate>2013-04-30 00:00:00</ModifiedDate></ProductProductPhoto>
<ProductProductPhoto><ProductID>899</ProductID><ProductPhotoID>141</ProductPhotoID><Primary>True</Primary><ModifiedDate>2013-04-30 00:00:00</ModifiedDate></ProductProductPhoto>
<ProductProductPhoto><ProductID>900</ProductID><ProductPhotoID>141</ProductPhotoID><Primary>True</Primary><ModifiedDate>2013-04-30 00:00:00</ModifiedDate></ProductProductPhoto>
<ProductProductPhoto><ProductID>901</ProductID><ProductPhotoID>141</ProductPhotoID><Primary>True</Primary><ModifiedDate>2013-04-30 00:00:00</ModifiedDate></ProductProductPhoto>
<ProductProductPhoto><ProductID>902</ProductID><ProductPhotoID>141</ProductPhotoID><Primary>True</Primary><ModifiedDate>2013-04-30 00:00:00</ModifiedDate></ProductProductPhoto>
<ProductProductPhoto><ProductID>903</ProductID><ProductPhotoID>1</ProductPhotoID><Primary>True</Primary><ModifiedDate>2013-04-30 00:00:00</ModifiedDate></ProductProductPhoto>
<ProductProductPhoto><ProductID>904</ProductID><ProductPhotoID>1</ProductPhotoID><Primary>True</Primary><ModifiedDate>2013-04-30 00:00:00</ModifiedDate></ProductProductPhoto>
<ProductProductPhoto><ProductID>905</ProductID><ProductPhotoID>1</ProductPhotoID><Primary>True</Primary><ModifiedDate>2013-04-30 00:00:00</ModifiedDate></ProductProductPhoto>
<ProductProductPhoto><ProductID>906</ProductID><ProductPhotoID>1</ProductPhotoID><Primary>True</Primary><ModifiedDate>2013-04-30 00:00:00</ModifiedDate></ProductProductPhoto>
<ProductProductPhoto><ProductID>907</ProductID><ProductPhotoID>1</ProductPhotoID><Primary>True</Primary><ModifiedDate>2013-04-30 00:00:00</ModifiedDate></ProductProductPhoto>
<ProductProductPhoto><ProductID>908</ProductID><ProductPhotoID>149</ProductPhotoID><Primary>True</Primary><ModifiedDate>2013-04-30 00:00:00</ModifiedDate></ProductProductPhoto>
<ProductProductPhoto><ProductID>909</ProductID><ProductPhotoID>1</ProductPhotoID><Primary>True</Primary><ModifiedDate>2013-04-30 00:00:00</ModifiedDate></ProductProductPhoto>
<ProductProductPhoto><ProductID>910</ProductID><ProductPhotoID>1</ProductPhotoID><Primary>True</Primary><ModifiedDate>2013-04-30 00:00:00</ModifiedDate></ProductProductPhoto>
<ProductProductPhoto><ProductID>911</ProductID><ProductPhotoID>1</ProductPhotoID><Primary>True</Primary><ModifiedDate>2013-04-30 00:00:00</ModifiedDate></ProductProductPhoto>
<ProductProductPhoto><ProductID>912</ProductID><ProductPhotoID>1</ProductPhotoID><Primary>True</Primary><ModifiedDate>2013-04-30 00:00:00</ModifiedDate></ProductProductPhoto>
<ProductProductPhoto><ProductID>913</ProductID><ProductPhotoID>1</ProductPhotoID><Primary>True</Primary><ModifiedDate>2013-04-30 00:00:00</ModifiedDate></ProductProductPhoto>
<ProductProductPhoto><ProductID>914</ProductID><ProductPhotoID>1</ProductPhotoID><Primary>True</Primary><ModifiedDate>2013-04-30 00:00:00</ModifiedDate></ProductProductPhoto>
<ProductProductPhoto><ProductID>915</ProductID><ProductPhotoID>1</ProductPhotoID><Primary>True</Primary><ModifiedDate>2013-04-30 00:00:00</ModifiedDate></ProductProductPhoto>
<ProductProductPhoto><ProductID>916</ProductID><ProductPhotoID>1</ProductPhotoID><Primary>True</Primary><ModifiedDate>2013-04-30 00:00:00</ModifiedDate></ProductProductPhoto>
<ProductProductPhoto><ProductID>917</ProductID><ProductPhotoID>1</ProductPhotoID><Primary>True</Primary><ModifiedDate>2013-04-30 00:00:00</ModifiedDate></ProductProductPhoto>
<ProductProductPhoto><ProductID>918</ProductID><ProductPhotoID>1</ProductPhotoID><Primary>True</Primary><ModifiedDate>2013-04-30 00:00:00</ModifiedDate></ProductProductPhoto>
<ProductProductPhoto><ProductID>919</ProductID><ProductPhotoID>1</ProductPhotoID><Primary>True</Primary><ModifiedDate>2013-04-30 00:00:00</ModifiedDate></ProductProductPhoto>
<ProductProductPhoto><ProductID>920</ProductID><ProductPhotoID>1</ProductPhotoID><Primary>True</Primary><ModifiedDate>2013-04-30 00:00:00</ModifiedDate></ProductProductPhoto>
<ProductProductPhoto><ProductID>921</ProductID><ProductPhotoID>1</ProductPhotoID><Primary>True</Primary><ModifiedDate>2013-04-30 00:00:00</ModifiedDate></ProductProductPhoto>
<ProductProductPhoto><ProductID>922</ProductID><ProductPhotoID>1</ProductPhotoID><Primary>True</Primary><ModifiedDate>2013-04-30 00:00:00</ModifiedDate></ProductProductPhoto>
<ProductProductPhoto><ProductID>923</ProductID><ProductPhotoID>173</ProductPhotoID><Primary>True</Primary><ModifiedDate>2013-04-30 00:00:00</ModifiedDate></ProductProductPhoto>
<ProductProductPhoto><ProductID>924</ProductID><ProductPhotoID>1</ProductPhotoID><Primary>True</Primary><ModifiedDate>2013-04-30 00:00:00</ModifiedDate></ProductProductPhoto>
<ProductProductPhoto><ProductID>925</ProductID><ProductPhotoID>1</ProductPhotoID><Primary>True</Primary><ModifiedDate>2013-04-30 00:00:00</ModifiedDate></ProductProductPhoto>
<ProductProductPhoto><ProductID>926</ProductID><ProductPhotoID>1</ProductPhotoID><Primary>True</Primary><ModifiedDate>2013-04-30 00:00:00</ModifiedDate></ProductProductPhoto>
<ProductProductPhoto><ProductID>927</ProductID><ProductPhotoID>1</ProductPhotoID><Primary>True</Primary><ModifiedDate>2013-04-30 00:00:00</ModifiedDate></ProductProductPhoto>
<ProductProductPhoto><ProductID>928</ProductID><ProductPhotoID>1</ProductPhotoID><Primary>True</Primary><ModifiedDate>2013-04-30 00:00:00</ModifiedDate></ProductProductPhoto>
<ProductProductPhoto><ProductID>929</ProductID><ProductPhotoID>1</ProductPhotoID><Primary>True</Primary><ModifiedDate>2013-04-30 00:00:00</ModifiedDate></ProductProductPhoto>
<ProductProductPhoto><ProductID>930</ProductID><ProductPhotoID>146</ProductPhotoID><Primary>True</Primary><ModifiedDate>2013-04-30 00:00:00</ModifiedDate></ProductProductPhoto>
<ProductProductPhoto><ProductID>931</ProductID><ProductPhotoID>1</ProductPhotoID><Primary>True</Primary><ModifiedDate>2013-04-30 00:00:00</ModifiedDate></ProductProductPhoto>
<ProductProductPhoto><ProductID>932</ProductID><ProductPhotoID>1</ProductPhotoID><Primary>True</Primary><ModifiedDate>2013-04-30 00:00:00</ModifiedDate></ProductProductPhoto>
<ProductProductPhoto><ProductID>933</ProductID><ProductPhotoID>155</ProductPhotoID><Primary>True</Primary><ModifiedDate>2013-04-30 00:00:00</ModifiedDate></ProductProductPhoto>
<ProductProductPhoto><ProductID>934</ProductID><ProductPhotoID>1</ProductPhotoID><Primary>True</Primary><ModifiedDate>2013-04-30 00:00:00</ModifiedDate></ProductProductPhoto>
<ProductProductPhoto><ProductID>935</ProductID><ProductPhotoID>147</ProductPhotoID><Primary>True</Primary><ModifiedDate>2013-04-30 00:00:00</ModifiedDate></ProductProductPhoto>
<ProductProductPhoto><ProductID>936</ProductID><ProductPhotoID>147</ProductPhotoID><Primary>True</Primary><ModifiedDate>2013-04-30 00:00:00</ModifiedDate></ProductProductPhoto>
<ProductProductPhoto><ProductID>937</ProductID><ProductPhotoID>147</ProductPhotoID><Primary>True</Primary><ModifiedDate>2013-04-30 00:00:00</ModifiedDate></ProductProductPhoto>
<ProductProductPhoto><ProductID>938</ProductID><ProductPhotoID>135</ProductPhotoID><Primary>True</Primary><ModifiedDate>2013-04-30 00:00:00</ModifiedDate></ProductProductPhoto>
<ProductProductPhoto><ProductID>939</ProductID><ProductPhotoID>135</ProductPhotoID><Primary>True</Primary><ModifiedDate>2013-04-30 00:00:00</ModifiedDate></ProductProductPhoto>
<ProductProductPhoto><ProductID>940</ProductID><ProductPhotoID>135</ProductPhotoID><Primary>True</Primary><ModifiedDate>2013-04-30 00:00:00</ModifiedDate></ProductProductPhoto>
<ProductProductPhoto><ProductID>941</ProductID><ProductPhotoID>135</ProductPhotoID><Primary>True</Primary><ModifiedDate>2013-04-30 00:00:00</ModifiedDate></ProductProductPhoto>
<ProductProductPhoto><ProductID>942</ProductID><ProductPhotoID>1</ProductPhotoID><Primary>True</Primary><ModifiedDate>2013-04-30 00:00:00</ModifiedDate></ProductProductPhoto>
<ProductProductPhoto><ProductID>943</ProductID><ProductPhotoID>1</ProductPhotoID><Primary>True</Primary><ModifiedDate>2013-04-30 00:00:00</ModifiedDate></ProductProductPhoto>
<ProductProductPhoto><ProductID>944</ProductID><ProductPhotoID>1</ProductPhotoID><Primary>True</Primary><ModifiedDate>2013-04-30 00:00:00</ModifiedDate></ProductProductPhoto>
<ProductProductPhoto><ProductID>945</ProductID><ProductPhotoID>1</ProductPhotoID><Primary>True</Primary><ModifiedDate>2013-04-30 00:00:00</ModifiedDate></ProductProductPhoto>
<ProductProductPhoto><ProductID>946</ProductID><ProductPhotoID>1</ProductPhotoID><Primary>True</Primary><ModifiedDate>2013-04-30 00:00:00</ModifiedDate></ProductProductPhoto>
<ProductProductPhoto><ProductID>947</ProductID><ProductPhotoID>1</ProductPhotoID><Primary>True</Primary><ModifiedDate>2013-04-30 00:00:00</ModifiedDate></ProductProductPhoto>
<ProductProductPhoto><ProductID>948</ProductID><ProductPhotoID>1</ProductPhotoID><Primary>True</Primary><ModifiedDate>2013-04-30 00:00:00</ModifiedDate></ProductProductPhoto>
<ProductProductPhoto><ProductID>949</ProductID><ProductPhotoID>1</ProductPhotoID><Primary>True</Primary><ModifiedDate>2013-04-30 00:00:00</ModifiedDate></ProductProductPhoto>
<ProductProductPhoto><ProductID>950</ProductID><ProductPhotoID>1</ProductPhotoID><Primary>True</Primary><ModifiedDate>2013-04-30 00:00:00</ModifiedDate></ProductProductPhoto>
<ProductProductPhoto><ProductID>951</ProductID><ProductPhotoID>1</ProductPhotoID><Primary>True</Primary><ModifiedDate>2013-04-30 00:00:00</ModifiedDate></ProductProductPhoto>
<ProductProductPhoto><ProductID>952</ProductID><ProductPhotoID>150</ProductPhotoID><Primary>True</Primary><ModifiedDate>2013-04-30 00:00:00</ModifiedDate></ProductProductPhoto>
<ProductProductPhoto><ProductID>953</ProductID><ProductPhotoID>87</ProductPhotoID><Primary>True</Primary><ModifiedDate>2013-04-30 00:00:00</ModifiedDate></ProductProductPhoto>
<ProductProductPhoto><ProductID>954</ProductID><ProductPhotoID>99</ProductPhotoID><Primary>True</Primary><ModifiedDate>2013-04-30 00:00:00</ModifiedDate></ProductProductPhoto>
<ProductProductPhoto><ProductID>955</ProductID><ProductPhotoID>99</ProductPhotoID><Primary>True</Primary><ModifiedDate>2013-04-30 00:00:00</ModifiedDate></ProductProductPhoto>
<ProductProductPhoto><ProductID>956</ProductID><ProductPhotoID>99</ProductPhotoID><Primary>True</Primary><ModifiedDate>2013-04-30 00:00:00</ModifiedDate></ProductProductPhoto>
<ProductProductPhoto><ProductID>957</ProductID><ProductPhotoID>99</ProductPhotoID><Primary>True</Primary><ModifiedDate>2013-04-30 00:00:00</ModifiedDate></ProductProductPhoto>
<ProductProductPhoto><ProductID>958</ProductID><ProductPhotoID>87</ProductPhotoID><Primary>True</Primary><ModifiedDate>2013-04-30 00:00:00</ModifiedDate></ProductProductPhoto>
<ProductProductPhoto><ProductID>959</ProductID><ProductPhotoID>87</ProductPhotoID><Primary>True</Primary><ModifiedDate>2013-04-30 00:00:00</ModifiedDate></ProductProductPhoto>
<ProductProductPhoto><ProductID>960</ProductID><ProductPhotoID>87</ProductPhotoID><Primary>True</Primary><ModifiedDate>2013-04-30 00:00:00</ModifiedDate></ProductProductPhoto>
<ProductProductPhoto><ProductID>961</ProductID><ProductPhotoID>99</ProductPhotoID><Primary>True</Primary><ModifiedDate>2013-04-30 00:00:00</ModifiedDate></ProductProductPhoto>
<ProductProductPhoto><ProductID>962</ProductID><ProductPhotoID>99</ProductPhotoID><Primary>True</Primary><ModifiedDate>2013-04-30 00:00:00</ModifiedDate></ProductProductPhoto>
<ProductProductPhoto><ProductID>963</ProductID><ProductPhotoID>99</ProductPhotoID><Primary>True</Primary><ModifiedDate>2013-04-30 00:00:00</ModifiedDate></ProductProductPhoto>
<ProductProductPhoto><ProductID>964</ProductID><ProductPhotoID>99</ProductPhotoID><Primary>True</Primary><ModifiedDate>2013-04-30 00:00:00</ModifiedDate></ProductProductPhoto>
<ProductProductPhoto><ProductID>965</ProductID><ProductPhotoID>99</ProductPhotoID><Primary>True</Primary><ModifiedDate>2013-04-30 00:00:00</ModifiedDate></ProductProductPhoto>
<ProductProductPhoto><ProductID>966</ProductID><ProductPhotoID>87</ProductPhotoID><Primary>True</Primary><ModifiedDate>2013-04-30 00:00:00</ModifiedDate></ProductProductPhoto>
<ProductProductPhoto><ProductID>967</ProductID><ProductPhotoID>87</ProductPhotoID><Primary>True</Primary><ModifiedDate>2013-04-30 00:00:00</ModifiedDate></ProductProductPhoto>
<ProductProductPhoto><ProductID>968</ProductID><ProductPhotoID>87</ProductPhotoID><Primary>True</Primary><ModifiedDate>2013-04-30 00:00:00</ModifiedDate></ProductProductPhoto>
<ProductProductPhoto><ProductID>969</ProductID><ProductPhotoID>87</ProductPhotoID><Primary>True</Primary><ModifiedDate>2013-04-30 00:00:00</ModifiedDate></ProductProductPhoto>
<ProductProductPhoto><ProductID>970</ProductID><ProductPhotoID>87</ProductPhotoID><Primary>True</Primary><ModifiedDate>2013-04-30 00:00:00</ModifiedDate></ProductProductPhoto>
<ProductProductPhoto><ProductID>971</ProductID><ProductPhotoID>87</ProductPhotoID><Primary>True</Primary><ModifiedDate>2013-04-30 00:00:00</ModifiedDate></ProductProductPhoto>
<ProductProductPhoto><ProductID>972</ProductID><ProductPhotoID>87</ProductPhotoID><Primary>True</Primary><ModifiedDate>2013-04-30 00:00:00</ModifiedDate></ProductProductPhoto>
<ProductProductPhoto><ProductID>973</ProductID><ProductPhotoID>113</ProductPhotoID><Primary>True</Primary><ModifiedDate>2013-04-30 00:00:00</ModifiedDate></ProductProductPhoto>
<ProductProductPhoto><ProductID>974</ProductID><ProductPhotoID>113</ProductPhotoID><Primary>True</Primary><ModifiedDate>2013-04-30 00:00:00</ModifiedDate></ProductProductPhoto>
<ProductProductPhoto><ProductID>975</ProductID><ProductPhotoID>113</ProductPhotoID><Primary>True</Primary><ModifiedDate>2013-04-30 00:00:00</ModifiedDate></ProductProductPhoto>
<ProductProductPhoto><ProductID>976</ProductID><ProductPhotoID>113</ProductPhotoID><Primary>True</Primary><ModifiedDate>2013-04-30 00:00:00</ModifiedDate></ProductProductPhoto>
<ProductProductPhoto><ProductID>977</ProductID><ProductPhotoID>102</ProductPhotoID><Primary>True</Primary><ModifiedDate>2013-04-30 00:00:00</ModifiedDate></ProductProductPhoto>
<ProductProductPhoto><ProductID>978</ProductID><ProductPhotoID>87</ProductPhotoID><Primary>True</Primary><ModifiedDate>2013-04-30 00:00:00</ModifiedDate></ProductProductPhoto>
<ProductProductPhoto><ProductID>979</ProductID><ProductPhotoID>87</ProductPhotoID><Primary>True</Primary><ModifiedDate>2013-04-30 00:00:00</ModifiedDate></ProductProductPhoto>
<ProductProductPhoto><ProductID>980</ProductID><ProductPhotoID>80</ProductPhotoID><Primary>True</Primary><ModifiedDate>2013-04-30 00:00:00</ModifiedDate></ProductProductPhoto>
<ProductProductPhoto><ProductID>981</ProductID><ProductPhotoID>80</ProductPhotoID><Primary>True</Primary><ModifiedDate>2013-04-30 00:00:00</ModifiedDate></ProductProductPhoto>
<ProductProductPhoto><ProductID>982</ProductID><ProductPhotoID>80</ProductPhotoID><Primary>True</Primary><ModifiedDate>2013-04-30 00:00:00</ModifiedDate></ProductProductPhoto>
<ProductProductPhoto><ProductID>983</ProductID><ProductPhotoID>80</ProductPhotoID><Primary>True</Primary><ModifiedDate>2013-04-30 00:00:00</ModifiedDate></ProductProductPhoto>
<ProductProductPhoto><ProductID>984</ProductID><ProductPhotoID>1</ProductPhotoID><Primary>True</Primary><ModifiedDate>2013-04-30 00:00:00</ModifiedDate></ProductProductPhoto>
<ProductProductPhoto><ProductID>985</ProductID><ProductPhotoID>1</ProductPhotoID><Primary>True</Primary><ModifiedDate>2013-04-30 00:00:00</ModifiedDate></ProductProductPhoto>
<ProductProductPhoto><ProductID>986</ProductID><ProductPhotoID>1</ProductPhotoID><Primary>True</Primary><ModifiedDate>2013-04-30 00:00:00</ModifiedDate></ProductProductPhoto>
<ProductProductPhoto><ProductID>987</ProductID><ProductPhotoID>1</ProductPhotoID><Primary>True</Primary><ModifiedDate>2013-04-30 00:00:00</ModifiedDate></ProductProductPhoto>
<ProductProductPhoto><ProductID>988</ProductID><ProductPhotoID>1</ProductPhotoID><Primary>True</Primary><ModifiedDate>2013-04-30 00:00:00</ModifiedDate></ProductProductPhoto>
<ProductProductPhoto><ProductID>989</ProductID><ProductPhotoID>1</ProductPhotoID><Primary>True</Primary><ModifiedDate>2013-04-30 00:00:00</ModifiedDate></ProductProductPhoto>
<ProductProductPhoto><ProductID>990</ProductID><ProductPhotoID>1</ProductPhotoID><Primary>True</Primary><ModifiedDate>2013-04-30 00:00:00</ModifiedDate></ProductProductPhoto>
<ProductProductPhoto><ProductID>991</ProductID><ProductPhotoID>1</ProductPhotoID><Primary>True</Primary><ModifiedDate>2013-04-30 00:00:00</ModifiedDate></ProductProductPhoto>
<ProductProductPhoto><ProductID>992</ProductID><ProductPhotoID>1</ProductPhotoID><Primary>True</Primary><ModifiedDate>2013-04-30 00:00:00</ModifiedDate></ProductProductPhoto>
<ProductProductPhoto><ProductID>993</ProductID><ProductPhotoID>1</ProductPhotoID><Primary>True</Primary><ModifiedDate>2013-04-30 00:00:00</ModifiedDate></ProductProductPhoto>
<ProductProductPhoto><ProductID>994</ProductID><ProductPhotoID>1</ProductPhotoID><Primary>True</Primary><ModifiedDate>2013-04-30 00:00:00</ModifiedDate></ProductProductPhoto>
<ProductProductPhoto><ProductID>995</ProductID><ProductPhotoID>1</ProductPhotoID><Primary>True</Primary><ModifiedDate>2013-04-30 00:00:00</ModifiedDate></ProductProductPhoto>
<ProductProductPhoto><ProductID>996</ProductID><ProductPhotoID>1</ProductPhotoID><Primary>True</Primary><ModifiedDate>2013-04-30 00:00:00</ModifiedDate></ProductProductPhoto>
<ProductProductPhoto><ProductID>997</ProductID><ProductPhotoID>102</ProductPhotoID><Primary>True</Primary><ModifiedDate>2013-04-30 00:00:00</ModifiedDate></ProductProductPhoto>
<ProductProductPhoto><ProductID>998</ProductID><ProductPhotoID>102</ProductPhotoID><Primary>True</Primary><ModifiedDate>2013-04-30 00:00:00</ModifiedDate></ProductProductPhoto>
<ProductProductPhoto><ProductID>999</ProductID><ProductPhotoID>102</ProductPhotoID><Primary>True</Primary><ModifiedDate>2013-04-30 00:00:00</ModifiedDate></ProductProductPhoto>
</DataTable>
