<DataTable>
<ProductSubcategory><ProductSubcategoryID>1</ProductSubcategoryID><ProductCategoryID>1</ProductCategoryID><Name>Mountain Bikes</Name><ModifiedDate>2008-04-30 00:00:00</ModifiedDate></ProductSubcategory>
<ProductSubcategory><ProductSubcategoryID>2</ProductSubcategoryID><ProductCategoryID>1</ProductCategoryID><Name>Road Bikes</Name><ModifiedDate>2008-04-30 00:00:00</ModifiedDate></ProductSubcategory>
<ProductSubcategory><ProductSubcategoryID>3</ProductSubcategoryID><ProductCategoryID>1</ProductCategoryID><Name>Touring Bikes</Name><ModifiedDate>2008-04-30 00:00:00</ModifiedDate></ProductSubcategory>
<ProductSubcategory><ProductSubcategoryID>4</ProductSubcategoryID><ProductCategoryID>2</ProductCategoryID><Name>Handlebars</Name><ModifiedDate>2008-04-30 00:00:00</ModifiedDate></ProductSubcategory>
<ProductSubcategory><ProductSubcategoryID>5</ProductSubcategoryID><ProductCategoryID>2</ProductCategoryID><Name>Bottom Brackets</Name><ModifiedDate>2008-04-30 00:00:00</ModifiedDate></ProductSubcategory>
<ProductSubcategory><ProductSubcategoryID>6</ProductSubcategoryID><ProductCategoryID>2</ProductCategoryID><Name>Brakes</Name><ModifiedDate>2008-04-30 00:00:00</ModifiedDate></ProductSubcategory>
<ProductSubcategory><ProductSubcategoryID>7</ProductSubcategoryID><ProductCategoryID>2</ProductCategoryID><Name>Chains</Name><ModifiedDate>2008-04-30 00:00:00</ModifiedDate></ProductSubcategory>
<ProductSubcategory><ProductSubcategoryID>8</ProductSubcategoryID><ProductCategoryID>2</ProductCategoryID><Name>Cranksets</Name><ModifiedDate>2008-04-30 00:00:00</ModifiedDate></ProductSubcategory>
<ProductSubcategory><ProductSubcategoryID>9</ProductSubcategoryID><ProductCategoryID>2</ProductCategoryID><Name>Derailleurs</Name><ModifiedDate>2008-04-30 00:00:00</ModifiedDate></ProductSubcategory>
<ProductSubcategory><ProductSubcategoryID>10</ProductSubcategoryID><ProductCategoryID>2</ProductCategoryID><Name>Forks</Name><ModifiedDate>2008-04-30 00:00:00</ModifiedDate></ProductSubcategory>
<ProductSubcategory><ProductSubcategoryID>11</ProductSubcategoryID><ProductCategoryID>2</ProductCategoryID><Name>Headsets</Name><ModifiedDate>2008-04-30 00:00:00</ModifiedDate></ProductSubcategory>
<ProductSubcategory><ProductSubcategoryID>12</ProductSubcategoryID><ProductCategoryID>2</ProductCategoryID><Name>Mountain Frames</Name><ModifiedDate>2008-04-30 00:00:00</ModifiedDate></ProductSubcategory>
<ProductSubcategory><ProductSubcategoryID>13</ProductSubcategoryID><ProductCategoryID>2</ProductCategoryID><Name>Pedals</Name><ModifiedDate>2008-04-30 00:00:00</ModifiedDate></ProductSubcategory>
<ProductSubcategory><ProductSubcategoryID>14</ProductSubcategoryID><ProductCategoryID>2</ProductCategoryID><Name>Road Frames</Name><ModifiedDate>2008-04-30 00:00:00</ModifiedDate></ProductSubcategory>
<ProductSubcategory><ProductSubcategoryID>15</ProductSubcategoryID><ProductCategoryID>2</ProductCategoryID><Name>Saddles</Name><ModifiedDate>2008-04-30 00:00:00</ModifiedDate></ProductSubcategory>
<ProductSubcategory><ProductSubcategoryID>16</ProductSubcategoryID><ProductCategoryID>2</ProductCategoryID><Name>Touring Frames</Name><ModifiedDate>2008-04-30 00:00:00</ModifiedDate></ProductSubcategory>
<ProductSubcategory><ProductSubcategoryID>17</ProductSubcategoryID><ProductCategoryID>2</ProductCategoryID><Name>Wheels</Name><ModifiedDate>2008-04-30 00:00:00</ModifiedDate></ProductSubcategory>
<ProductSubcategory><ProductSubcategoryID>18</ProductSubcategoryID><ProductCategoryID>3</ProductCategoryID><Name>Bib-Shorts</Name><ModifiedDate>2008-04-30 00:00:00</ModifiedDate></ProductSubcategory>
<ProductSubcategory><ProductSubcategoryID>19</ProductSubcategoryID><ProductCategoryID>3</ProductCategoryID><Name>Caps</Name><ModifiedDate>2008-04-30 00:00:00</ModifiedDate></ProductSubcategory>
<ProductSubcategory><ProductSubcategoryID>20</ProductSubcategoryID><ProductCategoryID>3</ProductCategoryID><Name>Gloves</Name><ModifiedDate>2008-04-30 00:00:00</ModifiedDate></ProductSubcategory>
<ProductSubcategory><ProductSubcategoryID>21</ProductSubcategoryID><ProductCategoryID>3</ProductCategoryID><Name>Jerseys</Name><ModifiedDate>2008-04-30 00:00:00</ModifiedDate></ProductSubcategory>
<ProductSubcategory><ProductSubcategoryID>22</ProductSubcategoryID><ProductCategoryID>3</ProductCategoryID><Name>Shorts</Name><ModifiedDate>2008-04-30 00:00:00</ModifiedDate></ProductSubcategory>
<ProductSubcategory><ProductSubcategoryID>23</ProductSubcategoryID><ProductCategoryID>3</ProductCategoryID><Name>Socks</Name><ModifiedDate>2008-04-30 00:00:00</ModifiedDate></ProductSubcategory>
<ProductSubcategory><ProductSubcategoryID>24</ProductSubcategoryID><ProductCategoryID>3</ProductCategoryID><Name>Tights</Name><ModifiedDate>2008-04-30 00:00:00</ModifiedDate></ProductSubcategory>
<ProductSubcategory><ProductSubcategoryID>25</ProductSubcategoryID><ProductCategoryID>3</ProductCategoryID><Name>Vests</Name><ModifiedDate>2008-04-30 00:00:00</ModifiedDate></ProductSubcategory>
<ProductSubcategory><ProductSubcategoryID>26</ProductSubcategoryID><ProductCategoryID>4</ProductCategoryID><Name>Bike Racks</Name><ModifiedDate>2008-04-30 00:00:00</ModifiedDate></ProductSubcategory>
<ProductSubcategory><ProductSubcategoryID>27</ProductSubcategoryID><ProductCategoryID>4</ProductCategoryID><Name>Bike Stands</Name><ModifiedDate>2008-04-30 00:00:00</ModifiedDate></ProductSubcategory>
<ProductSubcategory><ProductSubcategoryID>28</ProductSubcategoryID><ProductCategoryID>4</ProductCategoryID><Name>Bottles and Cages</Name><ModifiedDate>2008-04-30 00:00:00</ModifiedDate></ProductSubcategory>
<ProductSubcategory><ProductSubcategoryID>29</ProductSubcategoryID><ProductCategoryID>4</ProductCategoryID><Name>Cleaners</Name><ModifiedDate>2008-04-30 00:00:00</ModifiedDate></ProductSubcategory>
<ProductSubcategory><ProductSubcategoryID>30</ProductSubcategoryID><ProductCategoryID>4</ProductCategoryID><Name>Fenders</Name><ModifiedDate>2008-04-30 00:00:00</ModifiedDate></ProductSubcategory>
<ProductSubcategory><ProductSubcategoryID>31</ProductSubcategoryID><ProductCategoryID>4</ProductCategoryID><Name>Helmets</Name><ModifiedDate>2008-04-30 00:00:00</ModifiedDate></ProductSubcategory>
<ProductSubcategory><ProductSubcategoryID>32</ProductSubcategoryID><ProductCategoryID>4</ProductCategoryID><Name>Hydration Packs</Name><ModifiedDate>2008-04-30 00:00:00</ModifiedDate></ProductSubcategory>
<ProductSubcategory><ProductSubcategoryID>33</ProductSubcategoryID><ProductCategoryID>4</ProductCategoryID><Name>Lights</Name><ModifiedDate>2008-04-30 00:00:00</ModifiedDate></ProductSubcategory>
<ProductSubcategory><ProductSubcategoryID>34</ProductSubcategoryID><ProductCategoryID>4</ProductCategoryID><Name>Locks</Name><ModifiedDate>2008-04-30 00:00:00</ModifiedDate></ProductSubcategory>
<ProductSubcategory><ProductSubcategoryID>35</ProductSubcategoryID><ProductCategoryID>4</ProductCategoryID><Name>Panniers</Name><ModifiedDate>2008-04-30 00:00:00</ModifiedDate></ProductSubcategory>
<ProductSubcategory><ProductSubcategoryID>36</ProductSubcategoryID><ProductCategoryID>4</ProductCategoryID><Name>Pumps</Name><ModifiedDate>2008-04-30 00:00:00</ModifiedDate></ProductSubcategory>
<ProductSubcategory><ProductSubcategoryID>37</ProductSubcategoryID><ProductCategoryID>4</ProductCategoryID><Name>Tires and Tubes</Name><ModifiedDate>2008-04-30 00:00:00</ModifiedDate></ProductSubcategory>
</DataTable>
