<DataTable>
<SalesReason><SalesReasonID>1</SalesReasonID><Name>Price</Name><ReasonType>Other</ReasonType><ModifiedDate>2008-04-30 00:00:00</ModifiedDate></SalesReason>
<SalesReason><SalesReasonID>2</SalesReasonID><Name>On Promotion</Name><ReasonType>Promotion</ReasonType><ModifiedDate>2008-04-30 00:00:00</ModifiedDate></SalesReason>
<SalesReason><SalesReasonID>3</SalesReasonID><Name>Magazine Advertisement</Name><ReasonType>Marketing</ReasonType><ModifiedDate>2008-04-30 00:00:00</ModifiedDate></SalesReason>
<SalesReason><SalesReasonID>4</SalesReasonID><Name>Television  Advertisement</Name><ReasonType>Marketing</ReasonType><ModifiedDate>2008-04-30 00:00:00</ModifiedDate></SalesReason>
<SalesReason><SalesReasonID>5</SalesReasonID><Name>Manufacturer</Name><ReasonType>Other</ReasonType><ModifiedDate>2008-04-30 00:00:00</ModifiedDate></SalesReason>
<SalesReason><SalesReasonID>6</SalesReasonID><Name>Review</Name><ReasonType>Other</ReasonType><ModifiedDate>2008-04-30 00:00:00</ModifiedDate></SalesReason>
<SalesReason><SalesReasonID>7</SalesReasonID><Name>Demo Event</Name><ReasonType>Marketing</ReasonType><ModifiedDate>2008-04-30 00:00:00</ModifiedDate></SalesReason>
<SalesReason><SalesReasonID>8</SalesReasonID><Name>Sponsorship</Name><ReasonType>Marketing</ReasonType><ModifiedDate>2008-04-30 00:00:00</ModifiedDate></SalesReason>
<SalesReason><SalesReasonID>9</SalesReasonID><Name>Quality</Name><ReasonType>Other</ReasonType><ModifiedDate>2008-04-30 00:00:00</ModifiedDate></SalesReason>
<SalesReason><SalesReasonID>10</SalesReasonID><Name>Other</Name><ReasonType>Other</ReasonType><ModifiedDate>2008-04-30 00:00:00</ModifiedDate></SalesReason>
</DataTable>
