<DataTable>
<EmployeeDepartmentHistory><BusinessEntityID>1</BusinessEntityID><DepartmentID>16</DepartmentID><ShiftID>1</ShiftID><StartDate>2009-01-14</StartDate><EndDate></EndDate><ModifiedDate>2009-01-13 00:00:00</ModifiedDate></EmployeeDepartmentHistory>
<EmployeeDepartmentHistory><BusinessEntityID>2</BusinessEntityID><DepartmentID>1</DepartmentID><ShiftID>1</ShiftID><StartDate>2008-01-31</StartDate><EndDate></EndDate><ModifiedDate>2008-01-30 00:00:00</ModifiedDate></EmployeeDepartmentHistory>
<EmployeeDepartmentHistory><BusinessEntityID>3</BusinessEntityID><DepartmentID>1</DepartmentID><ShiftID>1</ShiftID><StartDate>2007-11-11</StartDate><EndDate></EndDate><ModifiedDate>2007-11-10 00:00:00</ModifiedDate></EmployeeDepartmentHistory>
<EmployeeDepartmentHistory><BusinessEntityID>4</BusinessEntityID><DepartmentID>1</DepartmentID><ShiftID>1</ShiftID><StartDate>2007-12-05</StartDate><EndDate>2010-05-30</EndDate><ModifiedDate>2010-05-28 00:00:00</ModifiedDate></EmployeeDepartmentHistory>
<EmployeeDepartmentHistory><BusinessEntityID>4</BusinessEntityID><DepartmentID>2</DepartmentID><ShiftID>1</ShiftID><StartDate>2010-05-31</StartDate><EndDate></EndDate><ModifiedDate>2010-05-30 00:00:00</ModifiedDate></EmployeeDepartmentHistory>
<EmployeeDepartmentHistory><BusinessEntityID>5</BusinessEntityID><DepartmentID>1</DepartmentID><ShiftID>1</ShiftID><StartDate>2008-01-06</StartDate><EndDate></EndDate><ModifiedDate>2008-01-05 00:00:00</ModifiedDate></EmployeeDepartmentHistory>
<EmployeeDepartmentHistory><BusinessEntityID>6</BusinessEntityID><DepartmentID>1</DepartmentID><ShiftID>1</ShiftID><StartDate>2008-01-24</StartDate><EndDate></EndDate><ModifiedDate>2008-01-23 00:00:00</ModifiedDate></EmployeeDepartmentHistory>
<EmployeeDepartmentHistory><BusinessEntityID>7</BusinessEntityID><DepartmentID>6</DepartmentID><ShiftID>1</ShiftID><StartDate>2009-02-08</StartDate><EndDate></EndDate><ModifiedDate>2009-02-07 00:00:00</ModifiedDate></EmployeeDepartmentHistory>
<EmployeeDepartmentHistory><BusinessEntityID>8</BusinessEntityID><DepartmentID>6</DepartmentID><ShiftID>1</ShiftID><StartDate>2008-12-29</StartDate><EndDate></EndDate><ModifiedDate>2008-12-28 00:00:00</ModifiedDate></EmployeeDepartmentHistory>
<EmployeeDepartmentHistory><BusinessEntityID>9</BusinessEntityID><DepartmentID>6</DepartmentID><ShiftID>1</ShiftID><StartDate>2009-01-16</StartDate><EndDate></EndDate><ModifiedDate>2009-01-15 00:00:00</ModifiedDate></EmployeeDepartmentHistory>
<EmployeeDepartmentHistory><BusinessEntityID>10</BusinessEntityID><DepartmentID>6</DepartmentID><ShiftID>1</ShiftID><StartDate>2009-05-03</StartDate><EndDate></EndDate><ModifiedDate>2009-05-02 00:00:00</ModifiedDate></EmployeeDepartmentHistory>
<EmployeeDepartmentHistory><BusinessEntityID>11</BusinessEntityID><DepartmentID>2</DepartmentID><ShiftID>1</ShiftID><StartDate>2010-12-05</StartDate><EndDate></EndDate><ModifiedDate>2010-12-04 00:00:00</ModifiedDate></EmployeeDepartmentHistory>
<EmployeeDepartmentHistory><BusinessEntityID>12</BusinessEntityID><DepartmentID>2</DepartmentID><ShiftID>1</ShiftID><StartDate>2007-12-11</StartDate><EndDate></EndDate><ModifiedDate>2007-12-10 00:00:00</ModifiedDate></EmployeeDepartmentHistory>
<EmployeeDepartmentHistory><BusinessEntityID>13</BusinessEntityID><DepartmentID>2</DepartmentID><ShiftID>1</ShiftID><StartDate>2010-12-23</StartDate><EndDate></EndDate><ModifiedDate>2010-12-22 00:00:00</ModifiedDate></EmployeeDepartmentHistory>
<EmployeeDepartmentHistory><BusinessEntityID>14</BusinessEntityID><DepartmentID>1</DepartmentID><ShiftID>1</ShiftID><StartDate>2010-12-30</StartDate><EndDate></EndDate><ModifiedDate>2010-12-29 00:00:00</ModifiedDate></EmployeeDepartmentHistory>
<EmployeeDepartmentHistory><BusinessEntityID>15</BusinessEntityID><DepartmentID>1</DepartmentID><ShiftID>1</ShiftID><StartDate>2011-01-18</StartDate><EndDate></EndDate><ModifiedDate>2011-01-17 00:00:00</ModifiedDate></EmployeeDepartmentHistory>
<EmployeeDepartmentHistory><BusinessEntityID>16</BusinessEntityID><DepartmentID>5</DepartmentID><ShiftID>1</ShiftID><StartDate>2007-12-20</StartDate><EndDate>2009-07-14</EndDate><ModifiedDate>2009-07-12 00:00:00</ModifiedDate></EmployeeDepartmentHistory>
<EmployeeDepartmentHistory><BusinessEntityID>16</BusinessEntityID><DepartmentID>4</DepartmentID><ShiftID>1</ShiftID><StartDate>2009-07-15</StartDate><EndDate></EndDate><ModifiedDate>2009-07-14 00:00:00</ModifiedDate></EmployeeDepartmentHistory>
<EmployeeDepartmentHistory><BusinessEntityID>17</BusinessEntityID><DepartmentID>4</DepartmentID><ShiftID>1</ShiftID><StartDate>2007-01-26</StartDate><EndDate></EndDate><ModifiedDate>2007-01-25 00:00:00</ModifiedDate></EmployeeDepartmentHistory>
<EmployeeDepartmentHistory><BusinessEntityID>18</BusinessEntityID><DepartmentID>4</DepartmentID><ShiftID>1</ShiftID><StartDate>2011-02-07</StartDate><EndDate></EndDate><ModifiedDate>2011-02-06 00:00:00</ModifiedDate></EmployeeDepartmentHistory>
<EmployeeDepartmentHistory><BusinessEntityID>19</BusinessEntityID><DepartmentID>4</DepartmentID><ShiftID>1</ShiftID><StartDate>2011-02-14</StartDate><EndDate></EndDate><ModifiedDate>2011-02-13 00:00:00</ModifiedDate></EmployeeDepartmentHistory>
<EmployeeDepartmentHistory><BusinessEntityID>20</BusinessEntityID><DepartmentID>4</DepartmentID><ShiftID>1</ShiftID><StartDate>2011-01-07</StartDate><EndDate></EndDate><ModifiedDate>2011-01-06 00:00:00</ModifiedDate></EmployeeDepartmentHistory>
<EmployeeDepartmentHistory><BusinessEntityID>21</BusinessEntityID><DepartmentID>4</DepartmentID><ShiftID>1</ShiftID><StartDate>2009-03-02</StartDate><EndDate></EndDate><ModifiedDate>2009-03-01 00:00:00</ModifiedDate></EmployeeDepartmentHistory>
<EmployeeDepartmentHistory><BusinessEntityID>22</BusinessEntityID><DepartmentID>4</DepartmentID><ShiftID>1</ShiftID><StartDate>2008-12-12</StartDate><EndDate></EndDate><ModifiedDate>2008-12-11 00:00:00</ModifiedDate></EmployeeDepartmentHistory>
<EmployeeDepartmentHistory><BusinessEntityID>23</BusinessEntityID><DepartmentID>4</DepartmentID><ShiftID>1</ShiftID><StartDate>2009-01-12</StartDate><EndDate></EndDate><ModifiedDate>2009-01-11 00:00:00</ModifiedDate></EmployeeDepartmentHistory>
<EmployeeDepartmentHistory><BusinessEntityID>24</BusinessEntityID><DepartmentID>4</DepartmentID><ShiftID>1</ShiftID><StartDate>2009-01-18</StartDate><EndDate></EndDate><ModifiedDate>2009-01-17 00:00:00</ModifiedDate></EmployeeDepartmentHistory>
<EmployeeDepartmentHistory><BusinessEntityID>25</BusinessEntityID><DepartmentID>7</DepartmentID><ShiftID>1</ShiftID><StartDate>2009-02-03</StartDate><EndDate></EndDate><ModifiedDate>2009-02-02 00:00:00</ModifiedDate></EmployeeDepartmentHistory>
<EmployeeDepartmentHistory><BusinessEntityID>26</BusinessEntityID><DepartmentID>8</DepartmentID><ShiftID>1</ShiftID><StartDate>2008-12-01</StartDate><EndDate></EndDate><ModifiedDate>2008-11-30 00:00:00</ModifiedDate></EmployeeDepartmentHistory>
<EmployeeDepartmentHistory><BusinessEntityID>27</BusinessEntityID><DepartmentID>7</DepartmentID><ShiftID>1</ShiftID><StartDate>2008-02-27</StartDate><EndDate></EndDate><ModifiedDate>2008-02-26 00:00:00</ModifiedDate></EmployeeDepartmentHistory>
<EmployeeDepartmentHistory><BusinessEntityID>28</BusinessEntityID><DepartmentID>7</DepartmentID><ShiftID>1</ShiftID><StartDate>2006-06-30</StartDate><EndDate></EndDate><ModifiedDate>2006-06-29 00:00:00</ModifiedDate></EmployeeDepartmentHistory>
<EmployeeDepartmentHistory><BusinessEntityID>29</BusinessEntityID><DepartmentID>7</DepartmentID><ShiftID>1</ShiftID><StartDate>2009-01-23</StartDate><EndDate></EndDate><ModifiedDate>2009-01-22 00:00:00</ModifiedDate></EmployeeDepartmentHistory>
<EmployeeDepartmentHistory><BusinessEntityID>30</BusinessEntityID><DepartmentID>7</DepartmentID><ShiftID>1</ShiftID><StartDate>2009-01-29</StartDate><EndDate></EndDate><ModifiedDate>2009-01-28 00:00:00</ModifiedDate></EmployeeDepartmentHistory>
<EmployeeDepartmentHistory><BusinessEntityID>31</BusinessEntityID><DepartmentID>7</DepartmentID><ShiftID>1</ShiftID><StartDate>2009-01-04</StartDate><EndDate></EndDate><ModifiedDate>2009-01-03 00:00:00</ModifiedDate></EmployeeDepartmentHistory>
<EmployeeDepartmentHistory><BusinessEntityID>32</BusinessEntityID><DepartmentID>7</DepartmentID><ShiftID>1</ShiftID><StartDate>2008-12-29</StartDate><EndDate></EndDate><ModifiedDate>2008-12-28 00:00:00</ModifiedDate></EmployeeDepartmentHistory>
<EmployeeDepartmentHistory><BusinessEntityID>33</BusinessEntityID><DepartmentID>7</DepartmentID><ShiftID>1</ShiftID><StartDate>2008-12-17</StartDate><EndDate></EndDate><ModifiedDate>2008-12-16 00:00:00</ModifiedDate></EmployeeDepartmentHistory>
<EmployeeDepartmentHistory><BusinessEntityID>34</BusinessEntityID><DepartmentID>7</DepartmentID><ShiftID>1</ShiftID><StartDate>2009-02-16</StartDate><EndDate></EndDate><ModifiedDate>2009-02-15 00:00:00</ModifiedDate></EmployeeDepartmentHistory>
<EmployeeDepartmentHistory><BusinessEntityID>35</BusinessEntityID><DepartmentID>7</DepartmentID><ShiftID>1</ShiftID><StartDate>2009-02-08</StartDate><EndDate></EndDate><ModifiedDate>2009-02-07 00:00:00</ModifiedDate></EmployeeDepartmentHistory>
<EmployeeDepartmentHistory><BusinessEntityID>36</BusinessEntityID><DepartmentID>7</DepartmentID><ShiftID>1</ShiftID><StartDate>2009-02-10</StartDate><EndDate></EndDate><ModifiedDate>2009-02-09 00:00:00</ModifiedDate></EmployeeDepartmentHistory>
<EmployeeDepartmentHistory><BusinessEntityID>37</BusinessEntityID><DepartmentID>7</DepartmentID><ShiftID>1</ShiftID><StartDate>2009-03-07</StartDate><EndDate></EndDate><ModifiedDate>2009-03-06 00:00:00</ModifiedDate></EmployeeDepartmentHistory>
<EmployeeDepartmentHistory><BusinessEntityID>38</BusinessEntityID><DepartmentID>7</DepartmentID><ShiftID>1</ShiftID><StartDate>2010-01-16</StartDate><EndDate></EndDate><ModifiedDate>2010-01-15 00:00:00</ModifiedDate></EmployeeDepartmentHistory>
<EmployeeDepartmentHistory><BusinessEntityID>39</BusinessEntityID><DepartmentID>7</DepartmentID><ShiftID>1</ShiftID><StartDate>2010-02-05</StartDate><EndDate></EndDate><ModifiedDate>2010-02-04 00:00:00</ModifiedDate></EmployeeDepartmentHistory>
<EmployeeDepartmentHistory><BusinessEntityID>40</BusinessEntityID><DepartmentID>7</DepartmentID><ShiftID>3</ShiftID><StartDate>2007-12-26</StartDate><EndDate></EndDate><ModifiedDate>2007-12-25 00:00:00</ModifiedDate></EmployeeDepartmentHistory>
<EmployeeDepartmentHistory><BusinessEntityID>41</BusinessEntityID><DepartmentID>7</DepartmentID><ShiftID>3</ShiftID><StartDate>2009-01-21</StartDate><EndDate></EndDate><ModifiedDate>2009-01-20 00:00:00</ModifiedDate></EmployeeDepartmentHistory>
<EmployeeDepartmentHistory><BusinessEntityID>42</BusinessEntityID><DepartmentID>7</DepartmentID><ShiftID>3</ShiftID><StartDate>2008-12-27</StartDate><EndDate></EndDate><ModifiedDate>2008-12-26 00:00:00</ModifiedDate></EmployeeDepartmentHistory>
<EmployeeDepartmentHistory><BusinessEntityID>43</BusinessEntityID><DepartmentID>7</DepartmentID><ShiftID>3</ShiftID><StartDate>2009-01-02</StartDate><EndDate></EndDate><ModifiedDate>2009-01-01 00:00:00</ModifiedDate></EmployeeDepartmentHistory>
<EmployeeDepartmentHistory><BusinessEntityID>44</BusinessEntityID><DepartmentID>7</DepartmentID><ShiftID>3</ShiftID><StartDate>2008-12-08</StartDate><EndDate></EndDate><ModifiedDate>2008-12-07 00:00:00</ModifiedDate></EmployeeDepartmentHistory>
<EmployeeDepartmentHistory><BusinessEntityID>45</BusinessEntityID><DepartmentID>7</DepartmentID><ShiftID>3</ShiftID><StartDate>2009-02-26</StartDate><EndDate></EndDate><ModifiedDate>2009-02-25 00:00:00</ModifiedDate></EmployeeDepartmentHistory>
<EmployeeDepartmentHistory><BusinessEntityID>46</BusinessEntityID><DepartmentID>7</DepartmentID><ShiftID>3</ShiftID><StartDate>2009-02-08</StartDate><EndDate></EndDate><ModifiedDate>2009-02-07 00:00:00</ModifiedDate></EmployeeDepartmentHistory>
<EmployeeDepartmentHistory><BusinessEntityID>47</BusinessEntityID><DepartmentID>7</DepartmentID><ShiftID>1</ShiftID><StartDate>2009-02-22</StartDate><EndDate></EndDate><ModifiedDate>2009-02-21 00:00:00</ModifiedDate></EmployeeDepartmentHistory>
<EmployeeDepartmentHistory><BusinessEntityID>48</BusinessEntityID><DepartmentID>7</DepartmentID><ShiftID>1</ShiftID><StartDate>2008-01-06</StartDate><EndDate></EndDate><ModifiedDate>2008-01-05 00:00:00</ModifiedDate></EmployeeDepartmentHistory>
<EmployeeDepartmentHistory><BusinessEntityID>49</BusinessEntityID><DepartmentID>7</DepartmentID><ShiftID>1</ShiftID><StartDate>2008-01-07</StartDate><EndDate></EndDate><ModifiedDate>2008-01-06 00:00:00</ModifiedDate></EmployeeDepartmentHistory>
<EmployeeDepartmentHistory><BusinessEntityID>50</BusinessEntityID><DepartmentID>7</DepartmentID><ShiftID>1</ShiftID><StartDate>2008-02-02</StartDate><EndDate></EndDate><ModifiedDate>2008-02-01 00:00:00</ModifiedDate></EmployeeDepartmentHistory>
<EmployeeDepartmentHistory><BusinessEntityID>51</BusinessEntityID><DepartmentID>7</DepartmentID><ShiftID>1</ShiftID><StartDate>2008-02-20</StartDate><EndDate></EndDate><ModifiedDate>2008-02-19 00:00:00</ModifiedDate></EmployeeDepartmentHistory>
<EmployeeDepartmentHistory><BusinessEntityID>52</BusinessEntityID><DepartmentID>7</DepartmentID><ShiftID>1</ShiftID><StartDate>2008-03-10</StartDate><EndDate></EndDate><ModifiedDate>2008-03-09 00:00:00</ModifiedDate></EmployeeDepartmentHistory>
<EmployeeDepartmentHistory><BusinessEntityID>53</BusinessEntityID><DepartmentID>7</DepartmentID><ShiftID>1</ShiftID><StartDate>2008-03-28</StartDate><EndDate></EndDate><ModifiedDate>2008-03-27 00:00:00</ModifiedDate></EmployeeDepartmentHistory>
<EmployeeDepartmentHistory><BusinessEntityID>54</BusinessEntityID><DepartmentID>7</DepartmentID><ShiftID>1</ShiftID><StartDate>2010-01-01</StartDate><EndDate></EndDate><ModifiedDate>2009-12-31 00:00:00</ModifiedDate></EmployeeDepartmentHistory>
<EmployeeDepartmentHistory><BusinessEntityID>55</BusinessEntityID><DepartmentID>7</DepartmentID><ShiftID>3</ShiftID><StartDate>2008-02-08</StartDate><EndDate></EndDate><ModifiedDate>2008-02-07 00:00:00</ModifiedDate></EmployeeDepartmentHistory>
<EmployeeDepartmentHistory><BusinessEntityID>56</BusinessEntityID><DepartmentID>7</DepartmentID><ShiftID>3</ShiftID><StartDate>2009-02-05</StartDate><EndDate></EndDate><ModifiedDate>2009-02-04 00:00:00</ModifiedDate></EmployeeDepartmentHistory>
<EmployeeDepartmentHistory><BusinessEntityID>57</BusinessEntityID><DepartmentID>7</DepartmentID><ShiftID>3</ShiftID><StartDate>2009-02-23</StartDate><EndDate></EndDate><ModifiedDate>2009-02-22 00:00:00</ModifiedDate></EmployeeDepartmentHistory>
<EmployeeDepartmentHistory><BusinessEntityID>58</BusinessEntityID><DepartmentID>7</DepartmentID><ShiftID>3</ShiftID><StartDate>2008-12-05</StartDate><EndDate></EndDate><ModifiedDate>2008-12-04 00:00:00</ModifiedDate></EmployeeDepartmentHistory>
<EmployeeDepartmentHistory><BusinessEntityID>59</BusinessEntityID><DepartmentID>7</DepartmentID><ShiftID>3</ShiftID><StartDate>2008-12-24</StartDate><EndDate></EndDate><ModifiedDate>2008-12-23 00:00:00</ModifiedDate></EmployeeDepartmentHistory>
<EmployeeDepartmentHistory><BusinessEntityID>60</BusinessEntityID><DepartmentID>7</DepartmentID><ShiftID>3</ShiftID><StartDate>2009-01-11</StartDate><EndDate></EndDate><ModifiedDate>2009-01-10 00:00:00</ModifiedDate></EmployeeDepartmentHistory>
<EmployeeDepartmentHistory><BusinessEntityID>61</BusinessEntityID><DepartmentID>7</DepartmentID><ShiftID>3</ShiftID><StartDate>2009-01-18</StartDate><EndDate></EndDate><ModifiedDate>2009-01-17 00:00:00</ModifiedDate></EmployeeDepartmentHistory>
<EmployeeDepartmentHistory><BusinessEntityID>62</BusinessEntityID><DepartmentID>7</DepartmentID><ShiftID>2</ShiftID><StartDate>2008-03-17</StartDate><EndDate></EndDate><ModifiedDate>2008-03-16 00:00:00</ModifiedDate></EmployeeDepartmentHistory>
<EmployeeDepartmentHistory><BusinessEntityID>63</BusinessEntityID><DepartmentID>7</DepartmentID><ShiftID>2</ShiftID><StartDate>2010-01-29</StartDate><EndDate></EndDate><ModifiedDate>2010-01-28 00:00:00</ModifiedDate></EmployeeDepartmentHistory>
<EmployeeDepartmentHistory><BusinessEntityID>64</BusinessEntityID><DepartmentID>7</DepartmentID><ShiftID>2</ShiftID><StartDate>2010-02-23</StartDate><EndDate></EndDate><ModifiedDate>2010-02-22 00:00:00</ModifiedDate></EmployeeDepartmentHistory>
<EmployeeDepartmentHistory><BusinessEntityID>65</BusinessEntityID><DepartmentID>7</DepartmentID><ShiftID>2</ShiftID><StartDate>2010-02-23</StartDate><EndDate></EndDate><ModifiedDate>2010-02-22 00:00:00</ModifiedDate></EmployeeDepartmentHistory>
<EmployeeDepartmentHistory><BusinessEntityID>66</BusinessEntityID><DepartmentID>7</DepartmentID><ShiftID>2</ShiftID><StartDate>2009-12-22</StartDate><EndDate></EndDate><ModifiedDate>2009-12-21 00:00:00</ModifiedDate></EmployeeDepartmentHistory>
<EmployeeDepartmentHistory><BusinessEntityID>67</BusinessEntityID><DepartmentID>7</DepartmentID><ShiftID>2</ShiftID><StartDate>2009-03-05</StartDate><EndDate></EndDate><ModifiedDate>2009-03-04 00:00:00</ModifiedDate></EmployeeDepartmentHistory>
<EmployeeDepartmentHistory><BusinessEntityID>68</BusinessEntityID><DepartmentID>7</DepartmentID><ShiftID>2</ShiftID><StartDate>2009-12-03</StartDate><EndDate></EndDate><ModifiedDate>2009-12-02 00:00:00</ModifiedDate></EmployeeDepartmentHistory>
<EmployeeDepartmentHistory><BusinessEntityID>69</BusinessEntityID><DepartmentID>7</DepartmentID><ShiftID>2</ShiftID><StartDate>2009-02-15</StartDate><EndDate></EndDate><ModifiedDate>2009-02-14 00:00:00</ModifiedDate></EmployeeDepartmentHistory>
<EmployeeDepartmentHistory><BusinessEntityID>70</BusinessEntityID><DepartmentID>7</DepartmentID><ShiftID>2</ShiftID><StartDate>2008-12-15</StartDate><EndDate></EndDate><ModifiedDate>2008-12-14 00:00:00</ModifiedDate></EmployeeDepartmentHistory>
<EmployeeDepartmentHistory><BusinessEntityID>71</BusinessEntityID><DepartmentID>7</DepartmentID><ShiftID>3</ShiftID><StartDate>2009-02-15</StartDate><EndDate></EndDate><ModifiedDate>2009-02-14 00:00:00</ModifiedDate></EmployeeDepartmentHistory>
<EmployeeDepartmentHistory><BusinessEntityID>72</BusinessEntityID><DepartmentID>7</DepartmentID><ShiftID>3</ShiftID><StartDate>2008-12-01</StartDate><EndDate></EndDate><ModifiedDate>2008-11-30 00:00:00</ModifiedDate></EmployeeDepartmentHistory>
<EmployeeDepartmentHistory><BusinessEntityID>73</BusinessEntityID><DepartmentID>7</DepartmentID><ShiftID>3</ShiftID><StartDate>2008-12-19</StartDate><EndDate></EndDate><ModifiedDate>2008-12-18 00:00:00</ModifiedDate></EmployeeDepartmentHistory>
<EmployeeDepartmentHistory><BusinessEntityID>74</BusinessEntityID><DepartmentID>7</DepartmentID><ShiftID>3</ShiftID><StartDate>2009-01-07</StartDate><EndDate></EndDate><ModifiedDate>2009-01-06 00:00:00</ModifiedDate></EmployeeDepartmentHistory>
<EmployeeDepartmentHistory><BusinessEntityID>75</BusinessEntityID><DepartmentID>7</DepartmentID><ShiftID>3</ShiftID><StartDate>2009-01-26</StartDate><EndDate></EndDate><ModifiedDate>2009-01-25 00:00:00</ModifiedDate></EmployeeDepartmentHistory>
<EmployeeDepartmentHistory><BusinessEntityID>76</BusinessEntityID><DepartmentID>7</DepartmentID><ShiftID>3</ShiftID><StartDate>2009-02-12</StartDate><EndDate></EndDate><ModifiedDate>2009-02-11 00:00:00</ModifiedDate></EmployeeDepartmentHistory>
<EmployeeDepartmentHistory><BusinessEntityID>77</BusinessEntityID><DepartmentID>7</DepartmentID><ShiftID>3</ShiftID><StartDate>2009-03-03</StartDate><EndDate></EndDate><ModifiedDate>2009-03-02 00:00:00</ModifiedDate></EmployeeDepartmentHistory>
<EmployeeDepartmentHistory><BusinessEntityID>78</BusinessEntityID><DepartmentID>7</DepartmentID><ShiftID>2</ShiftID><StartDate>2008-12-15</StartDate><EndDate></EndDate><ModifiedDate>2008-12-14 00:00:00</ModifiedDate></EmployeeDepartmentHistory>
<EmployeeDepartmentHistory><BusinessEntityID>79</BusinessEntityID><DepartmentID>7</DepartmentID><ShiftID>2</ShiftID><StartDate>2010-01-24</StartDate><EndDate></EndDate><ModifiedDate>2010-01-23 00:00:00</ModifiedDate></EmployeeDepartmentHistory>
<EmployeeDepartmentHistory><BusinessEntityID>80</BusinessEntityID><DepartmentID>7</DepartmentID><ShiftID>2</ShiftID><StartDate>2010-01-17</StartDate><EndDate></EndDate><ModifiedDate>2010-01-16 00:00:00</ModifiedDate></EmployeeDepartmentHistory>
<EmployeeDepartmentHistory><BusinessEntityID>81</BusinessEntityID><DepartmentID>7</DepartmentID><ShiftID>2</ShiftID><StartDate>2009-12-29</StartDate><EndDate></EndDate><ModifiedDate>2009-12-28 00:00:00</ModifiedDate></EmployeeDepartmentHistory>
<EmployeeDepartmentHistory><BusinessEntityID>82</BusinessEntityID><DepartmentID>7</DepartmentID><ShiftID>2</ShiftID><StartDate>2010-03-03</StartDate><EndDate></EndDate><ModifiedDate>2010-03-02 00:00:00</ModifiedDate></EmployeeDepartmentHistory>
<EmployeeDepartmentHistory><BusinessEntityID>83</BusinessEntityID><DepartmentID>7</DepartmentID><ShiftID>2</ShiftID><StartDate>2010-02-12</StartDate><EndDate></EndDate><ModifiedDate>2010-02-11 00:00:00</ModifiedDate></EmployeeDepartmentHistory>
<EmployeeDepartmentHistory><BusinessEntityID>84</BusinessEntityID><DepartmentID>7</DepartmentID><ShiftID>2</ShiftID><StartDate>2010-02-05</StartDate><EndDate></EndDate><ModifiedDate>2010-02-04 00:00:00</ModifiedDate></EmployeeDepartmentHistory>
<EmployeeDepartmentHistory><BusinessEntityID>85</BusinessEntityID><DepartmentID>7</DepartmentID><ShiftID>2</ShiftID><StartDate>2009-12-11</StartDate><EndDate></EndDate><ModifiedDate>2009-12-10 00:00:00</ModifiedDate></EmployeeDepartmentHistory>
<EmployeeDepartmentHistory><BusinessEntityID>86</BusinessEntityID><DepartmentID>7</DepartmentID><ShiftID>2</ShiftID><StartDate>2009-01-05</StartDate><EndDate></EndDate><ModifiedDate>2009-01-04 00:00:00</ModifiedDate></EmployeeDepartmentHistory>
<EmployeeDepartmentHistory><BusinessEntityID>87</BusinessEntityID><DepartmentID>7</DepartmentID><ShiftID>3</ShiftID><StartDate>2008-12-22</StartDate><EndDate></EndDate><ModifiedDate>2008-12-21 00:00:00</ModifiedDate></EmployeeDepartmentHistory>
<EmployeeDepartmentHistory><BusinessEntityID>88</BusinessEntityID><DepartmentID>7</DepartmentID><ShiftID>3</ShiftID><StartDate>2009-12-18</StartDate><EndDate></EndDate><ModifiedDate>2009-12-17 00:00:00</ModifiedDate></EmployeeDepartmentHistory>
<EmployeeDepartmentHistory><BusinessEntityID>89</BusinessEntityID><DepartmentID>7</DepartmentID><ShiftID>3</ShiftID><StartDate>2010-02-01</StartDate><EndDate></EndDate><ModifiedDate>2010-01-31 00:00:00</ModifiedDate></EmployeeDepartmentHistory>
<EmployeeDepartmentHistory><BusinessEntityID>90</BusinessEntityID><DepartmentID>7</DepartmentID><ShiftID>3</ShiftID><StartDate>2010-02-20</StartDate><EndDate></EndDate><ModifiedDate>2010-02-19 00:00:00</ModifiedDate></EmployeeDepartmentHistory>
<EmployeeDepartmentHistory><BusinessEntityID>91</BusinessEntityID><DepartmentID>7</DepartmentID><ShiftID>3</ShiftID><StartDate>2010-01-12</StartDate><EndDate></EndDate><ModifiedDate>2010-01-11 00:00:00</ModifiedDate></EmployeeDepartmentHistory>
<EmployeeDepartmentHistory><BusinessEntityID>92</BusinessEntityID><DepartmentID>7</DepartmentID><ShiftID>3</ShiftID><StartDate>2010-03-10</StartDate><EndDate></EndDate><ModifiedDate>2010-03-09 00:00:00</ModifiedDate></EmployeeDepartmentHistory>
<EmployeeDepartmentHistory><BusinessEntityID>93</BusinessEntityID><DepartmentID>7</DepartmentID><ShiftID>2</ShiftID><StartDate>2008-12-27</StartDate><EndDate></EndDate><ModifiedDate>2008-12-26 00:00:00</ModifiedDate></EmployeeDepartmentHistory>
<EmployeeDepartmentHistory><BusinessEntityID>94</BusinessEntityID><DepartmentID>7</DepartmentID><ShiftID>2</ShiftID><StartDate>2008-12-12</StartDate><EndDate></EndDate><ModifiedDate>2008-12-11 00:00:00</ModifiedDate></EmployeeDepartmentHistory>
<EmployeeDepartmentHistory><BusinessEntityID>95</BusinessEntityID><DepartmentID>7</DepartmentID><ShiftID>2</ShiftID><StartDate>2008-12-19</StartDate><EndDate></EndDate><ModifiedDate>2008-12-18 00:00:00</ModifiedDate></EmployeeDepartmentHistory>
<EmployeeDepartmentHistory><BusinessEntityID>96</BusinessEntityID><DepartmentID>7</DepartmentID><ShiftID>2</ShiftID><StartDate>2009-03-02</StartDate><EndDate></EndDate><ModifiedDate>2009-03-01 00:00:00</ModifiedDate></EmployeeDepartmentHistory>
<EmployeeDepartmentHistory><BusinessEntityID>97</BusinessEntityID><DepartmentID>7</DepartmentID><ShiftID>2</ShiftID><StartDate>2009-02-10</StartDate><EndDate></EndDate><ModifiedDate>2009-02-09 00:00:00</ModifiedDate></EmployeeDepartmentHistory>
<EmployeeDepartmentHistory><BusinessEntityID>98</BusinessEntityID><DepartmentID>7</DepartmentID><ShiftID>2</ShiftID><StartDate>2009-02-11</StartDate><EndDate></EndDate><ModifiedDate>2009-02-10 00:00:00</ModifiedDate></EmployeeDepartmentHistory>
<EmployeeDepartmentHistory><BusinessEntityID>99</BusinessEntityID><DepartmentID>7</DepartmentID><ShiftID>2</ShiftID><StartDate>2009-01-06</StartDate><EndDate></EndDate><ModifiedDate>2009-01-05 00:00:00</ModifiedDate></EmployeeDepartmentHistory>
<EmployeeDepartmentHistory><BusinessEntityID>100</BusinessEntityID><DepartmentID>7</DepartmentID><ShiftID>2</ShiftID><StartDate>2009-01-12</StartDate><EndDate></EndDate><ModifiedDate>2009-01-11 00:00:00</ModifiedDate></EmployeeDepartmentHistory>
<EmployeeDepartmentHistory><BusinessEntityID>101</BusinessEntityID><DepartmentID>7</DepartmentID><ShiftID>2</ShiftID><StartDate>2009-01-25</StartDate><EndDate></EndDate><ModifiedDate>2009-01-24 00:00:00</ModifiedDate></EmployeeDepartmentHistory>
<EmployeeDepartmentHistory><BusinessEntityID>102</BusinessEntityID><DepartmentID>7</DepartmentID><ShiftID>2</ShiftID><StartDate>2008-12-03</StartDate><EndDate></EndDate><ModifiedDate>2008-12-02 00:00:00</ModifiedDate></EmployeeDepartmentHistory>
<EmployeeDepartmentHistory><BusinessEntityID>103</BusinessEntityID><DepartmentID>7</DepartmentID><ShiftID>2</ShiftID><StartDate>2009-12-06</StartDate><EndDate></EndDate><ModifiedDate>2009-12-05 00:00:00</ModifiedDate></EmployeeDepartmentHistory>
<EmployeeDepartmentHistory><BusinessEntityID>104</BusinessEntityID><DepartmentID>7</DepartmentID><ShiftID>2</ShiftID><StartDate>2009-12-25</StartDate><EndDate></EndDate><ModifiedDate>2009-12-24 00:00:00</ModifiedDate></EmployeeDepartmentHistory>
<EmployeeDepartmentHistory><BusinessEntityID>105</BusinessEntityID><DepartmentID>7</DepartmentID><ShiftID>2</ShiftID><StartDate>2009-12-25</StartDate><EndDate></EndDate><ModifiedDate>2009-12-24 00:00:00</ModifiedDate></EmployeeDepartmentHistory>
<EmployeeDepartmentHistory><BusinessEntityID>106</BusinessEntityID><DepartmentID>7</DepartmentID><ShiftID>2</ShiftID><StartDate>2010-02-27</StartDate><EndDate></EndDate><ModifiedDate>2010-02-26 00:00:00</ModifiedDate></EmployeeDepartmentHistory>
<EmployeeDepartmentHistory><BusinessEntityID>107</BusinessEntityID><DepartmentID>7</DepartmentID><ShiftID>2</ShiftID><StartDate>2010-02-08</StartDate><EndDate></EndDate><ModifiedDate>2010-02-07 00:00:00</ModifiedDate></EmployeeDepartmentHistory>
<EmployeeDepartmentHistory><BusinessEntityID>108</BusinessEntityID><DepartmentID>7</DepartmentID><ShiftID>1</ShiftID><StartDate>2008-12-08</StartDate><EndDate></EndDate><ModifiedDate>2008-12-07 00:00:00</ModifiedDate></EmployeeDepartmentHistory>
<EmployeeDepartmentHistory><BusinessEntityID>109</BusinessEntityID><DepartmentID>7</DepartmentID><ShiftID>1</ShiftID><StartDate>2008-12-07</StartDate><EndDate></EndDate><ModifiedDate>2008-12-06 00:00:00</ModifiedDate></EmployeeDepartmentHistory>
<EmployeeDepartmentHistory><BusinessEntityID>110</BusinessEntityID><DepartmentID>7</DepartmentID><ShiftID>1</ShiftID><StartDate>2008-12-14</StartDate><EndDate></EndDate><ModifiedDate>2008-12-13 00:00:00</ModifiedDate></EmployeeDepartmentHistory>
<EmployeeDepartmentHistory><BusinessEntityID>111</BusinessEntityID><DepartmentID>7</DepartmentID><ShiftID>1</ShiftID><StartDate>2008-12-17</StartDate><EndDate></EndDate><ModifiedDate>2008-12-16 00:00:00</ModifiedDate></EmployeeDepartmentHistory>
<EmployeeDepartmentHistory><BusinessEntityID>112</BusinessEntityID><DepartmentID>7</DepartmentID><ShiftID>1</ShiftID><StartDate>2009-01-01</StartDate><EndDate></EndDate><ModifiedDate>2008-12-31 00:00:00</ModifiedDate></EmployeeDepartmentHistory>
<EmployeeDepartmentHistory><BusinessEntityID>113</BusinessEntityID><DepartmentID>7</DepartmentID><ShiftID>1</ShiftID><StartDate>2008-12-25</StartDate><EndDate></EndDate><ModifiedDate>2008-12-24 00:00:00</ModifiedDate></EmployeeDepartmentHistory>
<EmployeeDepartmentHistory><BusinessEntityID>114</BusinessEntityID><DepartmentID>7</DepartmentID><ShiftID>1</ShiftID><StartDate>2009-01-13</StartDate><EndDate></EndDate><ModifiedDate>2009-01-12 00:00:00</ModifiedDate></EmployeeDepartmentHistory>
<EmployeeDepartmentHistory><BusinessEntityID>115</BusinessEntityID><DepartmentID>7</DepartmentID><ShiftID>1</ShiftID><StartDate>2009-01-20</StartDate><EndDate></EndDate><ModifiedDate>2009-01-19 00:00:00</ModifiedDate></EmployeeDepartmentHistory>
<EmployeeDepartmentHistory><BusinessEntityID>116</BusinessEntityID><DepartmentID>7</DepartmentID><ShiftID>1</ShiftID><StartDate>2009-01-31</StartDate><EndDate></EndDate><ModifiedDate>2009-01-30 00:00:00</ModifiedDate></EmployeeDepartmentHistory>
<EmployeeDepartmentHistory><BusinessEntityID>117</BusinessEntityID><DepartmentID>7</DepartmentID><ShiftID>1</ShiftID><StartDate>2009-02-18</StartDate><EndDate></EndDate><ModifiedDate>2009-02-17 00:00:00</ModifiedDate></EmployeeDepartmentHistory>
<EmployeeDepartmentHistory><BusinessEntityID>118</BusinessEntityID><DepartmentID>7</DepartmentID><ShiftID>1</ShiftID><StartDate>2009-02-13</StartDate><EndDate></EndDate><ModifiedDate>2009-02-12 00:00:00</ModifiedDate></EmployeeDepartmentHistory>
<EmployeeDepartmentHistory><BusinessEntityID>119</BusinessEntityID><DepartmentID>7</DepartmentID><ShiftID>1</ShiftID><StartDate>2009-02-25</StartDate><EndDate></EndDate><ModifiedDate>2009-02-24 00:00:00</ModifiedDate></EmployeeDepartmentHistory>
<EmployeeDepartmentHistory><BusinessEntityID>120</BusinessEntityID><DepartmentID>7</DepartmentID><ShiftID>1</ShiftID><StartDate>2009-03-04</StartDate><EndDate></EndDate><ModifiedDate>2009-03-03 00:00:00</ModifiedDate></EmployeeDepartmentHistory>
<EmployeeDepartmentHistory><BusinessEntityID>121</BusinessEntityID><DepartmentID>15</DepartmentID><ShiftID>1</ShiftID><StartDate>2009-01-02</StartDate><EndDate></EndDate><ModifiedDate>2009-01-01 00:00:00</ModifiedDate></EmployeeDepartmentHistory>
<EmployeeDepartmentHistory><BusinessEntityID>122</BusinessEntityID><DepartmentID>15</DepartmentID><ShiftID>2</ShiftID><StartDate>2008-12-07</StartDate><EndDate></EndDate><ModifiedDate>2008-12-06 00:00:00</ModifiedDate></EmployeeDepartmentHistory>
<EmployeeDepartmentHistory><BusinessEntityID>123</BusinessEntityID><DepartmentID>15</DepartmentID><ShiftID>2</ShiftID><StartDate>2008-12-07</StartDate><EndDate></EndDate><ModifiedDate>2008-12-06 00:00:00</ModifiedDate></EmployeeDepartmentHistory>
<EmployeeDepartmentHistory><BusinessEntityID>124</BusinessEntityID><DepartmentID>15</DepartmentID><ShiftID>3</ShiftID><StartDate>2008-12-26</StartDate><EndDate></EndDate><ModifiedDate>2008-12-25 00:00:00</ModifiedDate></EmployeeDepartmentHistory>
<EmployeeDepartmentHistory><BusinessEntityID>125</BusinessEntityID><DepartmentID>15</DepartmentID><ShiftID>1</ShiftID><StartDate>2009-01-20</StartDate><EndDate></EndDate><ModifiedDate>2009-01-19 00:00:00</ModifiedDate></EmployeeDepartmentHistory>
<EmployeeDepartmentHistory><BusinessEntityID>126</BusinessEntityID><DepartmentID>15</DepartmentID><ShiftID>1</ShiftID><StartDate>2009-02-26</StartDate><EndDate></EndDate><ModifiedDate>2009-02-25 00:00:00</ModifiedDate></EmployeeDepartmentHistory>
<EmployeeDepartmentHistory><BusinessEntityID>127</BusinessEntityID><DepartmentID>7</DepartmentID><ShiftID>3</ShiftID><StartDate>2009-01-03</StartDate><EndDate></EndDate><ModifiedDate>2009-01-02 00:00:00</ModifiedDate></EmployeeDepartmentHistory>
<EmployeeDepartmentHistory><BusinessEntityID>128</BusinessEntityID><DepartmentID>7</DepartmentID><ShiftID>3</ShiftID><StartDate>2008-12-04</StartDate><EndDate></EndDate><ModifiedDate>2008-12-03 00:00:00</ModifiedDate></EmployeeDepartmentHistory>
<EmployeeDepartmentHistory><BusinessEntityID>129</BusinessEntityID><DepartmentID>7</DepartmentID><ShiftID>3</ShiftID><StartDate>2008-12-22</StartDate><EndDate></EndDate><ModifiedDate>2008-12-21 00:00:00</ModifiedDate></EmployeeDepartmentHistory>
<EmployeeDepartmentHistory><BusinessEntityID>130</BusinessEntityID><DepartmentID>7</DepartmentID><ShiftID>3</ShiftID><StartDate>2009-02-13</StartDate><EndDate></EndDate><ModifiedDate>2009-02-12 00:00:00</ModifiedDate></EmployeeDepartmentHistory>
<EmployeeDepartmentHistory><BusinessEntityID>131</BusinessEntityID><DepartmentID>7</DepartmentID><ShiftID>3</ShiftID><StartDate>2009-02-15</StartDate><EndDate></EndDate><ModifiedDate>2009-02-14 00:00:00</ModifiedDate></EmployeeDepartmentHistory>
<EmployeeDepartmentHistory><BusinessEntityID>132</BusinessEntityID><DepartmentID>7</DepartmentID><ShiftID>3</ShiftID><StartDate>2009-02-22</StartDate><EndDate></EndDate><ModifiedDate>2009-02-21 00:00:00</ModifiedDate></EmployeeDepartmentHistory>
<EmployeeDepartmentHistory><BusinessEntityID>133</BusinessEntityID><DepartmentID>7</DepartmentID><ShiftID>3</ShiftID><StartDate>2009-01-10</StartDate><EndDate></EndDate><ModifiedDate>2009-01-09 00:00:00</ModifiedDate></EmployeeDepartmentHistory>
<EmployeeDepartmentHistory><BusinessEntityID>134</BusinessEntityID><DepartmentID>7</DepartmentID><ShiftID>1</ShiftID><StartDate>2009-01-14</StartDate><EndDate></EndDate><ModifiedDate>2009-01-13 00:00:00</ModifiedDate></EmployeeDepartmentHistory>
<EmployeeDepartmentHistory><BusinessEntityID>135</BusinessEntityID><DepartmentID>7</DepartmentID><ShiftID>1</ShiftID><StartDate>2008-12-04</StartDate><EndDate></EndDate><ModifiedDate>2008-12-03 00:00:00</ModifiedDate></EmployeeDepartmentHistory>
<EmployeeDepartmentHistory><BusinessEntityID>136</BusinessEntityID><DepartmentID>7</DepartmentID><ShiftID>1</ShiftID><StartDate>2009-12-11</StartDate><EndDate></EndDate><ModifiedDate>2009-12-10 00:00:00</ModifiedDate></EmployeeDepartmentHistory>
<EmployeeDepartmentHistory><BusinessEntityID>137</BusinessEntityID><DepartmentID>7</DepartmentID><ShiftID>1</ShiftID><StartDate>2009-02-23</StartDate><EndDate></EndDate><ModifiedDate>2009-02-22 00:00:00</ModifiedDate></EmployeeDepartmentHistory>
<EmployeeDepartmentHistory><BusinessEntityID>138</BusinessEntityID><DepartmentID>7</DepartmentID><ShiftID>1</ShiftID><StartDate>2009-02-04</StartDate><EndDate></EndDate><ModifiedDate>2009-02-03 00:00:00</ModifiedDate></EmployeeDepartmentHistory>
<EmployeeDepartmentHistory><BusinessEntityID>139</BusinessEntityID><DepartmentID>7</DepartmentID><ShiftID>1</ShiftID><StartDate>2010-01-06</StartDate><EndDate></EndDate><ModifiedDate>2010-01-05 00:00:00</ModifiedDate></EmployeeDepartmentHistory>
<EmployeeDepartmentHistory><BusinessEntityID>140</BusinessEntityID><DepartmentID>7</DepartmentID><ShiftID>1</ShiftID><StartDate>2010-01-22</StartDate><EndDate></EndDate><ModifiedDate>2010-01-21 00:00:00</ModifiedDate></EmployeeDepartmentHistory>
<EmployeeDepartmentHistory><BusinessEntityID>141</BusinessEntityID><DepartmentID>7</DepartmentID><ShiftID>1</ShiftID><StartDate>2010-01-24</StartDate><EndDate></EndDate><ModifiedDate>2010-01-23 00:00:00</ModifiedDate></EmployeeDepartmentHistory>
<EmployeeDepartmentHistory><BusinessEntityID>142</BusinessEntityID><DepartmentID>7</DepartmentID><ShiftID>1</ShiftID><StartDate>2010-03-04</StartDate><EndDate></EndDate><ModifiedDate>2010-03-03 00:00:00</ModifiedDate></EmployeeDepartmentHistory>
<EmployeeDepartmentHistory><BusinessEntityID>143</BusinessEntityID><DepartmentID>7</DepartmentID><ShiftID>1</ShiftID><StartDate>2010-02-13</StartDate><EndDate></EndDate><ModifiedDate>2010-02-12 00:00:00</ModifiedDate></EmployeeDepartmentHistory>
<EmployeeDepartmentHistory><BusinessEntityID>144</BusinessEntityID><DepartmentID>7</DepartmentID><ShiftID>1</ShiftID><StartDate>2009-01-17</StartDate><EndDate></EndDate><ModifiedDate>2009-01-16 00:00:00</ModifiedDate></EmployeeDepartmentHistory>
<EmployeeDepartmentHistory><BusinessEntityID>145</BusinessEntityID><DepartmentID>7</DepartmentID><ShiftID>2</ShiftID><StartDate>2009-01-27</StartDate><EndDate></EndDate><ModifiedDate>2009-01-26 00:00:00</ModifiedDate></EmployeeDepartmentHistory>
<EmployeeDepartmentHistory><BusinessEntityID>146</BusinessEntityID><DepartmentID>7</DepartmentID><ShiftID>2</ShiftID><StartDate>2008-12-07</StartDate><EndDate></EndDate><ModifiedDate>2008-12-06 00:00:00</ModifiedDate></EmployeeDepartmentHistory>
<EmployeeDepartmentHistory><BusinessEntityID>147</BusinessEntityID><DepartmentID>7</DepartmentID><ShiftID>2</ShiftID><StartDate>2008-12-26</StartDate><EndDate></EndDate><ModifiedDate>2008-12-25 00:00:00</ModifiedDate></EmployeeDepartmentHistory>
<EmployeeDepartmentHistory><BusinessEntityID>148</BusinessEntityID><DepartmentID>7</DepartmentID><ShiftID>2</ShiftID><StartDate>2009-01-14</StartDate><EndDate></EndDate><ModifiedDate>2009-01-13 00:00:00</ModifiedDate></EmployeeDepartmentHistory>
<EmployeeDepartmentHistory><BusinessEntityID>149</BusinessEntityID><DepartmentID>7</DepartmentID><ShiftID>2</ShiftID><StartDate>2009-01-31</StartDate><EndDate></EndDate><ModifiedDate>2009-01-30 00:00:00</ModifiedDate></EmployeeDepartmentHistory>
<EmployeeDepartmentHistory><BusinessEntityID>150</BusinessEntityID><DepartmentID>7</DepartmentID><ShiftID>2</ShiftID><StartDate>2009-02-26</StartDate><EndDate></EndDate><ModifiedDate>2009-02-25 00:00:00</ModifiedDate></EmployeeDepartmentHistory>
<EmployeeDepartmentHistory><BusinessEntityID>151</BusinessEntityID><DepartmentID>7</DepartmentID><ShiftID>2</ShiftID><StartDate>2009-02-19</StartDate><EndDate></EndDate><ModifiedDate>2009-02-18 00:00:00</ModifiedDate></EmployeeDepartmentHistory>
<EmployeeDepartmentHistory><BusinessEntityID>152</BusinessEntityID><DepartmentID>7</DepartmentID><ShiftID>2</ShiftID><StartDate>2009-02-01</StartDate><EndDate></EndDate><ModifiedDate>2009-01-31 00:00:00</ModifiedDate></EmployeeDepartmentHistory>
<EmployeeDepartmentHistory><BusinessEntityID>153</BusinessEntityID><DepartmentID>7</DepartmentID><ShiftID>2</ShiftID><StartDate>2008-12-16</StartDate><EndDate></EndDate><ModifiedDate>2008-12-15 00:00:00</ModifiedDate></EmployeeDepartmentHistory>
<EmployeeDepartmentHistory><BusinessEntityID>154</BusinessEntityID><DepartmentID>7</DepartmentID><ShiftID>2</ShiftID><StartDate>2008-12-23</StartDate><EndDate></EndDate><ModifiedDate>2008-12-22 00:00:00</ModifiedDate></EmployeeDepartmentHistory>
<EmployeeDepartmentHistory><BusinessEntityID>155</BusinessEntityID><DepartmentID>7</DepartmentID><ShiftID>2</ShiftID><StartDate>2009-01-04</StartDate><EndDate></EndDate><ModifiedDate>2009-01-03 00:00:00</ModifiedDate></EmployeeDepartmentHistory>
<EmployeeDepartmentHistory><BusinessEntityID>156</BusinessEntityID><DepartmentID>7</DepartmentID><ShiftID>2</ShiftID><StartDate>2009-01-11</StartDate><EndDate></EndDate><ModifiedDate>2009-01-10 00:00:00</ModifiedDate></EmployeeDepartmentHistory>
<EmployeeDepartmentHistory><BusinessEntityID>157</BusinessEntityID><DepartmentID>7</DepartmentID><ShiftID>2</ShiftID><StartDate>2009-02-03</StartDate><EndDate></EndDate><ModifiedDate>2009-02-02 00:00:00</ModifiedDate></EmployeeDepartmentHistory>
<EmployeeDepartmentHistory><BusinessEntityID>158</BusinessEntityID><DepartmentID>7</DepartmentID><ShiftID>2</ShiftID><StartDate>2009-03-07</StartDate><EndDate></EndDate><ModifiedDate>2009-03-06 00:00:00</ModifiedDate></EmployeeDepartmentHistory>
<EmployeeDepartmentHistory><BusinessEntityID>159</BusinessEntityID><DepartmentID>7</DepartmentID><ShiftID>2</ShiftID><StartDate>2009-02-16</StartDate><EndDate></EndDate><ModifiedDate>2009-02-15 00:00:00</ModifiedDate></EmployeeDepartmentHistory>
<EmployeeDepartmentHistory><BusinessEntityID>160</BusinessEntityID><DepartmentID>7</DepartmentID><ShiftID>1</ShiftID><StartDate>2009-01-21</StartDate><EndDate></EndDate><ModifiedDate>2009-01-20 00:00:00</ModifiedDate></EmployeeDepartmentHistory>
<EmployeeDepartmentHistory><BusinessEntityID>161</BusinessEntityID><DepartmentID>7</DepartmentID><ShiftID>1</ShiftID><StartDate>2008-12-15</StartDate><EndDate></EndDate><ModifiedDate>2008-12-14 00:00:00</ModifiedDate></EmployeeDepartmentHistory>
<EmployeeDepartmentHistory><BusinessEntityID>162</BusinessEntityID><DepartmentID>7</DepartmentID><ShiftID>1</ShiftID><StartDate>2009-01-03</StartDate><EndDate></EndDate><ModifiedDate>2009-01-02 00:00:00</ModifiedDate></EmployeeDepartmentHistory>
<EmployeeDepartmentHistory><BusinessEntityID>163</BusinessEntityID><DepartmentID>7</DepartmentID><ShiftID>1</ShiftID><StartDate>2009-02-08</StartDate><EndDate></EndDate><ModifiedDate>2009-02-07 00:00:00</ModifiedDate></EmployeeDepartmentHistory>
<EmployeeDepartmentHistory><BusinessEntityID>164</BusinessEntityID><DepartmentID>7</DepartmentID><ShiftID>1</ShiftID><StartDate>2009-03-06</StartDate><EndDate></EndDate><ModifiedDate>2009-03-05 00:00:00</ModifiedDate></EmployeeDepartmentHistory>
<EmployeeDepartmentHistory><BusinessEntityID>165</BusinessEntityID><DepartmentID>7</DepartmentID><ShiftID>1</ShiftID><StartDate>2009-01-22</StartDate><EndDate></EndDate><ModifiedDate>2009-01-21 00:00:00</ModifiedDate></EmployeeDepartmentHistory>
<EmployeeDepartmentHistory><BusinessEntityID>166</BusinessEntityID><DepartmentID>7</DepartmentID><ShiftID>1</ShiftID><StartDate>2009-02-21</StartDate><EndDate></EndDate><ModifiedDate>2009-02-20 00:00:00</ModifiedDate></EmployeeDepartmentHistory>
<EmployeeDepartmentHistory><BusinessEntityID>167</BusinessEntityID><DepartmentID>7</DepartmentID><ShiftID>1</ShiftID><StartDate>2008-12-02</StartDate><EndDate></EndDate><ModifiedDate>2008-12-01 00:00:00</ModifiedDate></EmployeeDepartmentHistory>
<EmployeeDepartmentHistory><BusinessEntityID>168</BusinessEntityID><DepartmentID>7</DepartmentID><ShiftID>1</ShiftID><StartDate>2008-12-07</StartDate><EndDate></EndDate><ModifiedDate>2008-12-06 00:00:00</ModifiedDate></EmployeeDepartmentHistory>
<EmployeeDepartmentHistory><BusinessEntityID>169</BusinessEntityID><DepartmentID>7</DepartmentID><ShiftID>1</ShiftID><StartDate>2008-12-14</StartDate><EndDate></EndDate><ModifiedDate>2008-12-13 00:00:00</ModifiedDate></EmployeeDepartmentHistory>
<EmployeeDepartmentHistory><BusinessEntityID>170</BusinessEntityID><DepartmentID>7</DepartmentID><ShiftID>1</ShiftID><StartDate>2008-12-21</StartDate><EndDate></EndDate><ModifiedDate>2008-12-20 00:00:00</ModifiedDate></EmployeeDepartmentHistory>
<EmployeeDepartmentHistory><BusinessEntityID>171</BusinessEntityID><DepartmentID>7</DepartmentID><ShiftID>1</ShiftID><StartDate>2009-01-02</StartDate><EndDate></EndDate><ModifiedDate>2009-01-01 00:00:00</ModifiedDate></EmployeeDepartmentHistory>
<EmployeeDepartmentHistory><BusinessEntityID>172</BusinessEntityID><DepartmentID>7</DepartmentID><ShiftID>1</ShiftID><StartDate>2009-01-16</StartDate><EndDate></EndDate><ModifiedDate>2009-01-15 00:00:00</ModifiedDate></EmployeeDepartmentHistory>
<EmployeeDepartmentHistory><BusinessEntityID>173</BusinessEntityID><DepartmentID>7</DepartmentID><ShiftID>1</ShiftID><StartDate>2009-01-21</StartDate><EndDate></EndDate><ModifiedDate>2009-01-20 00:00:00</ModifiedDate></EmployeeDepartmentHistory>
<EmployeeDepartmentHistory><BusinessEntityID>174</BusinessEntityID><DepartmentID>7</DepartmentID><ShiftID>1</ShiftID><StartDate>2009-01-27</StartDate><EndDate></EndDate><ModifiedDate>2009-01-26 00:00:00</ModifiedDate></EmployeeDepartmentHistory>
<EmployeeDepartmentHistory><BusinessEntityID>175</BusinessEntityID><DepartmentID>7</DepartmentID><ShiftID>1</ShiftID><StartDate>2009-02-02</StartDate><EndDate></EndDate><ModifiedDate>2009-02-01 00:00:00</ModifiedDate></EmployeeDepartmentHistory>
<EmployeeDepartmentHistory><BusinessEntityID>176</BusinessEntityID><DepartmentID>7</DepartmentID><ShiftID>1</ShiftID><StartDate>2009-02-14</StartDate><EndDate></EndDate><ModifiedDate>2009-02-13 00:00:00</ModifiedDate></EmployeeDepartmentHistory>
<EmployeeDepartmentHistory><BusinessEntityID>177</BusinessEntityID><DepartmentID>7</DepartmentID><ShiftID>1</ShiftID><StartDate>2009-02-21</StartDate><EndDate></EndDate><ModifiedDate>2009-02-20 00:00:00</ModifiedDate></EmployeeDepartmentHistory>
<EmployeeDepartmentHistory><BusinessEntityID>178</BusinessEntityID><DepartmentID>7</DepartmentID><ShiftID>1</ShiftID><StartDate>2009-03-03</StartDate><EndDate></EndDate><ModifiedDate>2009-03-02 00:00:00</ModifiedDate></EmployeeDepartmentHistory>
<EmployeeDepartmentHistory><BusinessEntityID>179</BusinessEntityID><DepartmentID>7</DepartmentID><ShiftID>1</ShiftID><StartDate>2009-03-05</StartDate><EndDate></EndDate><ModifiedDate>2009-03-04 00:00:00</ModifiedDate></EmployeeDepartmentHistory>
<EmployeeDepartmentHistory><BusinessEntityID>180</BusinessEntityID><DepartmentID>7</DepartmentID><ShiftID>3</ShiftID><StartDate>2009-02-20</StartDate><EndDate></EndDate><ModifiedDate>2009-02-19 00:00:00</ModifiedDate></EmployeeDepartmentHistory>
<EmployeeDepartmentHistory><BusinessEntityID>181</BusinessEntityID><DepartmentID>7</DepartmentID><ShiftID>3</ShiftID><StartDate>2008-12-09</StartDate><EndDate></EndDate><ModifiedDate>2008-12-08 00:00:00</ModifiedDate></EmployeeDepartmentHistory>
<EmployeeDepartmentHistory><BusinessEntityID>182</BusinessEntityID><DepartmentID>7</DepartmentID><ShiftID>3</ShiftID><StartDate>2008-12-28</StartDate><EndDate></EndDate><ModifiedDate>2008-12-27 00:00:00</ModifiedDate></EmployeeDepartmentHistory>
<EmployeeDepartmentHistory><BusinessEntityID>183</BusinessEntityID><DepartmentID>7</DepartmentID><ShiftID>3</ShiftID><StartDate>2009-01-22</StartDate><EndDate></EndDate><ModifiedDate>2009-01-21 00:00:00</ModifiedDate></EmployeeDepartmentHistory>
<EmployeeDepartmentHistory><BusinessEntityID>184</BusinessEntityID><DepartmentID>7</DepartmentID><ShiftID>3</ShiftID><StartDate>2009-02-09</StartDate><EndDate></EndDate><ModifiedDate>2009-02-08 00:00:00</ModifiedDate></EmployeeDepartmentHistory>
<EmployeeDepartmentHistory><BusinessEntityID>185</BusinessEntityID><DepartmentID>7</DepartmentID><ShiftID>3</ShiftID><StartDate>2009-02-28</StartDate><EndDate></EndDate><ModifiedDate>2009-02-27 00:00:00</ModifiedDate></EmployeeDepartmentHistory>
<EmployeeDepartmentHistory><BusinessEntityID>186</BusinessEntityID><DepartmentID>7</DepartmentID><ShiftID>2</ShiftID><StartDate>2009-02-08</StartDate><EndDate></EndDate><ModifiedDate>2009-02-07 00:00:00</ModifiedDate></EmployeeDepartmentHistory>
<EmployeeDepartmentHistory><BusinessEntityID>187</BusinessEntityID><DepartmentID>7</DepartmentID><ShiftID>2</ShiftID><StartDate>2008-12-09</StartDate><EndDate></EndDate><ModifiedDate>2008-12-08 00:00:00</ModifiedDate></EmployeeDepartmentHistory>
<EmployeeDepartmentHistory><BusinessEntityID>188</BusinessEntityID><DepartmentID>7</DepartmentID><ShiftID>2</ShiftID><StartDate>2008-12-27</StartDate><EndDate></EndDate><ModifiedDate>2008-12-26 00:00:00</ModifiedDate></EmployeeDepartmentHistory>
<EmployeeDepartmentHistory><BusinessEntityID>189</BusinessEntityID><DepartmentID>7</DepartmentID><ShiftID>2</ShiftID><StartDate>2009-01-15</StartDate><EndDate></EndDate><ModifiedDate>2009-01-14 00:00:00</ModifiedDate></EmployeeDepartmentHistory>
<EmployeeDepartmentHistory><BusinessEntityID>190</BusinessEntityID><DepartmentID>7</DepartmentID><ShiftID>2</ShiftID><StartDate>2009-02-02</StartDate><EndDate></EndDate><ModifiedDate>2009-02-01 00:00:00</ModifiedDate></EmployeeDepartmentHistory>
<EmployeeDepartmentHistory><BusinessEntityID>191</BusinessEntityID><DepartmentID>7</DepartmentID><ShiftID>2</ShiftID><StartDate>2009-02-26</StartDate><EndDate></EndDate><ModifiedDate>2009-02-25 00:00:00</ModifiedDate></EmployeeDepartmentHistory>
<EmployeeDepartmentHistory><BusinessEntityID>192</BusinessEntityID><DepartmentID>7</DepartmentID><ShiftID>1</ShiftID><StartDate>2009-03-05</StartDate><EndDate></EndDate><ModifiedDate>2009-03-04 00:00:00</ModifiedDate></EmployeeDepartmentHistory>
<EmployeeDepartmentHistory><BusinessEntityID>193</BusinessEntityID><DepartmentID>7</DepartmentID><ShiftID>1</ShiftID><StartDate>2008-12-06</StartDate><EndDate></EndDate><ModifiedDate>2008-12-05 00:00:00</ModifiedDate></EmployeeDepartmentHistory>
<EmployeeDepartmentHistory><BusinessEntityID>194</BusinessEntityID><DepartmentID>7</DepartmentID><ShiftID>1</ShiftID><StartDate>2008-12-12</StartDate><EndDate></EndDate><ModifiedDate>2008-12-11 00:00:00</ModifiedDate></EmployeeDepartmentHistory>
<EmployeeDepartmentHistory><BusinessEntityID>195</BusinessEntityID><DepartmentID>7</DepartmentID><ShiftID>1</ShiftID><StartDate>2008-12-17</StartDate><EndDate></EndDate><ModifiedDate>2008-12-16 00:00:00</ModifiedDate></EmployeeDepartmentHistory>
<EmployeeDepartmentHistory><BusinessEntityID>196</BusinessEntityID><DepartmentID>7</DepartmentID><ShiftID>1</ShiftID><StartDate>2008-12-24</StartDate><EndDate></EndDate><ModifiedDate>2008-12-23 00:00:00</ModifiedDate></EmployeeDepartmentHistory>
<EmployeeDepartmentHistory><BusinessEntityID>197</BusinessEntityID><DepartmentID>7</DepartmentID><ShiftID>1</ShiftID><StartDate>2008-12-31</StartDate><EndDate></EndDate><ModifiedDate>2008-12-30 00:00:00</ModifiedDate></EmployeeDepartmentHistory>
<EmployeeDepartmentHistory><BusinessEntityID>198</BusinessEntityID><DepartmentID>7</DepartmentID><ShiftID>1</ShiftID><StartDate>2009-01-04</StartDate><EndDate></EndDate><ModifiedDate>2009-01-03 00:00:00</ModifiedDate></EmployeeDepartmentHistory>
<EmployeeDepartmentHistory><BusinessEntityID>199</BusinessEntityID><DepartmentID>7</DepartmentID><ShiftID>1</ShiftID><StartDate>2009-01-12</StartDate><EndDate></EndDate><ModifiedDate>2009-01-11 00:00:00</ModifiedDate></EmployeeDepartmentHistory>
<EmployeeDepartmentHistory><BusinessEntityID>200</BusinessEntityID><DepartmentID>7</DepartmentID><ShiftID>1</ShiftID><StartDate>2009-01-17</StartDate><EndDate></EndDate><ModifiedDate>2009-01-16 00:00:00</ModifiedDate></EmployeeDepartmentHistory>
<EmployeeDepartmentHistory><BusinessEntityID>201</BusinessEntityID><DepartmentID>7</DepartmentID><ShiftID>1</ShiftID><StartDate>2009-01-29</StartDate><EndDate></EndDate><ModifiedDate>2009-01-28 00:00:00</ModifiedDate></EmployeeDepartmentHistory>
<EmployeeDepartmentHistory><BusinessEntityID>202</BusinessEntityID><DepartmentID>7</DepartmentID><ShiftID>1</ShiftID><StartDate>2009-02-05</StartDate><EndDate></EndDate><ModifiedDate>2009-02-04 00:00:00</ModifiedDate></EmployeeDepartmentHistory>
<EmployeeDepartmentHistory><BusinessEntityID>203</BusinessEntityID><DepartmentID>7</DepartmentID><ShiftID>1</ShiftID><StartDate>2009-02-24</StartDate><EndDate></EndDate><ModifiedDate>2009-02-23 00:00:00</ModifiedDate></EmployeeDepartmentHistory>
<EmployeeDepartmentHistory><BusinessEntityID>204</BusinessEntityID><DepartmentID>7</DepartmentID><ShiftID>1</ShiftID><StartDate>2009-03-08</StartDate><EndDate></EndDate><ModifiedDate>2009-03-07 00:00:00</ModifiedDate></EmployeeDepartmentHistory>
<EmployeeDepartmentHistory><BusinessEntityID>205</BusinessEntityID><DepartmentID>7</DepartmentID><ShiftID>3</ShiftID><StartDate>2009-02-26</StartDate><EndDate></EndDate><ModifiedDate>2009-02-25 00:00:00</ModifiedDate></EmployeeDepartmentHistory>
<EmployeeDepartmentHistory><BusinessEntityID>206</BusinessEntityID><DepartmentID>7</DepartmentID><ShiftID>3</ShiftID><StartDate>2008-12-02</StartDate><EndDate></EndDate><ModifiedDate>2008-12-01 00:00:00</ModifiedDate></EmployeeDepartmentHistory>
<EmployeeDepartmentHistory><BusinessEntityID>207</BusinessEntityID><DepartmentID>7</DepartmentID><ShiftID>3</ShiftID><StartDate>2008-12-02</StartDate><EndDate></EndDate><ModifiedDate>2008-12-01 00:00:00</ModifiedDate></EmployeeDepartmentHistory>
<EmployeeDepartmentHistory><BusinessEntityID>208</BusinessEntityID><DepartmentID>7</DepartmentID><ShiftID>3</ShiftID><StartDate>2009-01-08</StartDate><EndDate></EndDate><ModifiedDate>2009-01-07 00:00:00</ModifiedDate></EmployeeDepartmentHistory>
<EmployeeDepartmentHistory><BusinessEntityID>209</BusinessEntityID><DepartmentID>7</DepartmentID><ShiftID>3</ShiftID><StartDate>2009-01-27</StartDate><EndDate></EndDate><ModifiedDate>2009-01-26 00:00:00</ModifiedDate></EmployeeDepartmentHistory>
<EmployeeDepartmentHistory><BusinessEntityID>210</BusinessEntityID><DepartmentID>7</DepartmentID><ShiftID>3</ShiftID><StartDate>2009-02-20</StartDate><EndDate></EndDate><ModifiedDate>2009-02-19 00:00:00</ModifiedDate></EmployeeDepartmentHistory>
<EmployeeDepartmentHistory><BusinessEntityID>211</BusinessEntityID><DepartmentID>13</DepartmentID><ShiftID>1</ShiftID><StartDate>2009-02-28</StartDate><EndDate></EndDate><ModifiedDate>2009-02-27 00:00:00</ModifiedDate></EmployeeDepartmentHistory>
<EmployeeDepartmentHistory><BusinessEntityID>212</BusinessEntityID><DepartmentID>13</DepartmentID><ShiftID>1</ShiftID><StartDate>2008-12-09</StartDate><EndDate></EndDate><ModifiedDate>2008-12-08 00:00:00</ModifiedDate></EmployeeDepartmentHistory>
<EmployeeDepartmentHistory><BusinessEntityID>213</BusinessEntityID><DepartmentID>13</DepartmentID><ShiftID>3</ShiftID><StartDate>2010-02-23</StartDate><EndDate></EndDate><ModifiedDate>2010-02-22 00:00:00</ModifiedDate></EmployeeDepartmentHistory>
<EmployeeDepartmentHistory><BusinessEntityID>214</BusinessEntityID><DepartmentID>13</DepartmentID><ShiftID>2</ShiftID><StartDate>2009-02-02</StartDate><EndDate></EndDate><ModifiedDate>2009-02-01 00:00:00</ModifiedDate></EmployeeDepartmentHistory>
<EmployeeDepartmentHistory><BusinessEntityID>215</BusinessEntityID><DepartmentID>13</DepartmentID><ShiftID>1</ShiftID><StartDate>2009-01-15</StartDate><EndDate></EndDate><ModifiedDate>2009-01-14 00:00:00</ModifiedDate></EmployeeDepartmentHistory>
<EmployeeDepartmentHistory><BusinessEntityID>216</BusinessEntityID><DepartmentID>13</DepartmentID><ShiftID>1</ShiftID><StartDate>2008-12-28</StartDate><EndDate></EndDate><ModifiedDate>2008-12-27 00:00:00</ModifiedDate></EmployeeDepartmentHistory>
<EmployeeDepartmentHistory><BusinessEntityID>217</BusinessEntityID><DepartmentID>12</DepartmentID><ShiftID>1</ShiftID><StartDate>2009-01-04</StartDate><EndDate></EndDate><ModifiedDate>2009-01-03 00:00:00</ModifiedDate></EmployeeDepartmentHistory>
<EmployeeDepartmentHistory><BusinessEntityID>218</BusinessEntityID><DepartmentID>12</DepartmentID><ShiftID>3</ShiftID><StartDate>2008-12-16</StartDate><EndDate></EndDate><ModifiedDate>2008-12-15 00:00:00</ModifiedDate></EmployeeDepartmentHistory>
<EmployeeDepartmentHistory><BusinessEntityID>219</BusinessEntityID><DepartmentID>12</DepartmentID><ShiftID>1</ShiftID><StartDate>2009-01-22</StartDate><EndDate></EndDate><ModifiedDate>2009-01-21 00:00:00</ModifiedDate></EmployeeDepartmentHistory>
<EmployeeDepartmentHistory><BusinessEntityID>220</BusinessEntityID><DepartmentID>12</DepartmentID><ShiftID>1</ShiftID><StartDate>2009-02-09</StartDate><EndDate></EndDate><ModifiedDate>2009-02-08 00:00:00</ModifiedDate></EmployeeDepartmentHistory>
<EmployeeDepartmentHistory><BusinessEntityID>221</BusinessEntityID><DepartmentID>12</DepartmentID><ShiftID>2</ShiftID><StartDate>2009-03-06</StartDate><EndDate></EndDate><ModifiedDate>2009-03-05 00:00:00</ModifiedDate></EmployeeDepartmentHistory>
<EmployeeDepartmentHistory><BusinessEntityID>222</BusinessEntityID><DepartmentID>8</DepartmentID><ShiftID>1</ShiftID><StartDate>2008-12-12</StartDate><EndDate></EndDate><ModifiedDate>2008-12-11 00:00:00</ModifiedDate></EmployeeDepartmentHistory>
<EmployeeDepartmentHistory><BusinessEntityID>223</BusinessEntityID><DepartmentID>8</DepartmentID><ShiftID>1</ShiftID><StartDate>2009-01-26</StartDate><EndDate></EndDate><ModifiedDate>2009-01-25 00:00:00</ModifiedDate></EmployeeDepartmentHistory>
<EmployeeDepartmentHistory><BusinessEntityID>224</BusinessEntityID><DepartmentID>7</DepartmentID><ShiftID>1</ShiftID><StartDate>2009-01-07</StartDate><EndDate>2011-08-31</EndDate><ModifiedDate>2011-08-29 00:00:00</ModifiedDate></EmployeeDepartmentHistory>
<EmployeeDepartmentHistory><BusinessEntityID>224</BusinessEntityID><DepartmentID>8</DepartmentID><ShiftID>1</ShiftID><StartDate>2011-09-01</StartDate><EndDate></EndDate><ModifiedDate>2011-08-31 00:00:00</ModifiedDate></EmployeeDepartmentHistory>
<EmployeeDepartmentHistory><BusinessEntityID>225</BusinessEntityID><DepartmentID>8</DepartmentID><ShiftID>2</ShiftID><StartDate>2009-02-13</StartDate><EndDate></EndDate><ModifiedDate>2009-02-12 00:00:00</ModifiedDate></EmployeeDepartmentHistory>
<EmployeeDepartmentHistory><BusinessEntityID>226</BusinessEntityID><DepartmentID>8</DepartmentID><ShiftID>3</ShiftID><StartDate>2009-03-03</StartDate><EndDate></EndDate><ModifiedDate>2009-03-02 00:00:00</ModifiedDate></EmployeeDepartmentHistory>
<EmployeeDepartmentHistory><BusinessEntityID>227</BusinessEntityID><DepartmentID>14</DepartmentID><ShiftID>1</ShiftID><StartDate>2009-12-02</StartDate><EndDate></EndDate><ModifiedDate>2009-12-01 00:00:00</ModifiedDate></EmployeeDepartmentHistory>
<EmployeeDepartmentHistory><BusinessEntityID>228</BusinessEntityID><DepartmentID>14</DepartmentID><ShiftID>1</ShiftID><StartDate>2008-12-14</StartDate><EndDate></EndDate><ModifiedDate>2008-12-13 00:00:00</ModifiedDate></EmployeeDepartmentHistory>
<EmployeeDepartmentHistory><BusinessEntityID>229</BusinessEntityID><DepartmentID>14</DepartmentID><ShiftID>3</ShiftID><StartDate>2010-02-16</StartDate><EndDate></EndDate><ModifiedDate>2010-02-15 00:00:00</ModifiedDate></EmployeeDepartmentHistory>
<EmployeeDepartmentHistory><BusinessEntityID>230</BusinessEntityID><DepartmentID>14</DepartmentID><ShiftID>2</ShiftID><StartDate>2010-03-05</StartDate><EndDate></EndDate><ModifiedDate>2010-03-04 00:00:00</ModifiedDate></EmployeeDepartmentHistory>
<EmployeeDepartmentHistory><BusinessEntityID>231</BusinessEntityID><DepartmentID>14</DepartmentID><ShiftID>3</ShiftID><StartDate>2010-03-07</StartDate><EndDate></EndDate><ModifiedDate>2010-03-06 00:00:00</ModifiedDate></EmployeeDepartmentHistory>
<EmployeeDepartmentHistory><BusinessEntityID>232</BusinessEntityID><DepartmentID>14</DepartmentID><ShiftID>2</ShiftID><StartDate>2010-01-27</StartDate><EndDate></EndDate><ModifiedDate>2010-01-26 00:00:00</ModifiedDate></EmployeeDepartmentHistory>
<EmployeeDepartmentHistory><BusinessEntityID>233</BusinessEntityID><DepartmentID>14</DepartmentID><ShiftID>1</ShiftID><StartDate>2009-12-21</StartDate><EndDate></EndDate><ModifiedDate>2009-12-20 00:00:00</ModifiedDate></EmployeeDepartmentHistory>
<EmployeeDepartmentHistory><BusinessEntityID>234</BusinessEntityID><DepartmentID>10</DepartmentID><ShiftID>1</ShiftID><StartDate>2009-01-31</StartDate><EndDate>2013-11-13</EndDate><ModifiedDate>2013-11-11 00:00:00</ModifiedDate></EmployeeDepartmentHistory>
<EmployeeDepartmentHistory><BusinessEntityID>234</BusinessEntityID><DepartmentID>16</DepartmentID><ShiftID>1</ShiftID><StartDate>2013-11-14</StartDate><EndDate></EndDate><ModifiedDate>2013-11-13 00:00:00</ModifiedDate></EmployeeDepartmentHistory>
<EmployeeDepartmentHistory><BusinessEntityID>235</BusinessEntityID><DepartmentID>9</DepartmentID><ShiftID>1</ShiftID><StartDate>2008-12-06</StartDate><EndDate></EndDate><ModifiedDate>2008-12-05 00:00:00</ModifiedDate></EmployeeDepartmentHistory>
<EmployeeDepartmentHistory><BusinessEntityID>236</BusinessEntityID><DepartmentID>9</DepartmentID><ShiftID>1</ShiftID><StartDate>2009-02-25</StartDate><EndDate></EndDate><ModifiedDate>2009-02-24 00:00:00</ModifiedDate></EmployeeDepartmentHistory>
<EmployeeDepartmentHistory><BusinessEntityID>237</BusinessEntityID><DepartmentID>9</DepartmentID><ShiftID>1</ShiftID><StartDate>2009-02-06</StartDate><EndDate></EndDate><ModifiedDate>2009-02-05 00:00:00</ModifiedDate></EmployeeDepartmentHistory>
<EmployeeDepartmentHistory><BusinessEntityID>238</BusinessEntityID><DepartmentID>9</DepartmentID><ShiftID>1</ShiftID><StartDate>2009-01-01</StartDate><EndDate></EndDate><ModifiedDate>2008-12-31 00:00:00</ModifiedDate></EmployeeDepartmentHistory>
<EmployeeDepartmentHistory><BusinessEntityID>239</BusinessEntityID><DepartmentID>9</DepartmentID><ShiftID>1</ShiftID><StartDate>2008-12-25</StartDate><EndDate></EndDate><ModifiedDate>2008-12-24 00:00:00</ModifiedDate></EmployeeDepartmentHistory>
<EmployeeDepartmentHistory><BusinessEntityID>240</BusinessEntityID><DepartmentID>9</DepartmentID><ShiftID>1</ShiftID><StartDate>2008-12-13</StartDate><EndDate></EndDate><ModifiedDate>2008-12-12 00:00:00</ModifiedDate></EmployeeDepartmentHistory>
<EmployeeDepartmentHistory><BusinessEntityID>241</BusinessEntityID><DepartmentID>10</DepartmentID><ShiftID>1</ShiftID><StartDate>2009-01-30</StartDate><EndDate></EndDate><ModifiedDate>2009-01-29 00:00:00</ModifiedDate></EmployeeDepartmentHistory>
<EmployeeDepartmentHistory><BusinessEntityID>242</BusinessEntityID><DepartmentID>10</DepartmentID><ShiftID>1</ShiftID><StartDate>2008-12-18</StartDate><EndDate></EndDate><ModifiedDate>2008-12-17 00:00:00</ModifiedDate></EmployeeDepartmentHistory>
<EmployeeDepartmentHistory><BusinessEntityID>243</BusinessEntityID><DepartmentID>10</DepartmentID><ShiftID>1</ShiftID><StartDate>2009-01-06</StartDate><EndDate></EndDate><ModifiedDate>2009-01-05 00:00:00</ModifiedDate></EmployeeDepartmentHistory>
<EmployeeDepartmentHistory><BusinessEntityID>244</BusinessEntityID><DepartmentID>10</DepartmentID><ShiftID>1</ShiftID><StartDate>2009-01-24</StartDate><EndDate></EndDate><ModifiedDate>2009-01-23 00:00:00</ModifiedDate></EmployeeDepartmentHistory>
<EmployeeDepartmentHistory><BusinessEntityID>245</BusinessEntityID><DepartmentID>10</DepartmentID><ShiftID>1</ShiftID><StartDate>2009-02-18</StartDate><EndDate></EndDate><ModifiedDate>2009-02-17 00:00:00</ModifiedDate></EmployeeDepartmentHistory>
<EmployeeDepartmentHistory><BusinessEntityID>246</BusinessEntityID><DepartmentID>10</DepartmentID><ShiftID>1</ShiftID><StartDate>2009-02-11</StartDate><EndDate></EndDate><ModifiedDate>2009-02-10 00:00:00</ModifiedDate></EmployeeDepartmentHistory>
<EmployeeDepartmentHistory><BusinessEntityID>247</BusinessEntityID><DepartmentID>10</DepartmentID><ShiftID>1</ShiftID><StartDate>2009-03-01</StartDate><EndDate></EndDate><ModifiedDate>2009-02-28 00:00:00</ModifiedDate></EmployeeDepartmentHistory>
<EmployeeDepartmentHistory><BusinessEntityID>248</BusinessEntityID><DepartmentID>10</DepartmentID><ShiftID>1</ShiftID><StartDate>2009-03-08</StartDate><EndDate></EndDate><ModifiedDate>2009-03-07 00:00:00</ModifiedDate></EmployeeDepartmentHistory>
<EmployeeDepartmentHistory><BusinessEntityID>249</BusinessEntityID><DepartmentID>10</DepartmentID><ShiftID>1</ShiftID><StartDate>2008-12-25</StartDate><EndDate></EndDate><ModifiedDate>2008-12-24 00:00:00</ModifiedDate></EmployeeDepartmentHistory>
<EmployeeDepartmentHistory><BusinessEntityID>250</BusinessEntityID><DepartmentID>4</DepartmentID><ShiftID>1</ShiftID><StartDate>2011-02-25</StartDate><EndDate>2011-07-30</EndDate><ModifiedDate>2011-07-28 00:00:00</ModifiedDate></EmployeeDepartmentHistory>
<EmployeeDepartmentHistory><BusinessEntityID>250</BusinessEntityID><DepartmentID>13</DepartmentID><ShiftID>1</ShiftID><StartDate>2011-07-31</StartDate><EndDate>2012-07-14</EndDate><ModifiedDate>2012-07-12 00:00:00</ModifiedDate></EmployeeDepartmentHistory>
<EmployeeDepartmentHistory><BusinessEntityID>250</BusinessEntityID><DepartmentID>5</DepartmentID><ShiftID>1</ShiftID><StartDate>2012-07-15</StartDate><EndDate></EndDate><ModifiedDate>2012-07-14 00:00:00</ModifiedDate></EmployeeDepartmentHistory>
<EmployeeDepartmentHistory><BusinessEntityID>251</BusinessEntityID><DepartmentID>5</DepartmentID><ShiftID>1</ShiftID><StartDate>2009-02-10</StartDate><EndDate></EndDate><ModifiedDate>2009-02-09 00:00:00</ModifiedDate></EmployeeDepartmentHistory>
<EmployeeDepartmentHistory><BusinessEntityID>252</BusinessEntityID><DepartmentID>5</DepartmentID><ShiftID>1</ShiftID><StartDate>2009-02-28</StartDate><EndDate></EndDate><ModifiedDate>2009-02-27 00:00:00</ModifiedDate></EmployeeDepartmentHistory>
<EmployeeDepartmentHistory><BusinessEntityID>253</BusinessEntityID><DepartmentID>5</DepartmentID><ShiftID>1</ShiftID><StartDate>2009-12-17</StartDate><EndDate></EndDate><ModifiedDate>2009-12-16 00:00:00</ModifiedDate></EmployeeDepartmentHistory>
<EmployeeDepartmentHistory><BusinessEntityID>254</BusinessEntityID><DepartmentID>5</DepartmentID><ShiftID>1</ShiftID><StartDate>2010-01-04</StartDate><EndDate></EndDate><ModifiedDate>2010-01-03 00:00:00</ModifiedDate></EmployeeDepartmentHistory>
<EmployeeDepartmentHistory><BusinessEntityID>255</BusinessEntityID><DepartmentID>5</DepartmentID><ShiftID>1</ShiftID><StartDate>2010-01-11</StartDate><EndDate></EndDate><ModifiedDate>2010-01-10 00:00:00</ModifiedDate></EmployeeDepartmentHistory>
<EmployeeDepartmentHistory><BusinessEntityID>256</BusinessEntityID><DepartmentID>5</DepartmentID><ShiftID>1</ShiftID><StartDate>2010-01-23</StartDate><EndDate></EndDate><ModifiedDate>2010-01-22 00:00:00</ModifiedDate></EmployeeDepartmentHistory>
<EmployeeDepartmentHistory><BusinessEntityID>257</BusinessEntityID><DepartmentID>5</DepartmentID><ShiftID>1</ShiftID><StartDate>2010-01-27</StartDate><EndDate></EndDate><ModifiedDate>2010-01-26 00:00:00</ModifiedDate></EmployeeDepartmentHistory>
<EmployeeDepartmentHistory><BusinessEntityID>258</BusinessEntityID><DepartmentID>5</DepartmentID><ShiftID>1</ShiftID><StartDate>2010-01-31</StartDate><EndDate></EndDate><ModifiedDate>2010-01-30 00:00:00</ModifiedDate></EmployeeDepartmentHistory>
<EmployeeDepartmentHistory><BusinessEntityID>259</BusinessEntityID><DepartmentID>5</DepartmentID><ShiftID>1</ShiftID><StartDate>2010-03-09</StartDate><EndDate></EndDate><ModifiedDate>2010-03-08 00:00:00</ModifiedDate></EmployeeDepartmentHistory>
<EmployeeDepartmentHistory><BusinessEntityID>260</BusinessEntityID><DepartmentID>5</DepartmentID><ShiftID>1</ShiftID><StartDate>2010-12-06</StartDate><EndDate></EndDate><ModifiedDate>2010-12-05 00:00:00</ModifiedDate></EmployeeDepartmentHistory>
<EmployeeDepartmentHistory><BusinessEntityID>261</BusinessEntityID><DepartmentID>5</DepartmentID><ShiftID>1</ShiftID><StartDate>2010-12-25</StartDate><EndDate></EndDate><ModifiedDate>2010-12-24 00:00:00</ModifiedDate></EmployeeDepartmentHistory>
<EmployeeDepartmentHistory><BusinessEntityID>262</BusinessEntityID><DepartmentID>10</DepartmentID><ShiftID>1</ShiftID><StartDate>2009-01-12</StartDate><EndDate></EndDate><ModifiedDate>2009-01-11 00:00:00</ModifiedDate></EmployeeDepartmentHistory>
<EmployeeDepartmentHistory><BusinessEntityID>263</BusinessEntityID><DepartmentID>11</DepartmentID><ShiftID>1</ShiftID><StartDate>2008-12-11</StartDate><EndDate></EndDate><ModifiedDate>2008-12-10 00:00:00</ModifiedDate></EmployeeDepartmentHistory>
<EmployeeDepartmentHistory><BusinessEntityID>264</BusinessEntityID><DepartmentID>11</DepartmentID><ShiftID>1</ShiftID><StartDate>2009-02-04</StartDate><EndDate></EndDate><ModifiedDate>2009-02-03 00:00:00</ModifiedDate></EmployeeDepartmentHistory>
<EmployeeDepartmentHistory><BusinessEntityID>265</BusinessEntityID><DepartmentID>11</DepartmentID><ShiftID>2</ShiftID><StartDate>2008-12-04</StartDate><EndDate></EndDate><ModifiedDate>2008-12-03 00:00:00</ModifiedDate></EmployeeDepartmentHistory>
<EmployeeDepartmentHistory><BusinessEntityID>266</BusinessEntityID><DepartmentID>11</DepartmentID><ShiftID>1</ShiftID><StartDate>2009-02-23</StartDate><EndDate></EndDate><ModifiedDate>2009-02-22 00:00:00</ModifiedDate></EmployeeDepartmentHistory>
<EmployeeDepartmentHistory><BusinessEntityID>267</BusinessEntityID><DepartmentID>11</DepartmentID><ShiftID>1</ShiftID><StartDate>2009-02-16</StartDate><EndDate></EndDate><ModifiedDate>2009-02-15 00:00:00</ModifiedDate></EmployeeDepartmentHistory>
<EmployeeDepartmentHistory><BusinessEntityID>268</BusinessEntityID><DepartmentID>11</DepartmentID><ShiftID>1</ShiftID><StartDate>2009-02-03</StartDate><EndDate></EndDate><ModifiedDate>2009-02-02 00:00:00</ModifiedDate></EmployeeDepartmentHistory>
<EmployeeDepartmentHistory><BusinessEntityID>269</BusinessEntityID><DepartmentID>11</DepartmentID><ShiftID>1</ShiftID><StartDate>2009-01-11</StartDate><EndDate></EndDate><ModifiedDate>2009-01-10 00:00:00</ModifiedDate></EmployeeDepartmentHistory>
<EmployeeDepartmentHistory><BusinessEntityID>270</BusinessEntityID><DepartmentID>11</DepartmentID><ShiftID>1</ShiftID><StartDate>2009-01-17</StartDate><EndDate></EndDate><ModifiedDate>2009-01-16 00:00:00</ModifiedDate></EmployeeDepartmentHistory>
<EmployeeDepartmentHistory><BusinessEntityID>271</BusinessEntityID><DepartmentID>11</DepartmentID><ShiftID>1</ShiftID><StartDate>2009-01-22</StartDate><EndDate></EndDate><ModifiedDate>2009-01-21 00:00:00</ModifiedDate></EmployeeDepartmentHistory>
<EmployeeDepartmentHistory><BusinessEntityID>272</BusinessEntityID><DepartmentID>11</DepartmentID><ShiftID>1</ShiftID><StartDate>2008-12-23</StartDate><EndDate></EndDate><ModifiedDate>2008-12-22 00:00:00</ModifiedDate></EmployeeDepartmentHistory>
<EmployeeDepartmentHistory><BusinessEntityID>273</BusinessEntityID><DepartmentID>3</DepartmentID><ShiftID>1</ShiftID><StartDate>2011-02-15</StartDate><EndDate></EndDate><ModifiedDate>2011-02-14 00:00:00</ModifiedDate></EmployeeDepartmentHistory>
<EmployeeDepartmentHistory><BusinessEntityID>274</BusinessEntityID><DepartmentID>3</DepartmentID><ShiftID>1</ShiftID><StartDate>2011-01-04</StartDate><EndDate></EndDate><ModifiedDate>2011-01-03 00:00:00</ModifiedDate></EmployeeDepartmentHistory>
<EmployeeDepartmentHistory><BusinessEntityID>275</BusinessEntityID><DepartmentID>3</DepartmentID><ShiftID>1</ShiftID><StartDate>2011-05-31</StartDate><EndDate></EndDate><ModifiedDate>2011-05-30 00:00:00</ModifiedDate></EmployeeDepartmentHistory>
<EmployeeDepartmentHistory><BusinessEntityID>276</BusinessEntityID><DepartmentID>3</DepartmentID><ShiftID>1</ShiftID><StartDate>2011-05-31</StartDate><EndDate></EndDate><ModifiedDate>2011-05-30 00:00:00</ModifiedDate></EmployeeDepartmentHistory>
<EmployeeDepartmentHistory><BusinessEntityID>277</BusinessEntityID><DepartmentID>3</DepartmentID><ShiftID>1</ShiftID><StartDate>2011-05-31</StartDate><EndDate></EndDate><ModifiedDate>2011-05-30 00:00:00</ModifiedDate></EmployeeDepartmentHistory>
<EmployeeDepartmentHistory><BusinessEntityID>278</BusinessEntityID><DepartmentID>3</DepartmentID><ShiftID>1</ShiftID><StartDate>2011-05-31</StartDate><EndDate></EndDate><ModifiedDate>2011-05-30 00:00:00</ModifiedDate></EmployeeDepartmentHistory>
<EmployeeDepartmentHistory><BusinessEntityID>279</BusinessEntityID><DepartmentID>3</DepartmentID><ShiftID>1</ShiftID><StartDate>2011-05-31</StartDate><EndDate></EndDate><ModifiedDate>2011-05-30 00:00:00</ModifiedDate></EmployeeDepartmentHistory>
<EmployeeDepartmentHistory><BusinessEntityID>280</BusinessEntityID><DepartmentID>3</DepartmentID><ShiftID>1</ShiftID><StartDate>2011-05-31</StartDate><EndDate></EndDate><ModifiedDate>2011-05-30 00:00:00</ModifiedDate></EmployeeDepartmentHistory>
<EmployeeDepartmentHistory><BusinessEntityID>281</BusinessEntityID><DepartmentID>3</DepartmentID><ShiftID>1</ShiftID><StartDate>2011-05-31</StartDate><EndDate></EndDate><ModifiedDate>2011-05-30 00:00:00</ModifiedDate></EmployeeDepartmentHistory>
<EmployeeDepartmentHistory><BusinessEntityID>282</BusinessEntityID><DepartmentID>3</DepartmentID><ShiftID>1</ShiftID><StartDate>2011-05-31</StartDate><EndDate></EndDate><ModifiedDate>2011-05-30 00:00:00</ModifiedDate></EmployeeDepartmentHistory>
<EmployeeDepartmentHistory><BusinessEntityID>283</BusinessEntityID><DepartmentID>3</DepartmentID><ShiftID>1</ShiftID><StartDate>2011-05-31</StartDate><EndDate></EndDate><ModifiedDate>2011-05-30 00:00:00</ModifiedDate></EmployeeDepartmentHistory>
<EmployeeDepartmentHistory><BusinessEntityID>284</BusinessEntityID><DepartmentID>3</DepartmentID><ShiftID>1</ShiftID><StartDate>2012-09-30</StartDate><EndDate></EndDate><ModifiedDate>2012-09-29 00:00:00</ModifiedDate></EmployeeDepartmentHistory>
<EmployeeDepartmentHistory><BusinessEntityID>285</BusinessEntityID><DepartmentID>3</DepartmentID><ShiftID>1</ShiftID><StartDate>2013-03-14</StartDate><EndDate></EndDate><ModifiedDate>2013-03-13 00:00:00</ModifiedDate></EmployeeDepartmentHistory>
<EmployeeDepartmentHistory><BusinessEntityID>286</BusinessEntityID><DepartmentID>3</DepartmentID><ShiftID>1</ShiftID><StartDate>2013-05-30</StartDate><EndDate></EndDate><ModifiedDate>2013-05-29 00:00:00</ModifiedDate></EmployeeDepartmentHistory>
<EmployeeDepartmentHistory><BusinessEntityID>287</BusinessEntityID><DepartmentID>3</DepartmentID><ShiftID>1</ShiftID><StartDate>2012-04-16</StartDate><EndDate></EndDate><ModifiedDate>2012-04-15 00:00:00</ModifiedDate></EmployeeDepartmentHistory>
<EmployeeDepartmentHistory><BusinessEntityID>288</BusinessEntityID><DepartmentID>3</DepartmentID><ShiftID>1</ShiftID><StartDate>2013-05-30</StartDate><EndDate></EndDate><ModifiedDate>2013-05-29 00:00:00</ModifiedDate></EmployeeDepartmentHistory>
<EmployeeDepartmentHistory><BusinessEntityID>289</BusinessEntityID><DepartmentID>3</DepartmentID><ShiftID>1</ShiftID><StartDate>2012-05-30</StartDate><EndDate></EndDate><ModifiedDate>2012-05-29 00:00:00</ModifiedDate></EmployeeDepartmentHistory>
<EmployeeDepartmentHistory><BusinessEntityID>290</BusinessEntityID><DepartmentID>3</DepartmentID><ShiftID>1</ShiftID><StartDate>2012-05-30</StartDate><EndDate></EndDate><ModifiedDate>2012-05-29 00:00:00</ModifiedDate></EmployeeDepartmentHistory>
</DataTable>
