<DataTable>
<CountryRegionCurrency><CountryRegionCode>AE</CountryRegionCode><CurrencyCode>AED</CurrencyCode><ModifiedDate>2014-02-08 10:17:21</ModifiedDate></CountryRegionCurrency>
<CountryRegionCurrency><CountryRegionCode>AR</CountryRegionCode><CurrencyCode>ARS</CurrencyCode><ModifiedDate>2014-02-08 10:17:21</ModifiedDate></CountryRegionCurrency>
<CountryRegionCurrency><CountryRegionCode>AT</CountryRegionCode><CurrencyCode>ATS</CurrencyCode><ModifiedDate>2014-02-08 10:17:21</ModifiedDate></CountryRegionCurrency>
<CountryRegionCurrency><CountryRegionCode>AT</CountryRegionCode><CurrencyCode>EUR</CurrencyCode><ModifiedDate>2008-04-30 00:00:00</ModifiedDate></CountryRegionCurrency>
<CountryRegionCurrency><CountryRegionCode>AU</CountryRegionCode><CurrencyCode>AUD</CurrencyCode><ModifiedDate>2014-02-08 10:17:21</ModifiedDate></CountryRegionCurrency>
<CountryRegionCurrency><CountryRegionCode>BB</CountryRegionCode><CurrencyCode>BBD</CurrencyCode><ModifiedDate>2014-02-08 10:17:21</ModifiedDate></CountryRegionCurrency>
<CountryRegionCurrency><CountryRegionCode>BD</CountryRegionCode><CurrencyCode>BDT</CurrencyCode><ModifiedDate>2014-02-08 10:17:21</ModifiedDate></CountryRegionCurrency>
<CountryRegionCurrency><CountryRegionCode>BE</CountryRegionCode><CurrencyCode>BEF</CurrencyCode><ModifiedDate>2014-02-08 10:17:21</ModifiedDate></CountryRegionCurrency>
<CountryRegionCurrency><CountryRegionCode>BE</CountryRegionCode><CurrencyCode>EUR</CurrencyCode><ModifiedDate>2008-04-30 00:00:00</ModifiedDate></CountryRegionCurrency>
<CountryRegionCurrency><CountryRegionCode>BG</CountryRegionCode><CurrencyCode>BGN</CurrencyCode><ModifiedDate>2014-02-08 10:17:21</ModifiedDate></CountryRegionCurrency>
<CountryRegionCurrency><CountryRegionCode>BH</CountryRegionCode><CurrencyCode>BHD</CurrencyCode><ModifiedDate>2014-02-08 10:17:21</ModifiedDate></CountryRegionCurrency>
<CountryRegionCurrency><CountryRegionCode>BN</CountryRegionCode><CurrencyCode>BND</CurrencyCode><ModifiedDate>2014-02-08 10:17:21</ModifiedDate></CountryRegionCurrency>
<CountryRegionCurrency><CountryRegionCode>BO</CountryRegionCode><CurrencyCode>BOB</CurrencyCode><ModifiedDate>2014-02-08 10:17:21</ModifiedDate></CountryRegionCurrency>
<CountryRegionCurrency><CountryRegionCode>BR</CountryRegionCode><CurrencyCode>BRL</CurrencyCode><ModifiedDate>2014-02-08 10:17:21</ModifiedDate></CountryRegionCurrency>
<CountryRegionCurrency><CountryRegionCode>BS</CountryRegionCode><CurrencyCode>BSD</CurrencyCode><ModifiedDate>2014-02-08 10:17:21</ModifiedDate></CountryRegionCurrency>
<CountryRegionCurrency><CountryRegionCode>BT</CountryRegionCode><CurrencyCode>BTN</CurrencyCode><ModifiedDate>2014-02-08 10:17:21</ModifiedDate></CountryRegionCurrency>
<CountryRegionCurrency><CountryRegionCode>CA</CountryRegionCode><CurrencyCode>CAD</CurrencyCode><ModifiedDate>2014-02-08 10:17:21</ModifiedDate></CountryRegionCurrency>
<CountryRegionCurrency><CountryRegionCode>CH</CountryRegionCode><CurrencyCode>CHF</CurrencyCode><ModifiedDate>2014-02-08 10:17:21</ModifiedDate></CountryRegionCurrency>
<CountryRegionCurrency><CountryRegionCode>CL</CountryRegionCode><CurrencyCode>CLP</CurrencyCode><ModifiedDate>2014-02-08 10:17:21</ModifiedDate></CountryRegionCurrency>
<CountryRegionCurrency><CountryRegionCode>CN</CountryRegionCode><CurrencyCode>CNY</CurrencyCode><ModifiedDate>2014-02-08 10:17:21</ModifiedDate></CountryRegionCurrency>
<CountryRegionCurrency><CountryRegionCode>CO</CountryRegionCode><CurrencyCode>COP</CurrencyCode><ModifiedDate>2014-02-08 10:17:21</ModifiedDate></CountryRegionCurrency>
<CountryRegionCurrency><CountryRegionCode>CR</CountryRegionCode><CurrencyCode>CRC</CurrencyCode><ModifiedDate>2014-02-08 10:17:21</ModifiedDate></CountryRegionCurrency>
<CountryRegionCurrency><CountryRegionCode>CY</CountryRegionCode><CurrencyCode>CYP</CurrencyCode><ModifiedDate>2014-02-08 10:17:21</ModifiedDate></CountryRegionCurrency>
<CountryRegionCurrency><CountryRegionCode>CZ</CountryRegionCode><CurrencyCode>CZK</CurrencyCode><ModifiedDate>2014-02-08 10:17:21</ModifiedDate></CountryRegionCurrency>
<CountryRegionCurrency><CountryRegionCode>DE</CountryRegionCode><CurrencyCode>DEM</CurrencyCode><ModifiedDate>2014-02-08 10:17:21</ModifiedDate></CountryRegionCurrency>
<CountryRegionCurrency><CountryRegionCode>DE</CountryRegionCode><CurrencyCode>EUR</CurrencyCode><ModifiedDate>2014-02-08 10:17:21</ModifiedDate></CountryRegionCurrency>
<CountryRegionCurrency><CountryRegionCode>DK</CountryRegionCode><CurrencyCode>DKK</CurrencyCode><ModifiedDate>2014-02-08 10:17:21</ModifiedDate></CountryRegionCurrency>
<CountryRegionCurrency><CountryRegionCode>DO</CountryRegionCode><CurrencyCode>DOP</CurrencyCode><ModifiedDate>2014-02-08 10:17:21</ModifiedDate></CountryRegionCurrency>
<CountryRegionCurrency><CountryRegionCode>DZ</CountryRegionCode><CurrencyCode>DZD</CurrencyCode><ModifiedDate>2014-02-08 10:17:21</ModifiedDate></CountryRegionCurrency>
<CountryRegionCurrency><CountryRegionCode>EC</CountryRegionCode><CurrencyCode>USD</CurrencyCode><ModifiedDate>2014-02-08 10:17:21</ModifiedDate></CountryRegionCurrency>
<CountryRegionCurrency><CountryRegionCode>EE</CountryRegionCode><CurrencyCode>EEK</CurrencyCode><ModifiedDate>2014-02-08 10:17:21</ModifiedDate></CountryRegionCurrency>
<CountryRegionCurrency><CountryRegionCode>EG</CountryRegionCode><CurrencyCode>EGP</CurrencyCode><ModifiedDate>2014-02-08 10:17:21</ModifiedDate></CountryRegionCurrency>
<CountryRegionCurrency><CountryRegionCode>ES</CountryRegionCode><CurrencyCode>ESP</CurrencyCode><ModifiedDate>2014-02-08 10:17:21</ModifiedDate></CountryRegionCurrency>
<CountryRegionCurrency><CountryRegionCode>ES</CountryRegionCode><CurrencyCode>EUR</CurrencyCode><ModifiedDate>2008-04-30 00:00:00</ModifiedDate></CountryRegionCurrency>
<CountryRegionCurrency><CountryRegionCode>FI</CountryRegionCode><CurrencyCode>EUR</CurrencyCode><ModifiedDate>2008-04-30 00:00:00</ModifiedDate></CountryRegionCurrency>
<CountryRegionCurrency><CountryRegionCode>FI</CountryRegionCode><CurrencyCode>FIM</CurrencyCode><ModifiedDate>2014-02-08 10:17:21</ModifiedDate></CountryRegionCurrency>
<CountryRegionCurrency><CountryRegionCode>FJ</CountryRegionCode><CurrencyCode>FJD</CurrencyCode><ModifiedDate>2014-02-08 10:17:21</ModifiedDate></CountryRegionCurrency>
<CountryRegionCurrency><CountryRegionCode>FR</CountryRegionCode><CurrencyCode>EUR</CurrencyCode><ModifiedDate>2014-02-08 10:17:21</ModifiedDate></CountryRegionCurrency>
<CountryRegionCurrency><CountryRegionCode>FR</CountryRegionCode><CurrencyCode>FRF</CurrencyCode><ModifiedDate>2014-02-08 10:17:21</ModifiedDate></CountryRegionCurrency>
<CountryRegionCurrency><CountryRegionCode>GB</CountryRegionCode><CurrencyCode>GBP</CurrencyCode><ModifiedDate>2014-02-08 10:17:21</ModifiedDate></CountryRegionCurrency>
<CountryRegionCurrency><CountryRegionCode>GH</CountryRegionCode><CurrencyCode>GHC</CurrencyCode><ModifiedDate>2014-02-08 10:17:21</ModifiedDate></CountryRegionCurrency>
<CountryRegionCurrency><CountryRegionCode>GR</CountryRegionCode><CurrencyCode>EUR</CurrencyCode><ModifiedDate>2008-04-30 00:00:00</ModifiedDate></CountryRegionCurrency>
<CountryRegionCurrency><CountryRegionCode>GR</CountryRegionCode><CurrencyCode>GRD</CurrencyCode><ModifiedDate>2014-02-08 10:17:21</ModifiedDate></CountryRegionCurrency>
<CountryRegionCurrency><CountryRegionCode>GT</CountryRegionCode><CurrencyCode>GTQ</CurrencyCode><ModifiedDate>2014-02-08 10:17:21</ModifiedDate></CountryRegionCurrency>
<CountryRegionCurrency><CountryRegionCode>HK</CountryRegionCode><CurrencyCode>HKD</CurrencyCode><ModifiedDate>2014-02-08 10:17:21</ModifiedDate></CountryRegionCurrency>
<CountryRegionCurrency><CountryRegionCode>HR</CountryRegionCode><CurrencyCode>HRK</CurrencyCode><ModifiedDate>2014-02-08 10:17:21</ModifiedDate></CountryRegionCurrency>
<CountryRegionCurrency><CountryRegionCode>HU</CountryRegionCode><CurrencyCode>HUF</CurrencyCode><ModifiedDate>2014-02-08 10:17:21</ModifiedDate></CountryRegionCurrency>
<CountryRegionCurrency><CountryRegionCode>ID</CountryRegionCode><CurrencyCode>IDR</CurrencyCode><ModifiedDate>2014-02-08 10:17:21</ModifiedDate></CountryRegionCurrency>
<CountryRegionCurrency><CountryRegionCode>IE</CountryRegionCode><CurrencyCode>EUR</CurrencyCode><ModifiedDate>2008-04-30 00:00:00</ModifiedDate></CountryRegionCurrency>
<CountryRegionCurrency><CountryRegionCode>IE</CountryRegionCode><CurrencyCode>IEP</CurrencyCode><ModifiedDate>2014-02-08 10:17:21</ModifiedDate></CountryRegionCurrency>
<CountryRegionCurrency><CountryRegionCode>IL</CountryRegionCode><CurrencyCode>ILS</CurrencyCode><ModifiedDate>2014-02-08 10:17:21</ModifiedDate></CountryRegionCurrency>
<CountryRegionCurrency><CountryRegionCode>IN</CountryRegionCode><CurrencyCode>INR</CurrencyCode><ModifiedDate>2014-02-08 10:17:21</ModifiedDate></CountryRegionCurrency>
<CountryRegionCurrency><CountryRegionCode>IS</CountryRegionCode><CurrencyCode>ISK</CurrencyCode><ModifiedDate>2014-02-08 10:17:21</ModifiedDate></CountryRegionCurrency>
<CountryRegionCurrency><CountryRegionCode>IT</CountryRegionCode><CurrencyCode>EUR</CurrencyCode><ModifiedDate>2008-04-30 00:00:00</ModifiedDate></CountryRegionCurrency>
<CountryRegionCurrency><CountryRegionCode>IT</CountryRegionCode><CurrencyCode>ITL</CurrencyCode><ModifiedDate>2014-02-08 10:17:21</ModifiedDate></CountryRegionCurrency>
<CountryRegionCurrency><CountryRegionCode>JM</CountryRegionCode><CurrencyCode>JMD</CurrencyCode><ModifiedDate>2014-02-08 10:17:21</ModifiedDate></CountryRegionCurrency>
<CountryRegionCurrency><CountryRegionCode>JO</CountryRegionCode><CurrencyCode>JOD</CurrencyCode><ModifiedDate>2014-02-08 10:17:21</ModifiedDate></CountryRegionCurrency>
<CountryRegionCurrency><CountryRegionCode>JP</CountryRegionCode><CurrencyCode>JPY</CurrencyCode><ModifiedDate>2014-02-08 10:17:21</ModifiedDate></CountryRegionCurrency>
<CountryRegionCurrency><CountryRegionCode>KE</CountryRegionCode><CurrencyCode>KES</CurrencyCode><ModifiedDate>2014-02-08 10:17:21</ModifiedDate></CountryRegionCurrency>
<CountryRegionCurrency><CountryRegionCode>KR</CountryRegionCode><CurrencyCode>KRW</CurrencyCode><ModifiedDate>2014-02-08 10:17:21</ModifiedDate></CountryRegionCurrency>
<CountryRegionCurrency><CountryRegionCode>KW</CountryRegionCode><CurrencyCode>KWD</CurrencyCode><ModifiedDate>2014-02-08 10:17:21</ModifiedDate></CountryRegionCurrency>
<CountryRegionCurrency><CountryRegionCode>LB</CountryRegionCode><CurrencyCode>LBP</CurrencyCode><ModifiedDate>2014-02-08 10:17:21</ModifiedDate></CountryRegionCurrency>
<CountryRegionCurrency><CountryRegionCode>LK</CountryRegionCode><CurrencyCode>LKR</CurrencyCode><ModifiedDate>2014-02-08 10:17:21</ModifiedDate></CountryRegionCurrency>
<CountryRegionCurrency><CountryRegionCode>LT</CountryRegionCode><CurrencyCode>LTL</CurrencyCode><ModifiedDate>2014-02-08 10:17:21</ModifiedDate></CountryRegionCurrency>
<CountryRegionCurrency><CountryRegionCode>LU</CountryRegionCode><CurrencyCode>EUR</CurrencyCode><ModifiedDate>2008-04-30 00:00:00</ModifiedDate></CountryRegionCurrency>
<CountryRegionCurrency><CountryRegionCode>LV</CountryRegionCode><CurrencyCode>LVL</CurrencyCode><ModifiedDate>2014-02-08 10:17:21</ModifiedDate></CountryRegionCurrency>
<CountryRegionCurrency><CountryRegionCode>MA</CountryRegionCode><CurrencyCode>MAD</CurrencyCode><ModifiedDate>2014-02-08 10:17:21</ModifiedDate></CountryRegionCurrency>
<CountryRegionCurrency><CountryRegionCode>MT</CountryRegionCode><CurrencyCode>MTL</CurrencyCode><ModifiedDate>2014-02-08 10:17:21</ModifiedDate></CountryRegionCurrency>
<CountryRegionCurrency><CountryRegionCode>MU</CountryRegionCode><CurrencyCode>MUR</CurrencyCode><ModifiedDate>2014-02-08 10:17:21</ModifiedDate></CountryRegionCurrency>
<CountryRegionCurrency><CountryRegionCode>MV</CountryRegionCode><CurrencyCode>MVR</CurrencyCode><ModifiedDate>2014-02-08 10:17:21</ModifiedDate></CountryRegionCurrency>
<CountryRegionCurrency><CountryRegionCode>MX</CountryRegionCode><CurrencyCode>MXN</CurrencyCode><ModifiedDate>2014-02-08 10:17:21</ModifiedDate></CountryRegionCurrency>
<CountryRegionCurrency><CountryRegionCode>MY</CountryRegionCode><CurrencyCode>MYR</CurrencyCode><ModifiedDate>2014-02-08 10:17:21</ModifiedDate></CountryRegionCurrency>
<CountryRegionCurrency><CountryRegionCode>NA</CountryRegionCode><CurrencyCode>NAD</CurrencyCode><ModifiedDate>2014-02-08 10:17:21</ModifiedDate></CountryRegionCurrency>
<CountryRegionCurrency><CountryRegionCode>NG</CountryRegionCode><CurrencyCode>NGN</CurrencyCode><ModifiedDate>2014-02-08 10:17:21</ModifiedDate></CountryRegionCurrency>
<CountryRegionCurrency><CountryRegionCode>NL</CountryRegionCode><CurrencyCode>EUR</CurrencyCode><ModifiedDate>2008-04-30 00:00:00</ModifiedDate></CountryRegionCurrency>
<CountryRegionCurrency><CountryRegionCode>NL</CountryRegionCode><CurrencyCode>NLG</CurrencyCode><ModifiedDate>2014-02-08 10:17:21</ModifiedDate></CountryRegionCurrency>
<CountryRegionCurrency><CountryRegionCode>NO</CountryRegionCode><CurrencyCode>NOK</CurrencyCode><ModifiedDate>2014-02-08 10:17:21</ModifiedDate></CountryRegionCurrency>
<CountryRegionCurrency><CountryRegionCode>NP</CountryRegionCode><CurrencyCode>NPR</CurrencyCode><ModifiedDate>2014-02-08 10:17:21</ModifiedDate></CountryRegionCurrency>
<CountryRegionCurrency><CountryRegionCode>NZ</CountryRegionCode><CurrencyCode>NZD</CurrencyCode><ModifiedDate>2014-02-08 10:17:21</ModifiedDate></CountryRegionCurrency>
<CountryRegionCurrency><CountryRegionCode>OM</CountryRegionCode><CurrencyCode>OMR</CurrencyCode><ModifiedDate>2014-02-08 10:17:21</ModifiedDate></CountryRegionCurrency>
<CountryRegionCurrency><CountryRegionCode>PA</CountryRegionCode><CurrencyCode>PAB</CurrencyCode><ModifiedDate>2014-02-08 10:17:21</ModifiedDate></CountryRegionCurrency>
<CountryRegionCurrency><CountryRegionCode>PE</CountryRegionCode><CurrencyCode>PEN</CurrencyCode><ModifiedDate>2014-02-08 10:17:21</ModifiedDate></CountryRegionCurrency>
<CountryRegionCurrency><CountryRegionCode>PH</CountryRegionCode><CurrencyCode>PHP</CurrencyCode><ModifiedDate>2014-02-08 10:17:21</ModifiedDate></CountryRegionCurrency>
<CountryRegionCurrency><CountryRegionCode>PK</CountryRegionCode><CurrencyCode>PKR</CurrencyCode><ModifiedDate>2014-02-08 10:17:21</ModifiedDate></CountryRegionCurrency>
<CountryRegionCurrency><CountryRegionCode>PL</CountryRegionCode><CurrencyCode>PLN</CurrencyCode><ModifiedDate>2014-02-08 10:17:21</ModifiedDate></CountryRegionCurrency>
<CountryRegionCurrency><CountryRegionCode>PL</CountryRegionCode><CurrencyCode>PLZ</CurrencyCode><ModifiedDate>2014-02-08 10:17:21</ModifiedDate></CountryRegionCurrency>
<CountryRegionCurrency><CountryRegionCode>PT</CountryRegionCode><CurrencyCode>EUR</CurrencyCode><ModifiedDate>2008-04-30 00:00:00</ModifiedDate></CountryRegionCurrency>
<CountryRegionCurrency><CountryRegionCode>PT</CountryRegionCode><CurrencyCode>PTE</CurrencyCode><ModifiedDate>2014-02-08 10:17:21</ModifiedDate></CountryRegionCurrency>
<CountryRegionCurrency><CountryRegionCode>PY</CountryRegionCode><CurrencyCode>PYG</CurrencyCode><ModifiedDate>2014-02-08 10:17:21</ModifiedDate></CountryRegionCurrency>
<CountryRegionCurrency><CountryRegionCode>RO</CountryRegionCode><CurrencyCode>ROL</CurrencyCode><ModifiedDate>2014-02-08 10:17:21</ModifiedDate></CountryRegionCurrency>
<CountryRegionCurrency><CountryRegionCode>RU</CountryRegionCode><CurrencyCode>RUB</CurrencyCode><ModifiedDate>2014-02-08 10:17:21</ModifiedDate></CountryRegionCurrency>
<CountryRegionCurrency><CountryRegionCode>RU</CountryRegionCode><CurrencyCode>RUR</CurrencyCode><ModifiedDate>2014-02-08 10:17:21</ModifiedDate></CountryRegionCurrency>
<CountryRegionCurrency><CountryRegionCode>SA</CountryRegionCode><CurrencyCode>SAR</CurrencyCode><ModifiedDate>2014-02-08 10:17:21</ModifiedDate></CountryRegionCurrency>
<CountryRegionCurrency><CountryRegionCode>SE</CountryRegionCode><CurrencyCode>SEK</CurrencyCode><ModifiedDate>2014-02-08 10:17:21</ModifiedDate></CountryRegionCurrency>
<CountryRegionCurrency><CountryRegionCode>SG</CountryRegionCode><CurrencyCode>SGD</CurrencyCode><ModifiedDate>2014-02-08 10:17:21</ModifiedDate></CountryRegionCurrency>
<CountryRegionCurrency><CountryRegionCode>SI</CountryRegionCode><CurrencyCode>SIT</CurrencyCode><ModifiedDate>2014-02-08 10:17:21</ModifiedDate></CountryRegionCurrency>
<CountryRegionCurrency><CountryRegionCode>SK</CountryRegionCode><CurrencyCode>SKK</CurrencyCode><ModifiedDate>2014-02-08 10:17:21</ModifiedDate></CountryRegionCurrency>
<CountryRegionCurrency><CountryRegionCode>SV</CountryRegionCode><CurrencyCode>SVC</CurrencyCode><ModifiedDate>2014-02-08 10:17:21</ModifiedDate></CountryRegionCurrency>
<CountryRegionCurrency><CountryRegionCode>TH</CountryRegionCode><CurrencyCode>THB</CurrencyCode><ModifiedDate>2014-02-08 10:17:21</ModifiedDate></CountryRegionCurrency>
<CountryRegionCurrency><CountryRegionCode>TN</CountryRegionCode><CurrencyCode>TND</CurrencyCode><ModifiedDate>2014-02-08 10:17:21</ModifiedDate></CountryRegionCurrency>
<CountryRegionCurrency><CountryRegionCode>TR</CountryRegionCode><CurrencyCode>TRL</CurrencyCode><ModifiedDate>2014-02-08 10:17:21</ModifiedDate></CountryRegionCurrency>
<CountryRegionCurrency><CountryRegionCode>TT</CountryRegionCode><CurrencyCode>TTD</CurrencyCode><ModifiedDate>2014-02-08 10:17:21</ModifiedDate></CountryRegionCurrency>
<CountryRegionCurrency><CountryRegionCode>TW</CountryRegionCode><CurrencyCode>TWD</CurrencyCode><ModifiedDate>2014-02-08 10:17:21</ModifiedDate></CountryRegionCurrency>
<CountryRegionCurrency><CountryRegionCode>US</CountryRegionCode><CurrencyCode>USD</CurrencyCode><ModifiedDate>2014-02-08 10:17:21</ModifiedDate></CountryRegionCurrency>
<CountryRegionCurrency><CountryRegionCode>UY</CountryRegionCode><CurrencyCode>UYU</CurrencyCode><ModifiedDate>2014-02-08 10:17:21</ModifiedDate></CountryRegionCurrency>
<CountryRegionCurrency><CountryRegionCode>VE</CountryRegionCode><CurrencyCode>VEB</CurrencyCode><ModifiedDate>2014-02-08 10:17:21</ModifiedDate></CountryRegionCurrency>
<CountryRegionCurrency><CountryRegionCode>VN</CountryRegionCode><CurrencyCode>VND</CurrencyCode><ModifiedDate>2014-02-08 10:17:21</ModifiedDate></CountryRegionCurrency>
<CountryRegionCurrency><CountryRegionCode>ZA</CountryRegionCode><CurrencyCode>ZAR</CurrencyCode><ModifiedDate>2014-02-08 10:17:21</ModifiedDate></CountryRegionCurrency>
<CountryRegionCurrency><CountryRegionCode>ZW</CountryRegionCode><CurrencyCode>ZWD</CurrencyCode><ModifiedDate>2014-02-08 10:17:21</ModifiedDate></CountryRegionCurrency>
</DataTable>
