<DataTable>
<SalesPerson><BusinessEntityID>274</BusinessEntityID><TerritoryID></TerritoryID><SalesQuota></SalesQuota><Bonus>0.0000</Bonus><CommissionPct>0.0000</CommissionPct><SalesYTD>559697.5639</SalesYTD><SalesLastYear>0.0000</SalesLastYear><ModifiedDate>2010-12-28 00:00:00</ModifiedDate></SalesPerson>
<SalesPerson><BusinessEntityID>275</BusinessEntityID><TerritoryID>2</TerritoryID><SalesQuota>300000.0000</SalesQuota><Bonus>4100.0000</Bonus><CommissionPct>0.0120</CommissionPct><SalesYTD>3763178.1787</SalesYTD><SalesLastYear>1750406.4785</SalesLastYear><ModifiedDate>2011-05-24 00:00:00</ModifiedDate></SalesPerson>
<SalesPerson><BusinessEntityID>276</BusinessEntityID><TerritoryID>4</TerritoryID><SalesQuota>250000.0000</SalesQuota><Bonus>2000.0000</Bonus><CommissionPct>0.0150</CommissionPct><SalesYTD>4251368.5497</SalesYTD><SalesLastYear>1439156.0291</SalesLastYear><ModifiedDate>2011-05-24 00:00:00</ModifiedDate></SalesPerson>
<SalesPerson><BusinessEntityID>277</BusinessEntityID><TerritoryID>3</TerritoryID><SalesQuota>250000.0000</SalesQuota><Bonus>2500.0000</Bonus><CommissionPct>0.0150</CommissionPct><SalesYTD>3189418.3662</SalesYTD><SalesLastYear>1997186.2037</SalesLastYear><ModifiedDate>2011-05-24 00:00:00</ModifiedDate></SalesPerson>
<SalesPerson><BusinessEntityID>278</BusinessEntityID><TerritoryID>6</TerritoryID><SalesQuota>250000.0000</SalesQuota><Bonus>500.0000</Bonus><CommissionPct>0.0100</CommissionPct><SalesYTD>1453719.4653</SalesYTD><SalesLastYear>1620276.8966</SalesLastYear><ModifiedDate>2011-05-24 00:00:00</ModifiedDate></SalesPerson>
<SalesPerson><BusinessEntityID>279</BusinessEntityID><TerritoryID>5</TerritoryID><SalesQuota>300000.0000</SalesQuota><Bonus>6700.0000</Bonus><CommissionPct>0.0100</CommissionPct><SalesYTD>2315185.6110</SalesYTD><SalesLastYear>1849640.9418</SalesLastYear><ModifiedDate>2011-05-24 00:00:00</ModifiedDate></SalesPerson>
<SalesPerson><BusinessEntityID>280</BusinessEntityID><TerritoryID>1</TerritoryID><SalesQuota>250000.0000</SalesQuota><Bonus>5000.0000</Bonus><CommissionPct>0.0100</CommissionPct><SalesYTD>1352577.1325</SalesYTD><SalesLastYear>1927059.1780</SalesLastYear><ModifiedDate>2011-05-24 00:00:00</ModifiedDate></SalesPerson>
<SalesPerson><BusinessEntityID>281</BusinessEntityID><TerritoryID>4</TerritoryID><SalesQuota>250000.0000</SalesQuota><Bonus>3550.0000</Bonus><CommissionPct>0.0100</CommissionPct><SalesYTD>2458535.6169</SalesYTD><SalesLastYear>2073505.9999</SalesLastYear><ModifiedDate>2011-05-24 00:00:00</ModifiedDate></SalesPerson>
<SalesPerson><BusinessEntityID>282</BusinessEntityID><TerritoryID>6</TerritoryID><SalesQuota>250000.0000</SalesQuota><Bonus>5000.0000</Bonus><CommissionPct>0.0150</CommissionPct><SalesYTD>2604540.7172</SalesYTD><SalesLastYear>2038234.6549</SalesLastYear><ModifiedDate>2011-05-24 00:00:00</ModifiedDate></SalesPerson>
<SalesPerson><BusinessEntityID>283</BusinessEntityID><TerritoryID>1</TerritoryID><SalesQuota>250000.0000</SalesQuota><Bonus>3500.0000</Bonus><CommissionPct>0.0120</CommissionPct><SalesYTD>1573012.9383</SalesYTD><SalesLastYear>1371635.3158</SalesLastYear><ModifiedDate>2011-05-24 00:00:00</ModifiedDate></SalesPerson>
<SalesPerson><BusinessEntityID>284</BusinessEntityID><TerritoryID>1</TerritoryID><SalesQuota>300000.0000</SalesQuota><Bonus>3900.0000</Bonus><CommissionPct>0.0190</CommissionPct><SalesYTD>1576562.1966</SalesYTD><SalesLastYear>0.0000</SalesLastYear><ModifiedDate>2012-09-23 00:00:00</ModifiedDate></SalesPerson>
<SalesPerson><BusinessEntityID>285</BusinessEntityID><TerritoryID></TerritoryID><SalesQuota></SalesQuota><Bonus>0.0000</Bonus><CommissionPct>0.0000</CommissionPct><SalesYTD>172524.4512</SalesYTD><SalesLastYear>0.0000</SalesLastYear><ModifiedDate>2013-03-07 00:00:00</ModifiedDate></SalesPerson>
<SalesPerson><BusinessEntityID>286</BusinessEntityID><TerritoryID>9</TerritoryID><SalesQuota>250000.0000</SalesQuota><Bonus>5650.0000</Bonus><CommissionPct>0.0180</CommissionPct><SalesYTD>1421810.9242</SalesYTD><SalesLastYear>2278548.9776</SalesLastYear><ModifiedDate>2013-05-23 00:00:00</ModifiedDate></SalesPerson>
<SalesPerson><BusinessEntityID>287</BusinessEntityID><TerritoryID></TerritoryID><SalesQuota></SalesQuota><Bonus>0.0000</Bonus><CommissionPct>0.0000</CommissionPct><SalesYTD>519905.9320</SalesYTD><SalesLastYear>0.0000</SalesLastYear><ModifiedDate>2012-04-09 00:00:00</ModifiedDate></SalesPerson>
<SalesPerson><BusinessEntityID>288</BusinessEntityID><TerritoryID>8</TerritoryID><SalesQuota>250000.0000</SalesQuota><Bonus>75.0000</Bonus><CommissionPct>0.0180</CommissionPct><SalesYTD>1827066.7118</SalesYTD><SalesLastYear>1307949.7917</SalesLastYear><ModifiedDate>2013-05-23 00:00:00</ModifiedDate></SalesPerson>
<SalesPerson><BusinessEntityID>289</BusinessEntityID><TerritoryID>10</TerritoryID><SalesQuota>250000.0000</SalesQuota><Bonus>5150.0000</Bonus><CommissionPct>0.0200</CommissionPct><SalesYTD>4116871.2277</SalesYTD><SalesLastYear>1635823.3967</SalesLastYear><ModifiedDate>2012-05-23 00:00:00</ModifiedDate></SalesPerson>
<SalesPerson><BusinessEntityID>290</BusinessEntityID><TerritoryID>7</TerritoryID><SalesQuota>250000.0000</SalesQuota><Bonus>985.0000</Bonus><CommissionPct>0.0160</CommissionPct><SalesYTD>3121616.3202</SalesYTD><SalesLastYear>2396539.7601</SalesLastYear><ModifiedDate>2012-05-23 00:00:00</ModifiedDate></SalesPerson>
</DataTable>
