<DataTable>
<SalesTerritoryHistory><BusinessEntityID>275</BusinessEntityID><TerritoryID>2</TerritoryID><StartDate>2011-05-31 00:00:00</StartDate><EndDate>2012-11-29 00:00:00</EndDate><ModifiedDate>2012-11-22 00:00:00</ModifiedDate></SalesTerritoryHistory>
<SalesTerritoryHistory><BusinessEntityID>275</BusinessEntityID><TerritoryID>3</TerritoryID><StartDate>2012-11-30 00:00:00</StartDate><EndDate></EndDate><ModifiedDate>2012-11-23 00:00:00</ModifiedDate></SalesTerritoryHistory>
<SalesTerritoryHistory><BusinessEntityID>276</BusinessEntityID><TerritoryID>4</TerritoryID><StartDate>2011-05-31 00:00:00</StartDate><EndDate></EndDate><ModifiedDate>2011-05-24 00:00:00</ModifiedDate></SalesTerritoryHistory>
<SalesTerritoryHistory><BusinessEntityID>277</BusinessEntityID><TerritoryID>3</TerritoryID><StartDate>2011-05-31 00:00:00</StartDate><EndDate>2012-11-29 00:00:00</EndDate><ModifiedDate>2012-11-22 00:00:00</ModifiedDate></SalesTerritoryHistory>
<SalesTerritoryHistory><BusinessEntityID>277</BusinessEntityID><TerritoryID>2</TerritoryID><StartDate>2012-11-30 00:00:00</StartDate><EndDate></EndDate><ModifiedDate>2012-11-23 00:00:00</ModifiedDate></SalesTerritoryHistory>
<SalesTerritoryHistory><BusinessEntityID>278</BusinessEntityID><TerritoryID>6</TerritoryID><StartDate>2011-05-31 00:00:00</StartDate><EndDate></EndDate><ModifiedDate>2011-05-24 00:00:00</ModifiedDate></SalesTerritoryHistory>
<SalesTerritoryHistory><BusinessEntityID>279</BusinessEntityID><TerritoryID>5</TerritoryID><StartDate>2011-05-31 00:00:00</StartDate><EndDate></EndDate><ModifiedDate>2011-05-24 00:00:00</ModifiedDate></SalesTerritoryHistory>
<SalesTerritoryHistory><BusinessEntityID>280</BusinessEntityID><TerritoryID>1</TerritoryID><StartDate>2011-05-31 00:00:00</StartDate><EndDate>2012-09-29 00:00:00</EndDate><ModifiedDate>2012-09-22 00:00:00</ModifiedDate></SalesTerritoryHistory>
<SalesTerritoryHistory><BusinessEntityID>281</BusinessEntityID><TerritoryID>4</TerritoryID><StartDate>2011-05-31 00:00:00</StartDate><EndDate></EndDate><ModifiedDate>2011-05-24 00:00:00</ModifiedDate></SalesTerritoryHistory>
<SalesTerritoryHistory><BusinessEntityID>282</BusinessEntityID><TerritoryID>6</TerritoryID><StartDate>2011-05-31 00:00:00</StartDate><EndDate>2012-05-29 00:00:00</EndDate><ModifiedDate>2012-05-22 00:00:00</ModifiedDate></SalesTerritoryHistory>
<SalesTerritoryHistory><BusinessEntityID>282</BusinessEntityID><TerritoryID>10</TerritoryID><StartDate>2012-05-30 00:00:00</StartDate><EndDate></EndDate><ModifiedDate>2012-05-23 00:00:00</ModifiedDate></SalesTerritoryHistory>
<SalesTerritoryHistory><BusinessEntityID>283</BusinessEntityID><TerritoryID>1</TerritoryID><StartDate>2011-05-31 00:00:00</StartDate><EndDate></EndDate><ModifiedDate>2011-05-24 00:00:00</ModifiedDate></SalesTerritoryHistory>
<SalesTerritoryHistory><BusinessEntityID>284</BusinessEntityID><TerritoryID>1</TerritoryID><StartDate>2012-09-30 00:00:00</StartDate><EndDate></EndDate><ModifiedDate>2012-09-23 00:00:00</ModifiedDate></SalesTerritoryHistory>
<SalesTerritoryHistory><BusinessEntityID>286</BusinessEntityID><TerritoryID>9</TerritoryID><StartDate>2013-05-30 00:00:00</StartDate><EndDate></EndDate><ModifiedDate>2013-05-23 00:00:00</ModifiedDate></SalesTerritoryHistory>
<SalesTerritoryHistory><BusinessEntityID>288</BusinessEntityID><TerritoryID>8</TerritoryID><StartDate>2013-05-30 00:00:00</StartDate><EndDate></EndDate><ModifiedDate>2013-05-23 00:00:00</ModifiedDate></SalesTerritoryHistory>
<SalesTerritoryHistory><BusinessEntityID>289</BusinessEntityID><TerritoryID>6</TerritoryID><StartDate>2012-05-30 00:00:00</StartDate><EndDate></EndDate><ModifiedDate>2012-05-23 00:00:00</ModifiedDate></SalesTerritoryHistory>
<SalesTerritoryHistory><BusinessEntityID>290</BusinessEntityID><TerritoryID>7</TerritoryID><StartDate>2012-05-30 00:00:00</StartDate><EndDate></EndDate><ModifiedDate>2012-05-23 00:00:00</ModifiedDate></SalesTerritoryHistory>
</DataTable>
