<DataTable>
<CountryRegion><CountryRegionCode>AD</CountryRegionCode><Name>Andorra</Name><ModifiedDate>2008-04-30 00:00:00</ModifiedDate></CountryRegion>
<CountryRegion><CountryRegionCode>AE</CountryRegionCode><Name>United Arab Emirates</Name><ModifiedDate>2008-04-30 00:00:00</ModifiedDate></CountryRegion>
<CountryRegion><CountryRegionCode>AF</CountryRegionCode><Name>Afghanistan</Name><ModifiedDate>2008-04-30 00:00:00</ModifiedDate></CountryRegion>
<CountryRegion><CountryRegionCode>AG</CountryRegionCode><Name>Antigua and Barbuda</Name><ModifiedDate>2008-04-30 00:00:00</ModifiedDate></CountryRegion>
<CountryRegion><CountryRegionCode>AI</CountryRegionCode><Name>Anguilla</Name><ModifiedDate>2008-04-30 00:00:00</ModifiedDate></CountryRegion>
<CountryRegion><CountryRegionCode>AL</CountryRegionCode><Name>Albania</Name><ModifiedDate>2008-04-30 00:00:00</ModifiedDate></CountryRegion>
<CountryRegion><CountryRegionCode>AM</CountryRegionCode><Name>Armenia</Name><ModifiedDate>2008-04-30 00:00:00</ModifiedDate></CountryRegion>
<CountryRegion><CountryRegionCode>AN</CountryRegionCode><Name>Netherlands Antilles</Name><ModifiedDate>2008-04-30 00:00:00</ModifiedDate></CountryRegion>
<CountryRegion><CountryRegionCode>AO</CountryRegionCode><Name>Angola</Name><ModifiedDate>2008-04-30 00:00:00</ModifiedDate></CountryRegion>
<CountryRegion><CountryRegionCode>AQ</CountryRegionCode><Name>Antarctica</Name><ModifiedDate>2008-04-30 00:00:00</ModifiedDate></CountryRegion>
<CountryRegion><CountryRegionCode>AR</CountryRegionCode><Name>Argentina</Name><ModifiedDate>2008-04-30 00:00:00</ModifiedDate></CountryRegion>
<CountryRegion><CountryRegionCode>AS</CountryRegionCode><Name>American Samoa</Name><ModifiedDate>2008-04-30 00:00:00</ModifiedDate></CountryRegion>
<CountryRegion><CountryRegionCode>AT</CountryRegionCode><Name>Austria</Name><ModifiedDate>2008-04-30 00:00:00</ModifiedDate></CountryRegion>
<CountryRegion><CountryRegionCode>AU</CountryRegionCode><Name>Australia</Name><ModifiedDate>2008-04-30 00:00:00</ModifiedDate></CountryRegion>
<CountryRegion><CountryRegionCode>AW</CountryRegionCode><Name>Aruba</Name><ModifiedDate>2008-04-30 00:00:00</ModifiedDate></CountryRegion>
<CountryRegion><CountryRegionCode>AZ</CountryRegionCode><Name>Azerbaijan</Name><ModifiedDate>2008-04-30 00:00:00</ModifiedDate></CountryRegion>
<CountryRegion><CountryRegionCode>BA</CountryRegionCode><Name>Bosnia and Herzegovina</Name><ModifiedDate>2008-04-30 00:00:00</ModifiedDate></CountryRegion>
<CountryRegion><CountryRegionCode>BB</CountryRegionCode><Name>Barbados</Name><ModifiedDate>2008-04-30 00:00:00</ModifiedDate></CountryRegion>
<CountryRegion><CountryRegionCode>BD</CountryRegionCode><Name>Bangladesh</Name><ModifiedDate>2008-04-30 00:00:00</ModifiedDate></CountryRegion>
<CountryRegion><CountryRegionCode>BE</CountryRegionCode><Name>Belgium</Name><ModifiedDate>2008-04-30 00:00:00</ModifiedDate></CountryRegion>
<CountryRegion><CountryRegionCode>BF</CountryRegionCode><Name>Burkina Faso</Name><ModifiedDate>2008-04-30 00:00:00</ModifiedDate></CountryRegion>
<CountryRegion><CountryRegionCode>BG</CountryRegionCode><Name>Bulgaria</Name><ModifiedDate>2008-04-30 00:00:00</ModifiedDate></CountryRegion>
<CountryRegion><CountryRegionCode>BH</CountryRegionCode><Name>Bahrain</Name><ModifiedDate>2008-04-30 00:00:00</ModifiedDate></CountryRegion>
<CountryRegion><CountryRegionCode>BI</CountryRegionCode><Name>Burundi</Name><ModifiedDate>2008-04-30 00:00:00</ModifiedDate></CountryRegion>
<CountryRegion><CountryRegionCode>BJ</CountryRegionCode><Name>Benin</Name><ModifiedDate>2008-04-30 00:00:00</ModifiedDate></CountryRegion>
<CountryRegion><CountryRegionCode>BM</CountryRegionCode><Name>Bermuda</Name><ModifiedDate>2008-04-30 00:00:00</ModifiedDate></CountryRegion>
<CountryRegion><CountryRegionCode>BN</CountryRegionCode><Name>Brunei</Name><ModifiedDate>2008-04-30 00:00:00</ModifiedDate></CountryRegion>
<CountryRegion><CountryRegionCode>BO</CountryRegionCode><Name>Bolivia</Name><ModifiedDate>2008-04-30 00:00:00</ModifiedDate></CountryRegion>
<CountryRegion><CountryRegionCode>BR</CountryRegionCode><Name>Brazil</Name><ModifiedDate>2008-04-30 00:00:00</ModifiedDate></CountryRegion>
<CountryRegion><CountryRegionCode>BS</CountryRegionCode><Name>Bahamas, The</Name><ModifiedDate>2008-04-30 00:00:00</ModifiedDate></CountryRegion>
<CountryRegion><CountryRegionCode>BT</CountryRegionCode><Name>Bhutan</Name><ModifiedDate>2008-04-30 00:00:00</ModifiedDate></CountryRegion>
<CountryRegion><CountryRegionCode>BV</CountryRegionCode><Name>Bouvet Island</Name><ModifiedDate>2008-04-30 00:00:00</ModifiedDate></CountryRegion>
<CountryRegion><CountryRegionCode>BW</CountryRegionCode><Name>Botswana</Name><ModifiedDate>2008-04-30 00:00:00</ModifiedDate></CountryRegion>
<CountryRegion><CountryRegionCode>BY</CountryRegionCode><Name>Belarus</Name><ModifiedDate>2008-04-30 00:00:00</ModifiedDate></CountryRegion>
<CountryRegion><CountryRegionCode>BZ</CountryRegionCode><Name>Belize</Name><ModifiedDate>2008-04-30 00:00:00</ModifiedDate></CountryRegion>
<CountryRegion><CountryRegionCode>CA</CountryRegionCode><Name>Canada</Name><ModifiedDate>2008-04-30 00:00:00</ModifiedDate></CountryRegion>
<CountryRegion><CountryRegionCode>CC</CountryRegionCode><Name>Cocos (Keeling) Islands</Name><ModifiedDate>2008-04-30 00:00:00</ModifiedDate></CountryRegion>
<CountryRegion><CountryRegionCode>CD</CountryRegionCode><Name>Congo (DRC)</Name><ModifiedDate>2008-04-30 00:00:00</ModifiedDate></CountryRegion>
<CountryRegion><CountryRegionCode>CF</CountryRegionCode><Name>Central African Republic</Name><ModifiedDate>2008-04-30 00:00:00</ModifiedDate></CountryRegion>
<CountryRegion><CountryRegionCode>CG</CountryRegionCode><Name>Congo</Name><ModifiedDate>2008-04-30 00:00:00</ModifiedDate></CountryRegion>
<CountryRegion><CountryRegionCode>CH</CountryRegionCode><Name>Switzerland</Name><ModifiedDate>2008-04-30 00:00:00</ModifiedDate></CountryRegion>
<CountryRegion><CountryRegionCode>CI</CountryRegionCode><Name>C&#244;te d&#39;Ivoire</Name><ModifiedDate>2008-04-30 00:00:00</ModifiedDate></CountryRegion>
<CountryRegion><CountryRegionCode>CK</CountryRegionCode><Name>Cook Islands</Name><ModifiedDate>2008-04-30 00:00:00</ModifiedDate></CountryRegion>
<CountryRegion><CountryRegionCode>CL</CountryRegionCode><Name>Chile</Name><ModifiedDate>2008-04-30 00:00:00</ModifiedDate></CountryRegion>
<CountryRegion><CountryRegionCode>CM</CountryRegionCode><Name>Cameroon</Name><ModifiedDate>2008-04-30 00:00:00</ModifiedDate></CountryRegion>
<CountryRegion><CountryRegionCode>CN</CountryRegionCode><Name>China</Name><ModifiedDate>2008-04-30 00:00:00</ModifiedDate></CountryRegion>
<CountryRegion><CountryRegionCode>CO</CountryRegionCode><Name>Colombia</Name><ModifiedDate>2008-04-30 00:00:00</ModifiedDate></CountryRegion>
<CountryRegion><CountryRegionCode>CR</CountryRegionCode><Name>Costa Rica</Name><ModifiedDate>2008-04-30 00:00:00</ModifiedDate></CountryRegion>
<CountryRegion><CountryRegionCode>CS</CountryRegionCode><Name>Serbia and Montenegro</Name><ModifiedDate>2008-04-30 00:00:00</ModifiedDate></CountryRegion>
<CountryRegion><CountryRegionCode>CU</CountryRegionCode><Name>Cuba</Name><ModifiedDate>2008-04-30 00:00:00</ModifiedDate></CountryRegion>
<CountryRegion><CountryRegionCode>CV</CountryRegionCode><Name>Cape Verde</Name><ModifiedDate>2008-04-30 00:00:00</ModifiedDate></CountryRegion>
<CountryRegion><CountryRegionCode>CX</CountryRegionCode><Name>Christmas Island</Name><ModifiedDate>2008-04-30 00:00:00</ModifiedDate></CountryRegion>
<CountryRegion><CountryRegionCode>CY</CountryRegionCode><Name>Cyprus</Name><ModifiedDate>2008-04-30 00:00:00</ModifiedDate></CountryRegion>
<CountryRegion><CountryRegionCode>CZ</CountryRegionCode><Name>Czech Republic</Name><ModifiedDate>2008-04-30 00:00:00</ModifiedDate></CountryRegion>
<CountryRegion><CountryRegionCode>DE</CountryRegionCode><Name>Germany</Name><ModifiedDate>2008-04-30 00:00:00</ModifiedDate></CountryRegion>
<CountryRegion><CountryRegionCode>DJ</CountryRegionCode><Name>Djibouti</Name><ModifiedDate>2008-04-30 00:00:00</ModifiedDate></CountryRegion>
<CountryRegion><CountryRegionCode>DK</CountryRegionCode><Name>Denmark</Name><ModifiedDate>2008-04-30 00:00:00</ModifiedDate></CountryRegion>
<CountryRegion><CountryRegionCode>DM</CountryRegionCode><Name>Dominica</Name><ModifiedDate>2008-04-30 00:00:00</ModifiedDate></CountryRegion>
<CountryRegion><CountryRegionCode>DO</CountryRegionCode><Name>Dominican Republic</Name><ModifiedDate>2008-04-30 00:00:00</ModifiedDate></CountryRegion>
<CountryRegion><CountryRegionCode>DZ</CountryRegionCode><Name>Algeria</Name><ModifiedDate>2008-04-30 00:00:00</ModifiedDate></CountryRegion>
<CountryRegion><CountryRegionCode>EC</CountryRegionCode><Name>Ecuador</Name><ModifiedDate>2008-04-30 00:00:00</ModifiedDate></CountryRegion>
<CountryRegion><CountryRegionCode>EE</CountryRegionCode><Name>Estonia</Name><ModifiedDate>2008-04-30 00:00:00</ModifiedDate></CountryRegion>
<CountryRegion><CountryRegionCode>EG</CountryRegionCode><Name>Egypt</Name><ModifiedDate>2008-04-30 00:00:00</ModifiedDate></CountryRegion>
<CountryRegion><CountryRegionCode>ER</CountryRegionCode><Name>Eritrea</Name><ModifiedDate>2008-04-30 00:00:00</ModifiedDate></CountryRegion>
<CountryRegion><CountryRegionCode>ES</CountryRegionCode><Name>Spain</Name><ModifiedDate>2008-04-30 00:00:00</ModifiedDate></CountryRegion>
<CountryRegion><CountryRegionCode>ET</CountryRegionCode><Name>Ethiopia</Name><ModifiedDate>2008-04-30 00:00:00</ModifiedDate></CountryRegion>
<CountryRegion><CountryRegionCode>FI</CountryRegionCode><Name>Finland</Name><ModifiedDate>2008-04-30 00:00:00</ModifiedDate></CountryRegion>
<CountryRegion><CountryRegionCode>FJ</CountryRegionCode><Name>Fiji Islands</Name><ModifiedDate>2008-04-30 00:00:00</ModifiedDate></CountryRegion>
<CountryRegion><CountryRegionCode>FK</CountryRegionCode><Name>Falkland Islands (Islas Malvinas)</Name><ModifiedDate>2008-04-30 00:00:00</ModifiedDate></CountryRegion>
<CountryRegion><CountryRegionCode>FM</CountryRegionCode><Name>Micronesia</Name><ModifiedDate>2008-04-30 00:00:00</ModifiedDate></CountryRegion>
<CountryRegion><CountryRegionCode>FO</CountryRegionCode><Name>Faroe Islands</Name><ModifiedDate>2008-04-30 00:00:00</ModifiedDate></CountryRegion>
<CountryRegion><CountryRegionCode>FR</CountryRegionCode><Name>France</Name><ModifiedDate>2008-04-30 00:00:00</ModifiedDate></CountryRegion>
<CountryRegion><CountryRegionCode>GA</CountryRegionCode><Name>Gabon</Name><ModifiedDate>2008-04-30 00:00:00</ModifiedDate></CountryRegion>
<CountryRegion><CountryRegionCode>GB</CountryRegionCode><Name>United Kingdom</Name><ModifiedDate>2008-04-30 00:00:00</ModifiedDate></CountryRegion>
<CountryRegion><CountryRegionCode>GD</CountryRegionCode><Name>Grenada</Name><ModifiedDate>2008-04-30 00:00:00</ModifiedDate></CountryRegion>
<CountryRegion><CountryRegionCode>GE</CountryRegionCode><Name>Georgia</Name><ModifiedDate>2008-04-30 00:00:00</ModifiedDate></CountryRegion>
<CountryRegion><CountryRegionCode>GF</CountryRegionCode><Name>French Guiana</Name><ModifiedDate>2008-04-30 00:00:00</ModifiedDate></CountryRegion>
<CountryRegion><CountryRegionCode>GH</CountryRegionCode><Name>Ghana</Name><ModifiedDate>2008-04-30 00:00:00</ModifiedDate></CountryRegion>
<CountryRegion><CountryRegionCode>GI</CountryRegionCode><Name>Gibraltar</Name><ModifiedDate>2008-04-30 00:00:00</ModifiedDate></CountryRegion>
<CountryRegion><CountryRegionCode>GL</CountryRegionCode><Name>Greenland</Name><ModifiedDate>2008-04-30 00:00:00</ModifiedDate></CountryRegion>
<CountryRegion><CountryRegionCode>GM</CountryRegionCode><Name>Gambia, The</Name><ModifiedDate>2008-04-30 00:00:00</ModifiedDate></CountryRegion>
<CountryRegion><CountryRegionCode>GN</CountryRegionCode><Name>Guinea</Name><ModifiedDate>2008-04-30 00:00:00</ModifiedDate></CountryRegion>
<CountryRegion><CountryRegionCode>GP</CountryRegionCode><Name>Guadeloupe</Name><ModifiedDate>2008-04-30 00:00:00</ModifiedDate></CountryRegion>
<CountryRegion><CountryRegionCode>GQ</CountryRegionCode><Name>Equatorial Guinea</Name><ModifiedDate>2008-04-30 00:00:00</ModifiedDate></CountryRegion>
<CountryRegion><CountryRegionCode>GR</CountryRegionCode><Name>Greece</Name><ModifiedDate>2008-04-30 00:00:00</ModifiedDate></CountryRegion>
<CountryRegion><CountryRegionCode>GS</CountryRegionCode><Name>South Georgia and the South Sandwich Islands</Name><ModifiedDate>2008-04-30 00:00:00</ModifiedDate></CountryRegion>
<CountryRegion><CountryRegionCode>GT</CountryRegionCode><Name>Guatemala</Name><ModifiedDate>2008-04-30 00:00:00</ModifiedDate></CountryRegion>
<CountryRegion><CountryRegionCode>GU</CountryRegionCode><Name>Guam</Name><ModifiedDate>2008-04-30 00:00:00</ModifiedDate></CountryRegion>
<CountryRegion><CountryRegionCode>GW</CountryRegionCode><Name>Guinea-Bissau</Name><ModifiedDate>2008-04-30 00:00:00</ModifiedDate></CountryRegion>
<CountryRegion><CountryRegionCode>GY</CountryRegionCode><Name>Guyana</Name><ModifiedDate>2008-04-30 00:00:00</ModifiedDate></CountryRegion>
<CountryRegion><CountryRegionCode>HK</CountryRegionCode><Name>Hong Kong SAR</Name><ModifiedDate>2008-04-30 00:00:00</ModifiedDate></CountryRegion>
<CountryRegion><CountryRegionCode>HM</CountryRegionCode><Name>Heard Island and McDonald Islands</Name><ModifiedDate>2008-04-30 00:00:00</ModifiedDate></CountryRegion>
<CountryRegion><CountryRegionCode>HN</CountryRegionCode><Name>Honduras</Name><ModifiedDate>2008-04-30 00:00:00</ModifiedDate></CountryRegion>
<CountryRegion><CountryRegionCode>HR</CountryRegionCode><Name>Croatia</Name><ModifiedDate>2008-04-30 00:00:00</ModifiedDate></CountryRegion>
<CountryRegion><CountryRegionCode>HT</CountryRegionCode><Name>Haiti</Name><ModifiedDate>2008-04-30 00:00:00</ModifiedDate></CountryRegion>
<CountryRegion><CountryRegionCode>HU</CountryRegionCode><Name>Hungary</Name><ModifiedDate>2008-04-30 00:00:00</ModifiedDate></CountryRegion>
<CountryRegion><CountryRegionCode>ID</CountryRegionCode><Name>Indonesia</Name><ModifiedDate>2008-04-30 00:00:00</ModifiedDate></CountryRegion>
<CountryRegion><CountryRegionCode>IE</CountryRegionCode><Name>Ireland</Name><ModifiedDate>2008-04-30 00:00:00</ModifiedDate></CountryRegion>
<CountryRegion><CountryRegionCode>IL</CountryRegionCode><Name>Israel</Name><ModifiedDate>2008-04-30 00:00:00</ModifiedDate></CountryRegion>
<CountryRegion><CountryRegionCode>IN</CountryRegionCode><Name>India</Name><ModifiedDate>2008-04-30 00:00:00</ModifiedDate></CountryRegion>
<CountryRegion><CountryRegionCode>IO</CountryRegionCode><Name>British Indian Ocean Territory</Name><ModifiedDate>2008-04-30 00:00:00</ModifiedDate></CountryRegion>
<CountryRegion><CountryRegionCode>IQ</CountryRegionCode><Name>Iraq</Name><ModifiedDate>2008-04-30 00:00:00</ModifiedDate></CountryRegion>
<CountryRegion><CountryRegionCode>IR</CountryRegionCode><Name>Iran</Name><ModifiedDate>2008-04-30 00:00:00</ModifiedDate></CountryRegion>
<CountryRegion><CountryRegionCode>IS</CountryRegionCode><Name>Iceland</Name><ModifiedDate>2008-04-30 00:00:00</ModifiedDate></CountryRegion>
<CountryRegion><CountryRegionCode>IT</CountryRegionCode><Name>Italy</Name><ModifiedDate>2008-04-30 00:00:00</ModifiedDate></CountryRegion>
<CountryRegion><CountryRegionCode>JM</CountryRegionCode><Name>Jamaica</Name><ModifiedDate>2008-04-30 00:00:00</ModifiedDate></CountryRegion>
<CountryRegion><CountryRegionCode>JO</CountryRegionCode><Name>Jordan</Name><ModifiedDate>2008-04-30 00:00:00</ModifiedDate></CountryRegion>
<CountryRegion><CountryRegionCode>JP</CountryRegionCode><Name>Japan</Name><ModifiedDate>2008-04-30 00:00:00</ModifiedDate></CountryRegion>
<CountryRegion><CountryRegionCode>KE</CountryRegionCode><Name>Kenya</Name><ModifiedDate>2008-04-30 00:00:00</ModifiedDate></CountryRegion>
<CountryRegion><CountryRegionCode>KG</CountryRegionCode><Name>Kyrgyzstan</Name><ModifiedDate>2008-04-30 00:00:00</ModifiedDate></CountryRegion>
<CountryRegion><CountryRegionCode>KH</CountryRegionCode><Name>Cambodia</Name><ModifiedDate>2008-04-30 00:00:00</ModifiedDate></CountryRegion>
<CountryRegion><CountryRegionCode>KI</CountryRegionCode><Name>Kiribati</Name><ModifiedDate>2008-04-30 00:00:00</ModifiedDate></CountryRegion>
<CountryRegion><CountryRegionCode>KM</CountryRegionCode><Name>Comoros</Name><ModifiedDate>2008-04-30 00:00:00</ModifiedDate></CountryRegion>
<CountryRegion><CountryRegionCode>KN</CountryRegionCode><Name>Saint Kitts and Nevis</Name><ModifiedDate>2008-04-30 00:00:00</ModifiedDate></CountryRegion>
<CountryRegion><CountryRegionCode>KP</CountryRegionCode><Name>North Korea</Name><ModifiedDate>2008-04-30 00:00:00</ModifiedDate></CountryRegion>
<CountryRegion><CountryRegionCode>KR</CountryRegionCode><Name>Korea</Name><ModifiedDate>2008-04-30 00:00:00</ModifiedDate></CountryRegion>
<CountryRegion><CountryRegionCode>KW</CountryRegionCode><Name>Kuwait</Name><ModifiedDate>2008-04-30 00:00:00</ModifiedDate></CountryRegion>
<CountryRegion><CountryRegionCode>KY</CountryRegionCode><Name>Cayman Islands</Name><ModifiedDate>2008-04-30 00:00:00</ModifiedDate></CountryRegion>
<CountryRegion><CountryRegionCode>KZ</CountryRegionCode><Name>Kazakhstan</Name><ModifiedDate>2008-04-30 00:00:00</ModifiedDate></CountryRegion>
<CountryRegion><CountryRegionCode>LA</CountryRegionCode><Name>Laos</Name><ModifiedDate>2008-04-30 00:00:00</ModifiedDate></CountryRegion>
<CountryRegion><CountryRegionCode>LB</CountryRegionCode><Name>Lebanon</Name><ModifiedDate>2008-04-30 00:00:00</ModifiedDate></CountryRegion>
<CountryRegion><CountryRegionCode>LC</CountryRegionCode><Name>Saint Lucia</Name><ModifiedDate>2008-04-30 00:00:00</ModifiedDate></CountryRegion>
<CountryRegion><CountryRegionCode>LI</CountryRegionCode><Name>Liechtenstein</Name><ModifiedDate>2008-04-30 00:00:00</ModifiedDate></CountryRegion>
<CountryRegion><CountryRegionCode>LK</CountryRegionCode><Name>Sri Lanka</Name><ModifiedDate>2008-04-30 00:00:00</ModifiedDate></CountryRegion>
<CountryRegion><CountryRegionCode>LR</CountryRegionCode><Name>Liberia</Name><ModifiedDate>2008-04-30 00:00:00</ModifiedDate></CountryRegion>
<CountryRegion><CountryRegionCode>LS</CountryRegionCode><Name>Lesotho</Name><ModifiedDate>2008-04-30 00:00:00</ModifiedDate></CountryRegion>
<CountryRegion><CountryRegionCode>LT</CountryRegionCode><Name>Lithuania</Name><ModifiedDate>2008-04-30 00:00:00</ModifiedDate></CountryRegion>
<CountryRegion><CountryRegionCode>LU</CountryRegionCode><Name>Luxembourg</Name><ModifiedDate>2008-04-30 00:00:00</ModifiedDate></CountryRegion>
<CountryRegion><CountryRegionCode>LV</CountryRegionCode><Name>Latvia</Name><ModifiedDate>2008-04-30 00:00:00</ModifiedDate></CountryRegion>
<CountryRegion><CountryRegionCode>LY</CountryRegionCode><Name>Libya</Name><ModifiedDate>2008-04-30 00:00:00</ModifiedDate></CountryRegion>
<CountryRegion><CountryRegionCode>MA</CountryRegionCode><Name>Morocco</Name><ModifiedDate>2008-04-30 00:00:00</ModifiedDate></CountryRegion>
<CountryRegion><CountryRegionCode>MC</CountryRegionCode><Name>Monaco</Name><ModifiedDate>2008-04-30 00:00:00</ModifiedDate></CountryRegion>
<CountryRegion><CountryRegionCode>MD</CountryRegionCode><Name>Moldova</Name><ModifiedDate>2008-04-30 00:00:00</ModifiedDate></CountryRegion>
<CountryRegion><CountryRegionCode>MG</CountryRegionCode><Name>Madagascar</Name><ModifiedDate>2008-04-30 00:00:00</ModifiedDate></CountryRegion>
<CountryRegion><CountryRegionCode>MH</CountryRegionCode><Name>Marshall Islands</Name><ModifiedDate>2008-04-30 00:00:00</ModifiedDate></CountryRegion>
<CountryRegion><CountryRegionCode>MK</CountryRegionCode><Name>Macedonia, Former Yugoslav Republic of</Name><ModifiedDate>2008-04-30 00:00:00</ModifiedDate></CountryRegion>
<CountryRegion><CountryRegionCode>ML</CountryRegionCode><Name>Mali</Name><ModifiedDate>2008-04-30 00:00:00</ModifiedDate></CountryRegion>
<CountryRegion><CountryRegionCode>MM</CountryRegionCode><Name>Myanmar</Name><ModifiedDate>2008-04-30 00:00:00</ModifiedDate></CountryRegion>
<CountryRegion><CountryRegionCode>MN</CountryRegionCode><Name>Mongolia</Name><ModifiedDate>2008-04-30 00:00:00</ModifiedDate></CountryRegion>
<CountryRegion><CountryRegionCode>MO</CountryRegionCode><Name>Macao SAR</Name><ModifiedDate>2008-04-30 00:00:00</ModifiedDate></CountryRegion>
<CountryRegion><CountryRegionCode>MP</CountryRegionCode><Name>Northern Mariana Islands</Name><ModifiedDate>2008-04-30 00:00:00</ModifiedDate></CountryRegion>
<CountryRegion><CountryRegionCode>MQ</CountryRegionCode><Name>Martinique</Name><ModifiedDate>2008-04-30 00:00:00</ModifiedDate></CountryRegion>
<CountryRegion><CountryRegionCode>MR</CountryRegionCode><Name>Mauritania</Name><ModifiedDate>2008-04-30 00:00:00</ModifiedDate></CountryRegion>
<CountryRegion><CountryRegionCode>MS</CountryRegionCode><Name>Montserrat</Name><ModifiedDate>2008-04-30 00:00:00</ModifiedDate></CountryRegion>
<CountryRegion><CountryRegionCode>MT</CountryRegionCode><Name>Malta</Name><ModifiedDate>2008-04-30 00:00:00</ModifiedDate></CountryRegion>
<CountryRegion><CountryRegionCode>MU</CountryRegionCode><Name>Mauritius</Name><ModifiedDate>2008-04-30 00:00:00</ModifiedDate></CountryRegion>
<CountryRegion><CountryRegionCode>MV</CountryRegionCode><Name>Maldives</Name><ModifiedDate>2008-04-30 00:00:00</ModifiedDate></CountryRegion>
<CountryRegion><CountryRegionCode>MW</CountryRegionCode><Name>Malawi</Name><ModifiedDate>2008-04-30 00:00:00</ModifiedDate></CountryRegion>
<CountryRegion><CountryRegionCode>MX</CountryRegionCode><Name>Mexico</Name><ModifiedDate>2008-04-30 00:00:00</ModifiedDate></CountryRegion>
<CountryRegion><CountryRegionCode>MY</CountryRegionCode><Name>Malaysia</Name><ModifiedDate>2008-04-30 00:00:00</ModifiedDate></CountryRegion>
<CountryRegion><CountryRegionCode>MZ</CountryRegionCode><Name>Mozambique</Name><ModifiedDate>2008-04-30 00:00:00</ModifiedDate></CountryRegion>
<CountryRegion><CountryRegionCode>NA</CountryRegionCode><Name>Namibia</Name><ModifiedDate>2008-04-30 00:00:00</ModifiedDate></CountryRegion>
<CountryRegion><CountryRegionCode>NC</CountryRegionCode><Name>New Caledonia</Name><ModifiedDate>2008-04-30 00:00:00</ModifiedDate></CountryRegion>
<CountryRegion><CountryRegionCode>NE</CountryRegionCode><Name>Niger</Name><ModifiedDate>2008-04-30 00:00:00</ModifiedDate></CountryRegion>
<CountryRegion><CountryRegionCode>NF</CountryRegionCode><Name>Norfolk Island</Name><ModifiedDate>2008-04-30 00:00:00</ModifiedDate></CountryRegion>
<CountryRegion><CountryRegionCode>NG</CountryRegionCode><Name>Nigeria</Name><ModifiedDate>2008-04-30 00:00:00</ModifiedDate></CountryRegion>
<CountryRegion><CountryRegionCode>NI</CountryRegionCode><Name>Nicaragua</Name><ModifiedDate>2008-04-30 00:00:00</ModifiedDate></CountryRegion>
<CountryRegion><CountryRegionCode>NL</CountryRegionCode><Name>Netherlands</Name><ModifiedDate>2008-04-30 00:00:00</ModifiedDate></CountryRegion>
<CountryRegion><CountryRegionCode>NO</CountryRegionCode><Name>Norway</Name><ModifiedDate>2008-04-30 00:00:00</ModifiedDate></CountryRegion>
<CountryRegion><CountryRegionCode>NP</CountryRegionCode><Name>Nepal</Name><ModifiedDate>2008-04-30 00:00:00</ModifiedDate></CountryRegion>
<CountryRegion><CountryRegionCode>NR</CountryRegionCode><Name>Nauru</Name><ModifiedDate>2008-04-30 00:00:00</ModifiedDate></CountryRegion>
<CountryRegion><CountryRegionCode>NU</CountryRegionCode><Name>Niue</Name><ModifiedDate>2008-04-30 00:00:00</ModifiedDate></CountryRegion>
<CountryRegion><CountryRegionCode>NZ</CountryRegionCode><Name>New Zealand</Name><ModifiedDate>2008-04-30 00:00:00</ModifiedDate></CountryRegion>
<CountryRegion><CountryRegionCode>OM</CountryRegionCode><Name>Oman</Name><ModifiedDate>2008-04-30 00:00:00</ModifiedDate></CountryRegion>
<CountryRegion><CountryRegionCode>PA</CountryRegionCode><Name>Panama</Name><ModifiedDate>2008-04-30 00:00:00</ModifiedDate></CountryRegion>
<CountryRegion><CountryRegionCode>PE</CountryRegionCode><Name>Peru</Name><ModifiedDate>2008-04-30 00:00:00</ModifiedDate></CountryRegion>
<CountryRegion><CountryRegionCode>PF</CountryRegionCode><Name>French Polynesia</Name><ModifiedDate>2008-04-30 00:00:00</ModifiedDate></CountryRegion>
<CountryRegion><CountryRegionCode>PG</CountryRegionCode><Name>Papua New Guinea</Name><ModifiedDate>2008-04-30 00:00:00</ModifiedDate></CountryRegion>
<CountryRegion><CountryRegionCode>PH</CountryRegionCode><Name>Philippines</Name><ModifiedDate>2008-04-30 00:00:00</ModifiedDate></CountryRegion>
<CountryRegion><CountryRegionCode>PK</CountryRegionCode><Name>Pakistan</Name><ModifiedDate>2008-04-30 00:00:00</ModifiedDate></CountryRegion>
<CountryRegion><CountryRegionCode>PL</CountryRegionCode><Name>Poland</Name><ModifiedDate>2008-04-30 00:00:00</ModifiedDate></CountryRegion>
<CountryRegion><CountryRegionCode>PM</CountryRegionCode><Name>Saint Pierre and Miquelon</Name><ModifiedDate>2008-04-30 00:00:00</ModifiedDate></CountryRegion>
<CountryRegion><CountryRegionCode>PN</CountryRegionCode><Name>Pitcairn Islands</Name><ModifiedDate>2008-04-30 00:00:00</ModifiedDate></CountryRegion>
<CountryRegion><CountryRegionCode>PR</CountryRegionCode><Name>Puerto Rico</Name><ModifiedDate>2008-04-30 00:00:00</ModifiedDate></CountryRegion>
<CountryRegion><CountryRegionCode>PS</CountryRegionCode><Name>Palestinian Authority</Name><ModifiedDate>2008-04-30 00:00:00</ModifiedDate></CountryRegion>
<CountryRegion><CountryRegionCode>PT</CountryRegionCode><Name>Portugal</Name><ModifiedDate>2008-04-30 00:00:00</ModifiedDate></CountryRegion>
<CountryRegion><CountryRegionCode>PW</CountryRegionCode><Name>Palau</Name><ModifiedDate>2008-04-30 00:00:00</ModifiedDate></CountryRegion>
<CountryRegion><CountryRegionCode>PY</CountryRegionCode><Name>Paraguay</Name><ModifiedDate>2008-04-30 00:00:00</ModifiedDate></CountryRegion>
<CountryRegion><CountryRegionCode>QA</CountryRegionCode><Name>Qatar</Name><ModifiedDate>2008-04-30 00:00:00</ModifiedDate></CountryRegion>
<CountryRegion><CountryRegionCode>RE</CountryRegionCode><Name>R&#233;union</Name><ModifiedDate>2008-04-30 00:00:00</ModifiedDate></CountryRegion>
<CountryRegion><CountryRegionCode>RO</CountryRegionCode><Name>Romania</Name><ModifiedDate>2008-04-30 00:00:00</ModifiedDate></CountryRegion>
<CountryRegion><CountryRegionCode>RU</CountryRegionCode><Name>Russia</Name><ModifiedDate>2008-04-30 00:00:00</ModifiedDate></CountryRegion>
<CountryRegion><CountryRegionCode>RW</CountryRegionCode><Name>Rwanda</Name><ModifiedDate>2008-04-30 00:00:00</ModifiedDate></CountryRegion>
<CountryRegion><CountryRegionCode>SA</CountryRegionCode><Name>Saudi Arabia</Name><ModifiedDate>2008-04-30 00:00:00</ModifiedDate></CountryRegion>
<CountryRegion><CountryRegionCode>SB</CountryRegionCode><Name>Solomon Islands</Name><ModifiedDate>2008-04-30 00:00:00</ModifiedDate></CountryRegion>
<CountryRegion><CountryRegionCode>SC</CountryRegionCode><Name>Seychelles</Name><ModifiedDate>2008-04-30 00:00:00</ModifiedDate></CountryRegion>
<CountryRegion><CountryRegionCode>SD</CountryRegionCode><Name>Sudan</Name><ModifiedDate>2008-04-30 00:00:00</ModifiedDate></CountryRegion>
<CountryRegion><CountryRegionCode>SE</CountryRegionCode><Name>Sweden</Name><ModifiedDate>2008-04-30 00:00:00</ModifiedDate></CountryRegion>
<CountryRegion><CountryRegionCode>SG</CountryRegionCode><Name>Singapore</Name><ModifiedDate>2008-04-30 00:00:00</ModifiedDate></CountryRegion>
<CountryRegion><CountryRegionCode>SH</CountryRegionCode><Name>Saint Helena</Name><ModifiedDate>2008-04-30 00:00:00</ModifiedDate></CountryRegion>
<CountryRegion><CountryRegionCode>SI</CountryRegionCode><Name>Slovenia</Name><ModifiedDate>2008-04-30 00:00:00</ModifiedDate></CountryRegion>
<CountryRegion><CountryRegionCode>SJ</CountryRegionCode><Name>Svalbard and Jan Mayen</Name><ModifiedDate>2008-04-30 00:00:00</ModifiedDate></CountryRegion>
<CountryRegion><CountryRegionCode>SK</CountryRegionCode><Name>Slovakia</Name><ModifiedDate>2008-04-30 00:00:00</ModifiedDate></CountryRegion>
<CountryRegion><CountryRegionCode>SL</CountryRegionCode><Name>Sierra Leone</Name><ModifiedDate>2008-04-30 00:00:00</ModifiedDate></CountryRegion>
<CountryRegion><CountryRegionCode>SM</CountryRegionCode><Name>San Marino</Name><ModifiedDate>2008-04-30 00:00:00</ModifiedDate></CountryRegion>
<CountryRegion><CountryRegionCode>SN</CountryRegionCode><Name>Senegal</Name><ModifiedDate>2008-04-30 00:00:00</ModifiedDate></CountryRegion>
<CountryRegion><CountryRegionCode>SO</CountryRegionCode><Name>Somalia</Name><ModifiedDate>2008-04-30 00:00:00</ModifiedDate></CountryRegion>
<CountryRegion><CountryRegionCode>SR</CountryRegionCode><Name>Suriname</Name><ModifiedDate>2008-04-30 00:00:00</ModifiedDate></CountryRegion>
<CountryRegion><CountryRegionCode>ST</CountryRegionCode><Name>S&#227;o Tom&#233; and Pr&#237;ncipe</Name><ModifiedDate>2008-04-30 00:00:00</ModifiedDate></CountryRegion>
<CountryRegion><CountryRegionCode>SV</CountryRegionCode><Name>El Salvador</Name><ModifiedDate>2008-04-30 00:00:00</ModifiedDate></CountryRegion>
<CountryRegion><CountryRegionCode>SY</CountryRegionCode><Name>Syria</Name><ModifiedDate>2008-04-30 00:00:00</ModifiedDate></CountryRegion>
<CountryRegion><CountryRegionCode>SZ</CountryRegionCode><Name>Swaziland</Name><ModifiedDate>2008-04-30 00:00:00</ModifiedDate></CountryRegion>
<CountryRegion><CountryRegionCode>TC</CountryRegionCode><Name>Turks and Caicos Islands</Name><ModifiedDate>2008-04-30 00:00:00</ModifiedDate></CountryRegion>
<CountryRegion><CountryRegionCode>TD</CountryRegionCode><Name>Chad</Name><ModifiedDate>2008-04-30 00:00:00</ModifiedDate></CountryRegion>
<CountryRegion><CountryRegionCode>TF</CountryRegionCode><Name>French Southern and Antarctic Lands</Name><ModifiedDate>2008-04-30 00:00:00</ModifiedDate></CountryRegion>
<CountryRegion><CountryRegionCode>TG</CountryRegionCode><Name>Togo</Name><ModifiedDate>2008-04-30 00:00:00</ModifiedDate></CountryRegion>
<CountryRegion><CountryRegionCode>TH</CountryRegionCode><Name>Thailand</Name><ModifiedDate>2008-04-30 00:00:00</ModifiedDate></CountryRegion>
<CountryRegion><CountryRegionCode>TJ</CountryRegionCode><Name>Tajikistan</Name><ModifiedDate>2008-04-30 00:00:00</ModifiedDate></CountryRegion>
<CountryRegion><CountryRegionCode>TK</CountryRegionCode><Name>Tokelau</Name><ModifiedDate>2008-04-30 00:00:00</ModifiedDate></CountryRegion>
<CountryRegion><CountryRegionCode>TL</CountryRegionCode><Name>Timor-Leste</Name><ModifiedDate>2008-04-30 00:00:00</ModifiedDate></CountryRegion>
<CountryRegion><CountryRegionCode>TM</CountryRegionCode><Name>Turkmenistan</Name><ModifiedDate>2008-04-30 00:00:00</ModifiedDate></CountryRegion>
<CountryRegion><CountryRegionCode>TN</CountryRegionCode><Name>Tunisia</Name><ModifiedDate>2008-04-30 00:00:00</ModifiedDate></CountryRegion>
<CountryRegion><CountryRegionCode>TO</CountryRegionCode><Name>Tonga</Name><ModifiedDate>2008-04-30 00:00:00</ModifiedDate></CountryRegion>
<CountryRegion><CountryRegionCode>TR</CountryRegionCode><Name>Turkey</Name><ModifiedDate>2008-04-30 00:00:00</ModifiedDate></CountryRegion>
<CountryRegion><CountryRegionCode>TT</CountryRegionCode><Name>Trinidad and Tobago</Name><ModifiedDate>2008-04-30 00:00:00</ModifiedDate></CountryRegion>
<CountryRegion><CountryRegionCode>TV</CountryRegionCode><Name>Tuvalu</Name><ModifiedDate>2008-04-30 00:00:00</ModifiedDate></CountryRegion>
<CountryRegion><CountryRegionCode>TW</CountryRegionCode><Name>Taiwan</Name><ModifiedDate>2008-04-30 00:00:00</ModifiedDate></CountryRegion>
<CountryRegion><CountryRegionCode>TZ</CountryRegionCode><Name>Tanzania</Name><ModifiedDate>2008-04-30 00:00:00</ModifiedDate></CountryRegion>
<CountryRegion><CountryRegionCode>UA</CountryRegionCode><Name>Ukraine</Name><ModifiedDate>2008-04-30 00:00:00</ModifiedDate></CountryRegion>
<CountryRegion><CountryRegionCode>UG</CountryRegionCode><Name>Uganda</Name><ModifiedDate>2008-04-30 00:00:00</ModifiedDate></CountryRegion>
<CountryRegion><CountryRegionCode>UM</CountryRegionCode><Name>U.S. Minor Outlying Islands</Name><ModifiedDate>2008-04-30 00:00:00</ModifiedDate></CountryRegion>
<CountryRegion><CountryRegionCode>US</CountryRegionCode><Name>United States</Name><ModifiedDate>2008-04-30 00:00:00</ModifiedDate></CountryRegion>
<CountryRegion><CountryRegionCode>UY</CountryRegionCode><Name>Uruguay</Name><ModifiedDate>2008-04-30 00:00:00</ModifiedDate></CountryRegion>
<CountryRegion><CountryRegionCode>UZ</CountryRegionCode><Name>Uzbekistan</Name><ModifiedDate>2008-04-30 00:00:00</ModifiedDate></CountryRegion>
<CountryRegion><CountryRegionCode>VA</CountryRegionCode><Name>Vatican City</Name><ModifiedDate>2008-04-30 00:00:00</ModifiedDate></CountryRegion>
<CountryRegion><CountryRegionCode>VC</CountryRegionCode><Name>Saint Vincent and the Grenadine</Name><ModifiedDate>2008-04-30 00:00:00</ModifiedDate></CountryRegion>
<CountryRegion><CountryRegionCode>VE</CountryRegionCode><Name>Venezuela</Name><ModifiedDate>2008-04-30 00:00:00</ModifiedDate></CountryRegion>
<CountryRegion><CountryRegionCode>VG</CountryRegionCode><Name>Virgin Islands, British</Name><ModifiedDate>2008-04-30 00:00:00</ModifiedDate></CountryRegion>
<CountryRegion><CountryRegionCode>VI</CountryRegionCode><Name>Virgin Islands, U.S.</Name><ModifiedDate>2008-04-30 00:00:00</ModifiedDate></CountryRegion>
<CountryRegion><CountryRegionCode>VN</CountryRegionCode><Name>Vietnam</Name><ModifiedDate>2008-04-30 00:00:00</ModifiedDate></CountryRegion>
<CountryRegion><CountryRegionCode>VU</CountryRegionCode><Name>Vanuatu</Name><ModifiedDate>2008-04-30 00:00:00</ModifiedDate></CountryRegion>
<CountryRegion><CountryRegionCode>WF</CountryRegionCode><Name>Wallis and Futuna</Name><ModifiedDate>2008-04-30 00:00:00</ModifiedDate></CountryRegion>
<CountryRegion><CountryRegionCode>WS</CountryRegionCode><Name>Samoa</Name><ModifiedDate>2008-04-30 00:00:00</ModifiedDate></CountryRegion>
<CountryRegion><CountryRegionCode>YE</CountryRegionCode><Name>Yemen</Name><ModifiedDate>2008-04-30 00:00:00</ModifiedDate></CountryRegion>
<CountryRegion><CountryRegionCode>YT</CountryRegionCode><Name>Mayotte</Name><ModifiedDate>2008-04-30 00:00:00</ModifiedDate></CountryRegion>
<CountryRegion><CountryRegionCode>ZA</CountryRegionCode><Name>South Africa</Name><ModifiedDate>2008-04-30 00:00:00</ModifiedDate></CountryRegion>
<CountryRegion><CountryRegionCode>ZM</CountryRegionCode><Name>Zambia</Name><ModifiedDate>2008-04-30 00:00:00</ModifiedDate></CountryRegion>
<CountryRegion><CountryRegionCode>ZW</CountryRegionCode><Name>Zimbabwe</Name><ModifiedDate>2008-04-30 00:00:00</ModifiedDate></CountryRegion>
</DataTable>
