<DataTable>
<Location><LocationID>1</LocationID><Name>Tool Crib</Name><CostRate>0.0000</CostRate><Availability>0.00</Availability><ModifiedDate>2008-04-30 00:00:00</ModifiedDate></Location>
<Location><LocationID>2</LocationID><Name>Sheet Metal Racks</Name><CostRate>0.0000</CostRate><Availability>0.00</Availability><ModifiedDate>2008-04-30 00:00:00</ModifiedDate></Location>
<Location><LocationID>3</LocationID><Name>Paint Shop</Name><CostRate>0.0000</CostRate><Availability>0.00</Availability><ModifiedDate>2008-04-30 00:00:00</ModifiedDate></Location>
<Location><LocationID>4</LocationID><Name>Paint Storage</Name><CostRate>0.0000</CostRate><Availability>0.00</Availability><ModifiedDate>2008-04-30 00:00:00</ModifiedDate></Location>
<Location><LocationID>5</LocationID><Name>Metal Storage</Name><CostRate>0.0000</CostRate><Availability>0.00</Availability><ModifiedDate>2008-04-30 00:00:00</ModifiedDate></Location>
<Location><LocationID>6</LocationID><Name>Miscellaneous Storage</Name><CostRate>0.0000</CostRate><Availability>0.00</Availability><ModifiedDate>2008-04-30 00:00:00</ModifiedDate></Location>
<Location><LocationID>7</LocationID><Name>Finished Goods Storage</Name><CostRate>0.0000</CostRate><Availability>0.00</Availability><ModifiedDate>2008-04-30 00:00:00</ModifiedDate></Location>
<Location><LocationID>10</LocationID><Name>Frame Forming</Name><CostRate>22.5000</CostRate><Availability>96.00</Availability><ModifiedDate>2008-04-30 00:00:00</ModifiedDate></Location>
<Location><LocationID>20</LocationID><Name>Frame Welding</Name><CostRate>25.0000</CostRate><Availability>108.00</Availability><ModifiedDate>2008-04-30 00:00:00</ModifiedDate></Location>
<Location><LocationID>30</LocationID><Name>Debur and Polish</Name><CostRate>14.5000</CostRate><Availability>120.00</Availability><ModifiedDate>2008-04-30 00:00:00</ModifiedDate></Location>
<Location><LocationID>40</LocationID><Name>Paint</Name><CostRate>15.7500</CostRate><Availability>120.00</Availability><ModifiedDate>2008-04-30 00:00:00</ModifiedDate></Location>
<Location><LocationID>45</LocationID><Name>Specialized Paint</Name><CostRate>18.0000</CostRate><Availability>80.00</Availability><ModifiedDate>2008-04-30 00:00:00</ModifiedDate></Location>
<Location><LocationID>50</LocationID><Name>Subassembly</Name><CostRate>12.2500</CostRate><Availability>120.00</Availability><ModifiedDate>2008-04-30 00:00:00</ModifiedDate></Location>
<Location><LocationID>60</LocationID><Name>Final Assembly</Name><CostRate>12.2500</CostRate><Availability>120.00</Availability><ModifiedDate>2008-04-30 00:00:00</ModifiedDate></Location>
</DataTable>
