<DataTable>
<JobCandidate><JobCandidateID>1</JobCandidateID><BusinessEntityID></BusinessEntityID><Resume>&lt;ns:Resume xmlns:ns=&quot;http://schemas.microsoft.com/sqlserver/2004/07/adventure-works/Resume&quot;&gt;&lt;ns:Name&gt;&lt;ns:Name.Prefix&gt;&lt;/ns:Name.Prefix&gt;&lt;ns:Name.First&gt;Shai&lt;/ns:Name.First&gt;&lt;ns:Name.Middle&gt;&lt;/ns:Name.Middle&gt;&lt;ns:Name.Last&gt;Bassli&lt;/ns:Name.Last&gt;&lt;ns:Name.Suffix&gt;&lt;/ns:Name.Suffix&gt;&lt;/ns:Name&gt;&lt;ns:Skills&gt;
I am an experienced and versatile machinist who can operate a range of machinery personally as well as supervise the work of other machinists. I specialize in diagnostics and precision inspection, have expertise in reading blueprints, and am able to call on strong interpersonal and communication skills to guide the work of other production machinists whose work I am called upon to inspect. 
My degree in mechanical engineering affords me a better theoretical understanding and mathematical background than many other candidates in the machinist trade.
    &lt;/ns:Skills&gt;&lt;ns:Employment&gt;&lt;ns:Emp.StartDate&gt;2000-06-01Z&lt;/ns:Emp.StartDate&gt;&lt;ns:Emp.EndDate&gt;2002-09-30Z&lt;/ns:Emp.EndDate&gt;&lt;ns:Emp.OrgName&gt;Wingtip Toys&lt;/ns:Emp.OrgName&gt;&lt;ns:Emp.JobTitle&gt;Lead Machinist&lt;/ns:Emp.JobTitle&gt;&lt;ns:Emp.Responsibility&gt; Supervised work of staff of four machinists. Coordinated all complex assembly and tooling activities, including production of tricycles and wagons.
Developed parts fabrication from sample parts, drawings and verbal orders.Worked with ISO9000 implementation.
        &lt;/ns:Emp.Responsibility&gt;&lt;ns:Emp.FunctionCategory&gt;Production&lt;/ns:Emp.FunctionCategory&gt;&lt;ns:Emp.IndustryCategory&gt;Manufacturing&lt;/ns:Emp.IndustryCategory&gt;&lt;ns:Emp.Location&gt;&lt;ns:Location&gt;&lt;ns:Loc.CountryRegion&gt;US &lt;/ns:Loc.CountryRegion&gt;&lt;ns:Loc.State&gt;MI &lt;/ns:Loc.State&gt;&lt;ns:Loc.City&gt;Saginaw&lt;/ns:Loc.City&gt;&lt;/ns:Location&gt;&lt;/ns:Emp.Location&gt;&lt;/ns:Employment&gt;&lt;ns:Employment&gt;&lt;ns:Emp.StartDate&gt;1996-11-15Z&lt;/ns:Emp.StartDate&gt;&lt;ns:Emp.EndDate&gt;2000-05-01Z&lt;/ns:Emp.EndDate&gt;&lt;ns:Emp.OrgName&gt;Blue Yonder Airlines&lt;/ns:Emp.OrgName&gt;&lt;ns:Emp.JobTitle&gt;Machinist&lt;/ns:Emp.JobTitle&gt;&lt;ns:Emp.Responsibility&gt;Repaired and maintained a variety of production and fabrication machine tools.
Set up and operated machines to close tolerances. Used and wrote CNC machine programs. Trained extensively in computer-aided manufacturing.
        &lt;/ns:Emp.Responsibility&gt;&lt;ns:Emp.FunctionCategory&gt;Production&lt;/ns:Emp.FunctionCategory&gt;&lt;ns:Emp.IndustryCategory&gt;Manufacturing&lt;/ns:Emp.IndustryCategory&gt;&lt;ns:Emp.Location&gt;&lt;ns:Location&gt;&lt;ns:Loc.CountryRegion&gt;US &lt;/ns:Loc.CountryRegion&gt;&lt;ns:Loc.State&gt;IL &lt;/ns:Loc.State&gt;&lt;ns:Loc.City&gt;Chicago&lt;/ns:Loc.City&gt;&lt;/ns:Location&gt;&lt;/ns:Emp.Location&gt;&lt;/ns:Employment&gt;&lt;ns:Employment&gt;&lt;ns:Emp.StartDate&gt;1994-06-10Z&lt;/ns:Emp.StartDate&gt;&lt;ns:Emp.EndDate&gt;1996-07-22Z&lt;/ns:Emp.EndDate&gt;&lt;ns:Emp.OrgName&gt;City Power and Light&lt;/ns:Emp.OrgName&gt;&lt;ns:Emp.JobTitle&gt;Assistant Machinist&lt;/ns:Emp.JobTitle&gt;&lt;ns:Emp.Responsibility&gt;Performed centerless grinding. Received training in manual mill and lathe machines, as well as micrometers and calipers.
Owned complete toolset.Worked extensive overtime on request. &lt;/ns:Emp.Responsibility&gt;&lt;ns:Emp.FunctionCategory&gt;Production&lt;/ns:Emp.FunctionCategory&gt;&lt;ns:Emp.IndustryCategory&gt;Manufacturing&lt;/ns:Emp.IndustryCategory&gt;&lt;ns:Emp.Location&gt;&lt;ns:Location&gt;&lt;ns:Loc.CountryRegion&gt;US &lt;/ns:Loc.CountryRegion&gt;&lt;ns:Loc.State&gt;IA &lt;/ns:Loc.State&gt;&lt;ns:Loc.City&gt;Des Moines&lt;/ns:Loc.City&gt;&lt;/ns:Location&gt;&lt;/ns:Emp.Location&gt;&lt;/ns:Employment&gt;&lt;ns:Education&gt;&lt;ns:Edu.Level&gt;Bachelor&lt;/ns:Edu.Level&gt;&lt;ns:Edu.StartDate&gt;1990-09-15Z&lt;/ns:Edu.StartDate&gt;&lt;ns:Edu.EndDate&gt;1994-05-10Z&lt;/ns:Edu.EndDate&gt;&lt;ns:Edu.Degree&gt;Bachelor of Science&lt;/ns:Edu.Degree&gt;&lt;ns:Edu.Major&gt;Mechanical Engineering&lt;/ns:Edu.Major&gt;&lt;ns:Edu.Minor&gt;&lt;/ns:Edu.Minor&gt;&lt;ns:Edu.GPA&gt;3.2&lt;/ns:Edu.GPA&gt;&lt;ns:Edu.GPAScale&gt;4&lt;/ns:Edu.GPAScale&gt;&lt;ns:Edu.School&gt;Midwest State University&lt;/ns:Edu.School&gt;&lt;ns:Edu.Location&gt;&lt;ns:Location&gt;&lt;ns:Loc.CountryRegion&gt;US &lt;/ns:Loc.CountryRegion&gt;&lt;ns:Loc.State&gt;IA &lt;/ns:Loc.State&gt;&lt;ns:Loc.City&gt;Ames&lt;/ns:Loc.City&gt;&lt;/ns:Location&gt;&lt;/ns:Edu.Location&gt;&lt;/ns:Education&gt;&lt;ns:Address&gt;&lt;ns:Addr.Type&gt;Home&lt;/ns:Addr.Type&gt;&lt;ns:Addr.Street&gt;567 3rd Ave&lt;/ns:Addr.Street&gt;&lt;ns:Addr.Location&gt;&lt;ns:Location&gt;&lt;ns:Loc.CountryRegion&gt;US &lt;/ns:Loc.CountryRegion&gt;&lt;ns:Loc.State&gt;MI &lt;/ns:Loc.State&gt;&lt;ns:Loc.City&gt;Saginaw&lt;/ns:Loc.City&gt;&lt;/ns:Location&gt;&lt;/ns:Addr.Location&gt;&lt;ns:Addr.PostalCode&gt;53900&lt;/ns:Addr.PostalCode&gt;&lt;ns:Addr.Telephone&gt;&lt;ns:Telephone&gt;&lt;ns:Tel.Type&gt;Voice&lt;/ns:Tel.Type&gt;&lt;ns:Tel.IntlCode&gt;1&lt;/ns:Tel.IntlCode&gt;&lt;ns:Tel.AreaCode&gt;276&lt;/ns:Tel.AreaCode&gt;&lt;ns:Tel.Number&gt;555-0114&lt;/ns:Tel.Number&gt;&lt;/ns:Telephone&gt;&lt;ns:Telephone&gt;&lt;ns:Tel.Type&gt;Fax&lt;/ns:Tel.Type&gt;&lt;ns:Tel.IntlCode&gt;1&lt;/ns:Tel.IntlCode&gt;&lt;ns:Tel.AreaCode&gt;276&lt;/ns:Tel.AreaCode&gt;&lt;ns:Tel.Number&gt;555-0132&lt;/ns:Tel.Number&gt;&lt;/ns:Telephone&gt;&lt;/ns:Addr.Telephone&gt;&lt;/ns:Address&gt;&lt;ns:EMail&gt;Shai@Example.com&lt;/ns:EMail&gt;&lt;ns:WebSite&gt;&lt;/ns:WebSite&gt;&lt;/ns:Resume&gt;</Resume><ModifiedDate>2007-06-23 00:00:00</ModifiedDate></JobCandidate>
<JobCandidate><JobCandidateID>2</JobCandidateID><BusinessEntityID></BusinessEntityID><Resume>&lt;ns:Resume xmlns:ns=&quot;http://schemas.microsoft.com/sqlserver/2004/07/adventure-works/Resume&quot;&gt;&lt;ns:Name&gt;&lt;ns:Name.Prefix&gt;Mr.&lt;/ns:Name.Prefix&gt;&lt;ns:Name.First&gt;Max&lt;/ns:Name.First&gt;&lt;ns:Name.Middle&gt;&lt;/ns:Name.Middle&gt;&lt;ns:Name.Last&gt;Benson&lt;/ns:Name.Last&gt;&lt;ns:Name.Suffix&gt;&lt;/ns:Name.Suffix&gt;&lt;/ns:Name&gt;&lt;ns:Skills&gt;3 years recent experience as a go-cart production line manager. Responsibilities included planning the production line budget, ordering parts, and overseeing all quality assurance procedures.
Prior to production management, worked 5 years on go-cart production lines (3 years while in college and for 2 years after), with increasing responsibilities over time. Responsibilities started with basic assembly and grew to quality assurance lead for brake systems.
Led an ISO 9000 certification process. Passed state exams for chemical and industrial safety. Recently recertified in basic first aid.
Avid cycler, placing in the top five in two Orlando-area races.
    &lt;/ns:Skills&gt;&lt;ns:Employment&gt;&lt;ns:Emp.StartDate&gt;1994-06-15Z&lt;/ns:Emp.StartDate&gt;&lt;ns:Emp.OrgName&gt;Wingtip Toys&lt;/ns:Emp.OrgName&gt;&lt;ns:Emp.JobTitle&gt;Production Manager&lt;/ns:Emp.JobTitle&gt;&lt;ns:Emp.Responsibility&gt;Production manager Quality assurance lead Safety representative ISO 9000 certification lead
Production line worker
        &lt;/ns:Emp.Responsibility&gt;&lt;ns:Emp.FunctionCategory&gt;Production&lt;/ns:Emp.FunctionCategory&gt;&lt;ns:Emp.IndustryCategory&gt;Manufacturing&lt;/ns:Emp.IndustryCategory&gt;&lt;ns:Emp.Location&gt;&lt;ns:Location&gt;&lt;ns:Loc.CountryRegion&gt;US &lt;/ns:Loc.CountryRegion&gt;&lt;ns:Loc.State&gt;FL &lt;/ns:Loc.State&gt;&lt;ns:Loc.City&gt;Orlando&lt;/ns:Loc.City&gt;&lt;/ns:Location&gt;&lt;/ns:Emp.Location&gt;&lt;/ns:Employment&gt;&lt;ns:Education&gt;&lt;ns:Edu.Level&gt;Bachelor&lt;/ns:Edu.Level&gt;&lt;ns:Edu.StartDate&gt;1993-09-04Z&lt;/ns:Edu.StartDate&gt;&lt;ns:Edu.EndDate&gt;1997-06-03Z&lt;/ns:Edu.EndDate&gt;&lt;ns:Edu.Degree&gt;Bachelor of Science&lt;/ns:Edu.Degree&gt;&lt;ns:Edu.Major&gt;Industrial Engineering&lt;/ns:Edu.Major&gt;&lt;ns:Edu.Minor&gt;&lt;/ns:Edu.Minor&gt;&lt;ns:Edu.GPA&gt;3.4&lt;/ns:Edu.GPA&gt;&lt;ns:Edu.GPAScale&gt;4&lt;/ns:Edu.GPAScale&gt;&lt;ns:Edu.School&gt;Everglades State College&lt;/ns:Edu.School&gt;&lt;ns:Edu.Location&gt;&lt;ns:Location&gt;&lt;ns:Loc.CountryRegion&gt;US &lt;/ns:Loc.CountryRegion&gt;&lt;ns:Loc.State&gt;FL &lt;/ns:Loc.State&gt;&lt;ns:Loc.City&gt;Tampa Bay&lt;/ns:Loc.City&gt;&lt;/ns:Location&gt;&lt;/ns:Edu.Location&gt;&lt;/ns:Education&gt;&lt;ns:Education&gt;&lt;ns:Edu.Level&gt;High School&lt;/ns:Edu.Level&gt;&lt;ns:Edu.StartDate&gt;1989-08-27Z&lt;/ns:Edu.StartDate&gt;&lt;ns:Edu.EndDate&gt;1993-06-12Z&lt;/ns:Edu.EndDate&gt;&lt;ns:Edu.Degree&gt;Diploma&lt;/ns:Edu.Degree&gt;&lt;ns:Edu.Major&gt;&lt;/ns:Edu.Major&gt;&lt;ns:Edu.Minor&gt;&lt;/ns:Edu.Minor&gt;&lt;ns:Edu.GPA&gt;3.8&lt;/ns:Edu.GPA&gt;&lt;ns:Edu.GPAScale&gt;4&lt;/ns:Edu.GPAScale&gt;&lt;ns:Edu.School&gt;Evergreen High School&lt;/ns:Edu.School&gt;&lt;ns:Edu.Location&gt;&lt;ns:Location&gt;&lt;ns:Loc.CountryRegion&gt;US &lt;/ns:Loc.CountryRegion&gt;&lt;ns:Loc.State&gt;FL &lt;/ns:Loc.State&gt;&lt;ns:Loc.City&gt;Orlando&lt;/ns:Loc.City&gt;&lt;/ns:Location&gt;&lt;/ns:Edu.Location&gt;&lt;/ns:Education&gt;&lt;ns:Address&gt;&lt;ns:Addr.Type&gt;Home&lt;/ns:Addr.Type&gt;&lt;ns:Addr.Street&gt;12345 Cypress Drive&lt;/ns:Addr.Street&gt;&lt;ns:Addr.Location&gt;&lt;ns:Location&gt;&lt;ns:Loc.CountryRegion&gt;US &lt;/ns:Loc.CountryRegion&gt;&lt;ns:Loc.State&gt;FL &lt;/ns:Loc.State&gt;&lt;ns:Loc.City&gt;Orlando&lt;/ns:Loc.City&gt;&lt;/ns:Location&gt;&lt;/ns:Addr.Location&gt;&lt;ns:Addr.PostalCode&gt;37811&lt;/ns:Addr.PostalCode&gt;&lt;ns:Addr.Telephone&gt;&lt;ns:Telephone&gt;&lt;ns:Tel.Type&gt;Voice&lt;/ns:Tel.Type&gt;&lt;ns:Tel.IntlCode&gt;1&lt;/ns:Tel.IntlCode&gt;&lt;ns:Tel.AreaCode&gt;407&lt;/ns:Tel.AreaCode&gt;&lt;ns:Tel.Number&gt;555-0101&lt;/ns:Tel.Number&gt;&lt;/ns:Telephone&gt;&lt;ns:Telephone&gt;&lt;ns:Tel.Type&gt;Pager&lt;/ns:Tel.Type&gt;&lt;ns:Tel.IntlCode&gt;1&lt;/ns:Tel.IntlCode&gt;&lt;ns:Tel.AreaCode&gt;407&lt;/ns:Tel.AreaCode&gt;&lt;ns:Tel.Number&gt;555-0122&lt;/ns:Tel.Number&gt;&lt;/ns:Telephone&gt;&lt;/ns:Addr.Telephone&gt;&lt;/ns:Address&gt;&lt;ns:EMail&gt;Max@Wingtiptoys.com&lt;/ns:EMail&gt;&lt;ns:WebSite&gt;http://www.Wingtiptoys.com&lt;/ns:WebSite&gt;&lt;/ns:Resume&gt;</Resume><ModifiedDate>2007-06-23 00:00:00</ModifiedDate></JobCandidate>
<JobCandidate><JobCandidateID>3</JobCandidateID><BusinessEntityID></BusinessEntityID><Resume>&lt;ns:Resume xmlns:ns=&quot;http://schemas.microsoft.com/sqlserver/2004/07/adventure-works/Resume&quot;&gt;&lt;ns:Name&gt;&lt;ns:Name.Prefix&gt;Mr.&lt;/ns:Name.Prefix&gt;&lt;ns:Name.First&gt;Krishna&lt;/ns:Name.First&gt;&lt;ns:Name.Middle&gt;&lt;/ns:Name.Middle&gt;&lt;ns:Name.Last&gt;Sunkammurali&lt;/ns:Name.Last&gt;&lt;ns:Name.Suffix&gt;&lt;/ns:Name.Suffix&gt;&lt;/ns:Name&gt;&lt;ns:Skills&gt; Expert in C# and Visual Basic 6.0. 7 years experience in object-oriented programming. Familiar with ASP.Net and the .NET Framework. Design experience with both Windows and Web user interfaces.
5 years experience in programming against MS SQL Server 7.0 and 2000. Familiar with ODBC, OLE DB, ADO, and ADO.NET. Conversant with T-SQL, skilled at writing stored procedures.
Excellent organizational, interpersonal, written and verbal communication skills.
    &lt;/ns:Skills&gt;&lt;ns:Employment&gt;&lt;ns:Emp.StartDate&gt;1998-08-31Z&lt;/ns:Emp.StartDate&gt;&lt;ns:Emp.EndDate&gt;2002-12-28Z&lt;/ns:Emp.EndDate&gt;&lt;ns:Emp.OrgName&gt;Trey Research&lt;/ns:Emp.OrgName&gt;&lt;ns:Emp.JobTitle&gt;Senior Developer&lt;/ns:Emp.JobTitle&gt;&lt;ns:Emp.Responsibility&gt; Used C# and ASP.NET to create several intranet applications. These included an application to analyze research data using SQL Server Analysis Services, and another to publish sales and financial reports for use by field offices.
Wrote C# and Visual Basic 6.0 DLLs to encapsulate the business logic for all new internal applications. Updated existing client-server system, moved all business logic to the middle tier to improve performance and scalability. Used Visual Basic 6.0. 
Assist in the database design and stored procedure creation for all new applications. Use both SQL Server 7.0 and SQL Server 2000.
        &lt;/ns:Emp.Responsibility&gt;&lt;ns:Emp.FunctionCategory&gt;Technology&lt;/ns:Emp.FunctionCategory&gt;&lt;ns:Emp.IndustryCategory&gt;Market Research&lt;/ns:Emp.IndustryCategory&gt;&lt;ns:Emp.Location&gt;&lt;ns:Location&gt;&lt;ns:Loc.CountryRegion&gt;US &lt;/ns:Loc.CountryRegion&gt;&lt;ns:Loc.State&gt;WA &lt;/ns:Loc.State&gt;&lt;ns:Loc.City&gt;Renton&lt;/ns:Loc.City&gt;&lt;/ns:Location&gt;&lt;/ns:Emp.Location&gt;&lt;/ns:Employment&gt;&lt;ns:Employment&gt;&lt;ns:Emp.StartDate&gt;1995-06-15Z&lt;/ns:Emp.StartDate&gt;&lt;ns:Emp.EndDate&gt;1998-08-01Z&lt;/ns:Emp.EndDate&gt;&lt;ns:Emp.OrgName&gt;Contoso Pharmaceuticals&lt;/ns:Emp.OrgName&gt;&lt;ns:Emp.JobTitle&gt;Windows Programmer&lt;/ns:Emp.JobTitle&gt;&lt;ns:Emp.Responsibility&gt;Wrote Visual Basic 5.0 ActiveX DLLs to encapsulate the business logic for all internal applications. Designed and implemented a Windows application to consolidate and display business information from several different sources, including Access, Excel And SQL Server. Used Visual Basic 5.0 and Crystal Reports. Assisted in the database design for a new product quality assurance application. Wrote all stored procedures required for data retrieval by the front-end application. Used SQL Server 7.0.
        &lt;/ns:Emp.Responsibility&gt;&lt;ns:Emp.FunctionCategory&gt;Technology&lt;/ns:Emp.FunctionCategory&gt;&lt;ns:Emp.IndustryCategory&gt;Pharmaceuticals&lt;/ns:Emp.IndustryCategory&gt;&lt;ns:Emp.Location&gt;&lt;ns:Location&gt;&lt;ns:Loc.CountryRegion&gt;US &lt;/ns:Loc.CountryRegion&gt;&lt;ns:Loc.State&gt;WA &lt;/ns:Loc.State&gt;&lt;ns:Loc.City&gt;Bellevue&lt;/ns:Loc.City&gt;&lt;/ns:Location&gt;&lt;/ns:Emp.Location&gt;&lt;/ns:Employment&gt;&lt;ns:Employment&gt;&lt;ns:Emp.StartDate&gt;1993-05-10Z&lt;/ns:Emp.StartDate&gt;&lt;ns:Emp.EndDate&gt;1995-06-01Z&lt;/ns:Emp.EndDate&gt;&lt;ns:Emp.OrgName&gt;Southridge Video&lt;/ns:Emp.OrgName&gt;&lt;ns:Emp.JobTitle&gt;Purchasing Manager&lt;/ns:Emp.JobTitle&gt;&lt;ns:Emp.Responsibility&gt;Tracked inventory in regional stores. Placed all necessary orders, managed vendor relationships. Built an Access 2.0 database, migrated inventory tracking from Excel to Access. Built a user interface for the Access inventory database using Visual Basic 4.0.
        &lt;/ns:Emp.Responsibility&gt;&lt;ns:Emp.FunctionCategory&gt;Purchasing&lt;/ns:Emp.FunctionCategory&gt;&lt;ns:Emp.IndustryCategory&gt;Entertainment&lt;/ns:Emp.IndustryCategory&gt;&lt;ns:Emp.Location&gt;&lt;ns:Location&gt;&lt;ns:Loc.CountryRegion&gt;US &lt;/ns:Loc.CountryRegion&gt;&lt;ns:Loc.State&gt;WA &lt;/ns:Loc.State&gt;&lt;ns:Loc.City&gt;Kent&lt;/ns:Loc.City&gt;&lt;/ns:Location&gt;&lt;/ns:Emp.Location&gt;&lt;/ns:Employment&gt;&lt;ns:Education&gt;&lt;ns:Edu.Level&gt;Bachelor&lt;/ns:Edu.Level&gt;&lt;ns:Edu.StartDate&gt;1989-09-15Z&lt;/ns:Edu.StartDate&gt;&lt;ns:Edu.EndDate&gt;1993-06-10Z&lt;/ns:Edu.EndDate&gt;&lt;ns:Edu.Degree&gt;Bachelor of Science&lt;/ns:Edu.Degree&gt;&lt;ns:Edu.Major&gt;Business&lt;/ns:Edu.Major&gt;&lt;ns:Edu.Minor&gt;&lt;/ns:Edu.Minor&gt;&lt;ns:Edu.GPA&gt;3.6&lt;/ns:Edu.GPA&gt;&lt;ns:Edu.GPAScale&gt;4&lt;/ns:Edu.GPAScale&gt;&lt;ns:Edu.School&gt;Western University&lt;/ns:Edu.School&gt;&lt;ns:Edu.Location&gt;&lt;ns:Location&gt;&lt;ns:Loc.CountryRegion&gt;US &lt;/ns:Loc.CountryRegion&gt;&lt;ns:Loc.State&gt;WA &lt;/ns:Loc.State&gt;&lt;ns:Loc.City&gt;Seattle&lt;/ns:Loc.City&gt;&lt;/ns:Location&gt;&lt;/ns:Edu.Location&gt;&lt;/ns:Education&gt;&lt;ns:Address&gt;&lt;ns:Addr.Type&gt;Home&lt;/ns:Addr.Type&gt;&lt;ns:Addr.Street&gt;1234 3rd Ave S.&lt;/ns:Addr.Street&gt;&lt;ns:Addr.Location&gt;&lt;ns:Location&gt;&lt;ns:Loc.CountryRegion&gt;US &lt;/ns:Loc.CountryRegion&gt;&lt;ns:Loc.State&gt;WA &lt;/ns:Loc.State&gt;&lt;ns:Loc.City&gt;Issaquah&lt;/ns:Loc.City&gt;&lt;/ns:Location&gt;&lt;/ns:Addr.Location&gt;&lt;ns:Addr.PostalCode&gt;89027&lt;/ns:Addr.PostalCode&gt;&lt;ns:Addr.Telephone&gt;&lt;ns:Telephone&gt;&lt;ns:Tel.Type&gt;Voice&lt;/ns:Tel.Type&gt;&lt;ns:Tel.IntlCode&gt;1&lt;/ns:Tel.IntlCode&gt;&lt;ns:Tel.AreaCode&gt;425&lt;/ns:Tel.AreaCode&gt;&lt;ns:Tel.Number&gt;555-0111&lt;/ns:Tel.Number&gt;&lt;/ns:Telephone&gt;&lt;ns:Telephone&gt;&lt;ns:Tel.Type&gt;Voice&lt;/ns:Tel.Type&gt;&lt;ns:Tel.IntlCode&gt;1&lt;/ns:Tel.IntlCode&gt;&lt;ns:Tel.AreaCode&gt;206&lt;/ns:Tel.AreaCode&gt;&lt;ns:Tel.Number&gt;555-0198&lt;/ns:Tel.Number&gt;&lt;/ns:Telephone&gt;&lt;/ns:Addr.Telephone&gt;&lt;/ns:Address&gt;&lt;ns:Address&gt;&lt;ns:Addr.Type&gt;Home&lt;/ns:Addr.Type&gt;&lt;ns:Addr.Street&gt;6789 80th Ave SE&lt;/ns:Addr.Street&gt;&lt;ns:Addr.Location&gt;&lt;ns:Location&gt;&lt;ns:Loc.CountryRegion&gt;US &lt;/ns:Loc.CountryRegion&gt;&lt;ns:Loc.State&gt;WA &lt;/ns:Loc.State&gt;&lt;ns:Loc.City&gt;Mercer Island&lt;/ns:Loc.City&gt;&lt;/ns:Location&gt;&lt;/ns:Addr.Location&gt;&lt;ns:Addr.PostalCode&gt;98240&lt;/ns:Addr.PostalCode&gt;&lt;ns:Addr.Telephone&gt;&lt;ns:Telephone&gt;&lt;ns:Tel.IntlCode&gt;1&lt;/ns:Tel.IntlCode&gt;&lt;ns:Tel.AreaCode&gt;206&lt;/ns:Tel.AreaCode&gt;&lt;ns:Tel.Number&gt;555-0153&lt;/ns:Tel.Number&gt;&lt;/ns:Telephone&gt;&lt;ns:Telephone&gt;&lt;ns:Tel.IntlCode&gt;1&lt;/ns:Tel.IntlCode&gt;&lt;ns:Tel.AreaCode&gt;206&lt;/ns:Tel.AreaCode&gt;&lt;ns:Tel.Number&gt;3217342&lt;/ns:Tel.Number&gt;&lt;/ns:Telephone&gt;&lt;/ns:Addr.Telephone&gt;&lt;/ns:Address&gt;&lt;ns:Address&gt;&lt;ns:Addr.Type&gt;Permanent&lt;/ns:Addr.Type&gt;&lt;ns:Addr.Street&gt;789 Elm Street&lt;/ns:Addr.Street&gt;&lt;ns:Addr.Location&gt;&lt;ns:Location&gt;&lt;ns:Loc.CountryRegion&gt;US &lt;/ns:Loc.CountryRegion&gt;&lt;ns:Loc.State&gt;WA &lt;/ns:Loc.State&gt;&lt;ns:Loc.City&gt;Redmond&lt;/ns:Loc.City&gt;&lt;/ns:Location&gt;&lt;/ns:Addr.Location&gt;&lt;ns:Addr.PostalCode&gt;98052&lt;/ns:Addr.PostalCode&gt;&lt;ns:Addr.Telephone&gt;&lt;ns:Telephone&gt;&lt;ns:Tel.IntlCode&gt;1&lt;/ns:Tel.IntlCode&gt;&lt;ns:Tel.AreaCode&gt;425&lt;/ns:Tel.AreaCode&gt;&lt;ns:Tel.Number&gt;555-0155&lt;/ns:Tel.Number&gt;&lt;/ns:Telephone&gt;&lt;/ns:Addr.Telephone&gt;&lt;/ns:Address&gt;&lt;ns:Telephone&gt;&lt;ns:Tel.IntlCode&gt;1&lt;/ns:Tel.IntlCode&gt;&lt;ns:Tel.AreaCode&gt;425&lt;/ns:Tel.AreaCode&gt;&lt;ns:Tel.Number&gt;555-0177&lt;/ns:Tel.Number&gt;&lt;/ns:Telephone&gt;&lt;ns:EMail&gt;Krishna@TreyResearch.net&lt;/ns:EMail&gt;&lt;ns:WebSite&gt;http://www.TreyResearch.net&lt;/ns:WebSite&gt;&lt;/ns:Resume&gt;</Resume><ModifiedDate>2007-06-23 00:00:00</ModifiedDate></JobCandidate>
<JobCandidate><JobCandidateID>4</JobCandidateID><BusinessEntityID>274</BusinessEntityID><Resume>&lt;ns:Resume xmlns:ns=&quot;http://schemas.microsoft.com/sqlserver/2004/07/adventure-works/Resume&quot;&gt;&lt;ns:Name&gt;&lt;ns:Name.Prefix&gt;Mr.&lt;/ns:Name.Prefix&gt;&lt;ns:Name.First&gt;Stephen&lt;/ns:Name.First&gt;&lt;ns:Name.Middle&gt;Y &lt;/ns:Name.Middle&gt;&lt;ns:Name.Last&gt;Jiang&lt;/ns:Name.Last&gt;&lt;ns:Name.Suffix&gt;&lt;/ns:Name.Suffix&gt;&lt;/ns:Name&gt;&lt;ns:Skills&gt; Considerable expertise in all areas of the sales cycle. 13 years of achievement in increasing organization revenue. Experience in sales planning and forecasting, customer development, and multiple selling techniques. 5 years of experience in sales management, including lead generation, sales force leadership, and territory management. Leverage management style and technical ability to effectively manage and communicate with a distributed sales force composed of field representatives, product demonstrators, and vendors.
Excellent communication and presentation skills.
    &lt;/ns:Skills&gt;&lt;ns:Employment&gt;&lt;ns:Emp.StartDate&gt;1998-03-01Z&lt;/ns:Emp.StartDate&gt;&lt;ns:Emp.EndDate&gt;2000-12-30Z&lt;/ns:Emp.EndDate&gt;&lt;ns:Emp.OrgName&gt;Wide World Imports&lt;/ns:Emp.OrgName&gt;&lt;ns:Emp.JobTitle&gt;Sales Manager&lt;/ns:Emp.JobTitle&gt;&lt;ns:Emp.Responsibility&gt; Managed a sales force of 20 sales representatives and 5 support staff distributed across 5 states. Also managed relationships with vendors for lead generation.
Lead the effort to leverage IT capabilities to improve communication with the field. Improved lead-to-contact turnaround by 15 percent. Did all sales planning and forecasting. Re-mapped territory assignments for maximum sales force productivity. Worked with marketing to map product placement to sales strategy and goals. 
Under my management, sales increased 10% per year at a minimum.
        &lt;/ns:Emp.Responsibility&gt;&lt;ns:Emp.FunctionCategory&gt;Sales&lt;/ns:Emp.FunctionCategory&gt;&lt;ns:Emp.IndustryCategory&gt;Import/Export&lt;/ns:Emp.IndustryCategory&gt;&lt;ns:Emp.Location&gt;&lt;ns:Location&gt;&lt;ns:Loc.CountryRegion&gt;US &lt;/ns:Loc.CountryRegion&gt;&lt;ns:Loc.State&gt;WA &lt;/ns:Loc.State&gt;&lt;ns:Loc.City&gt;Renton&lt;/ns:Loc.City&gt;&lt;/ns:Location&gt;&lt;/ns:Emp.Location&gt;&lt;/ns:Employment&gt;&lt;ns:Employment&gt;&lt;ns:Emp.StartDate&gt;1992-06-14Z&lt;/ns:Emp.StartDate&gt;&lt;ns:Emp.EndDate&gt;1998-06-01Z&lt;/ns:Emp.EndDate&gt;&lt;ns:Emp.OrgName&gt;Fourth Coffee&lt;/ns:Emp.OrgName&gt;&lt;ns:Emp.JobTitle&gt;Sales Associater&lt;/ns:Emp.JobTitle&gt;&lt;ns:Emp.Responsibility&gt;Selling product to supermarkets and cafes. Worked heavily with value-add techniques to increase sales volume, provide exposure to secondary products.
Skilled at order development. Observed and built relationships with buyers that allowed me to identify opportunities for increased traffic.
        &lt;/ns:Emp.Responsibility&gt;&lt;ns:Emp.FunctionCategory&gt;Sales&lt;/ns:Emp.FunctionCategory&gt;&lt;ns:Emp.IndustryCategory&gt;Food and Beverage&lt;/ns:Emp.IndustryCategory&gt;&lt;ns:Emp.Location&gt;&lt;ns:Location&gt;&lt;ns:Loc.CountryRegion&gt;US &lt;/ns:Loc.CountryRegion&gt;&lt;ns:Loc.State&gt;WA &lt;/ns:Loc.State&gt;&lt;ns:Loc.City&gt;Spokane&lt;/ns:Loc.City&gt;&lt;/ns:Location&gt;&lt;/ns:Emp.Location&gt;&lt;/ns:Employment&gt;&lt;ns:Education&gt;&lt;ns:Edu.Level&gt;Bachelor&lt;/ns:Edu.Level&gt;&lt;ns:Edu.StartDate&gt;1986-09-15Z&lt;/ns:Edu.StartDate&gt;&lt;ns:Edu.EndDate&gt;1990-05-20Z&lt;/ns:Edu.EndDate&gt;&lt;ns:Edu.Degree&gt;Bachelor of Arts and Science&lt;/ns:Edu.Degree&gt;&lt;ns:Edu.Major&gt;Business&lt;/ns:Edu.Major&gt;&lt;ns:Edu.Minor&gt;&lt;/ns:Edu.Minor&gt;&lt;ns:Edu.GPA&gt;3.3&lt;/ns:Edu.GPA&gt;&lt;ns:Edu.GPAScale&gt;4&lt;/ns:Edu.GPAScale&gt;&lt;ns:Edu.School&gt;Louisiana Business College of New Orleans&lt;/ns:Edu.School&gt;&lt;ns:Edu.Location&gt;&lt;ns:Location&gt;&lt;ns:Loc.CountryRegion&gt;US &lt;/ns:Loc.CountryRegion&gt;&lt;ns:Loc.State&gt;LA&lt;/ns:Loc.State&gt;&lt;ns:Loc.City&gt;New Orleans&lt;/ns:Loc.City&gt;&lt;/ns:Location&gt;&lt;/ns:Edu.Location&gt;&lt;/ns:Education&gt;&lt;ns:Address&gt;&lt;ns:Addr.Type&gt;Home&lt;/ns:Addr.Type&gt;&lt;ns:Addr.Street&gt;30 151st Place SE&lt;/ns:Addr.Street&gt;&lt;ns:Addr.Location&gt;&lt;ns:Location&gt;&lt;ns:Loc.CountryRegion&gt;US &lt;/ns:Loc.CountryRegion&gt;&lt;ns:Loc.State&gt;WA &lt;/ns:Loc.State&gt;&lt;ns:Loc.City&gt;Redmond&lt;/ns:Loc.City&gt;&lt;/ns:Location&gt;&lt;/ns:Addr.Location&gt;&lt;ns:Addr.PostalCode&gt;98052&lt;/ns:Addr.PostalCode&gt;&lt;ns:Addr.Telephone&gt;&lt;ns:Telephone&gt;&lt;ns:Tel.Type&gt;Voice&lt;/ns:Tel.Type&gt;&lt;ns:Tel.IntlCode&gt;1&lt;/ns:Tel.IntlCode&gt;&lt;ns:Tel.AreaCode&gt;425&lt;/ns:Tel.AreaCode&gt;&lt;ns:Tel.Number&gt;555-1119&lt;/ns:Tel.Number&gt;&lt;/ns:Telephone&gt;&lt;ns:Telephone&gt;&lt;ns:Tel.Type&gt;Voice&lt;/ns:Tel.Type&gt;&lt;ns:Tel.IntlCode&gt;1&lt;/ns:Tel.IntlCode&gt;&lt;ns:Tel.AreaCode&gt;425&lt;/ns:Tel.AreaCode&gt;&lt;ns:Tel.Number&gt;555-1981&lt;/ns:Tel.Number&gt;&lt;/ns:Telephone&gt;&lt;/ns:Addr.Telephone&gt;&lt;/ns:Address&gt;&lt;ns:EMail&gt;Stephen@example.com&lt;/ns:EMail&gt;&lt;ns:WebSite&gt;&lt;/ns:WebSite&gt;&lt;/ns:Resume&gt;</Resume><ModifiedDate>2013-12-22 18:32:21</ModifiedDate></JobCandidate>
<JobCandidate><JobCandidateID>5</JobCandidateID><BusinessEntityID></BusinessEntityID><Resume>&lt;ns:Resume xmlns:ns=&quot;http://schemas.microsoft.com/sqlserver/2004/07/adventure-works/Resume&quot;&gt;&lt;ns:Name&gt;&lt;ns:Name.Prefix&gt;M.&lt;/ns:Name.Prefix&gt;&lt;ns:Name.First&gt;Thierry&lt;/ns:Name.First&gt;&lt;ns:Name.Middle&gt;&lt;/ns:Name.Middle&gt;&lt;ns:Name.Last&gt;D&#39;Hers&lt;/ns:Name.Last&gt;&lt;ns:Name.Suffix&gt;&lt;/ns:Name.Suffix&gt;&lt;/ns:Name&gt;&lt;ns:Skills&gt;Connaissances approfondies de tous les secteurs du cycle des ventes. 13 ann&#233;es d&#39;exp&#233;rience consacr&#233;es &#224; l&#39;augmentation du chiffre d&#39;affaires de diff&#233;rentes entreprises. Exp&#233;rience en planification et en pr&#233;vision des ventes, en d&#233;veloppement de la client&#232;le et en diverses techniques de vente. 5 ann&#233;es d&#39;exp&#233;rience en gestion des ventes, notamment en g&#233;n&#233;ration de prospects, direction de l&#39;&#233;quipe de vente et gestion de zones g&#233;ographiques. Style de gestion avec effet de levier et aptitude technique &#224; g&#233;rer et &#224; communiquer efficacement avec une &#233;quipe de vente r&#233;partie dans plusieurs agences et compos&#233;e de repr&#233;sentants commerciaux, de d&#233;monstrateurs de produits et de vendeurs.
Excellentes comp&#233;tences en mati&#232;re de communication et de pr&#233;sentation.
    &lt;/ns:Skills&gt;&lt;ns:Employment&gt;&lt;ns:Emp.StartDate&gt;1998-03-31Z&lt;/ns:Emp.StartDate&gt;&lt;ns:Emp.OrgName&gt;Importations Internationales&lt;/ns:Emp.OrgName&gt;&lt;ns:Emp.JobTitle&gt;Directeur commercial&lt;/ns:Emp.JobTitle&gt;&lt;ns:Emp.Responsibility&gt;Gestion d&#39;une &#233;quipe de vente compos&#233;e de 20 repr&#233;sentants et de 5 assistants r&#233;partis dans cinq d&#233;partements. Gestion des relations avec les vendeurs dans l&#39;optique de la g&#233;n&#233;ration de prospects.
Optimisation du syst&#232;me informatique dans le but d&#39;am&#233;liorer les communications avec les repr&#233;sentants sur le terrain. Am&#233;lioration de 15 % du cycle prospect-contact.
R&#233;alisation de toutes les op&#233;rations de planification et de pr&#233;vision. Red&#233;finition des affectations g&#233;ographiques afin d&#39;optimiser la productivit&#233; de l&#39;&#233;quipe de vente. Collaboration avec le service Marketing pour faire correspondre le positionnement des produits avec la strat&#233;gie et les objectifs de ventes. 
Sous ma direction, les ventes ont augment&#233; de 10 % par an au minimum.
        &lt;/ns:Emp.Responsibility&gt;&lt;ns:Emp.FunctionCategory&gt;Ventes&lt;/ns:Emp.FunctionCategory&gt;&lt;ns:Emp.IndustryCategory&gt;Import/Export&lt;/ns:Emp.IndustryCategory&gt;&lt;ns:Emp.Location&gt;&lt;ns:Location&gt;&lt;ns:Loc.CountryRegion&gt;France&lt;/ns:Loc.CountryRegion&gt;&lt;ns:Loc.State&gt;Bouches-du-Rh&#244;ne&lt;/ns:Loc.State&gt;&lt;ns:Loc.City&gt;Martigues&lt;/ns:Loc.City&gt;&lt;/ns:Location&gt;&lt;/ns:Emp.Location&gt;&lt;/ns:Employment&gt;&lt;ns:Employment&gt;&lt;ns:Emp.StartDate&gt;1992-03-15Z&lt;/ns:Emp.StartDate&gt;&lt;ns:Emp.EndDate&gt;1998-03-31Z&lt;/ns:Emp.EndDate&gt;&lt;ns:Emp.OrgName&gt;Producteurs Associ&#233;s&lt;/ns:Emp.OrgName&gt;&lt;ns:Emp.JobTitle&gt;Ing&#233;nieur commercial senior&lt;/ns:Emp.JobTitle&gt;&lt;ns:Emp.Responsibility&gt;Vente de produits aux d&#233;taillants et aux restaurants. Collaboration &#233;troite avec les acheteurs pour d&#233;velopper les relations. Principal responsable commercial au sein de l&#39;entreprise entre 1996 et 1998.
Introduction de la commercialisation crois&#233;e de produits associ&#233;s. Notre campagne de collaboration men&#233;e avec une soci&#233;t&#233; locale de chocolats fut l&#39;une des plus r&#233;ussies de l&#39;histoire de l&#39;entreprise. L&#39;augmentation du chiffre d&#39;affaires attribu&#233; &#224; la campagne fut de 18 %.
        &lt;/ns:Emp.Responsibility&gt;&lt;ns:Emp.FunctionCategory&gt;Ventes&lt;/ns:Emp.FunctionCategory&gt;&lt;ns:Emp.IndustryCategory&gt;Agro-alimentaire&lt;/ns:Emp.IndustryCategory&gt;&lt;ns:Emp.Location&gt;&lt;ns:Location&gt;&lt;ns:Loc.CountryRegion&gt;France&lt;/ns:Loc.CountryRegion&gt;&lt;ns:Loc.State&gt;Bouches-du-Rh&#244;ne&lt;/ns:Loc.State&gt;&lt;ns:Loc.City&gt;Aubagne&lt;/ns:Loc.City&gt;&lt;/ns:Location&gt;&lt;/ns:Emp.Location&gt;&lt;/ns:Employment&gt;&lt;ns:Employment&gt;&lt;ns:Emp.StartDate&gt;1990-06-10Z&lt;/ns:Emp.StartDate&gt;&lt;ns:Emp.EndDate&gt;1992-03-31Z&lt;/ns:Emp.EndDate&gt;&lt;ns:Emp.OrgName&gt;Caf&#233; Plus&lt;/ns:Emp.OrgName&gt;&lt;ns:Emp.JobTitle&gt;Ing&#233;nieur commercial&lt;/ns:Emp.JobTitle&gt;&lt;ns:Emp.Responsibility&gt;Vente de produits aux supermarch&#233;s et aux caf&#233;s. Utilisation intensive de techniques &#224; valeur ajout&#233;e destin&#233;es &#224; augmenter le volume des ventes et &#224; proposer des produits secondaires.
Exp&#233;rience de l&#39;augmentation des commandes. Observation et &#233;tablissement de relations avec les acheteurs dans le but d&#39;identifier les opportunit&#233;s d&#39;augmentation des ventes.
        &lt;/ns:Emp.Responsibility&gt;&lt;ns:Emp.FunctionCategory&gt;Ventes&lt;/ns:Emp.FunctionCategory&gt;&lt;ns:Emp.IndustryCategory&gt;Agro-alimentaire&lt;/ns:Emp.IndustryCategory&gt;&lt;ns:Emp.Location&gt;&lt;ns:Location&gt;&lt;ns:Loc.CountryRegion&gt;France&lt;/ns:Loc.CountryRegion&gt;&lt;ns:Loc.State&gt;Bouches-du-Rh&#244;ne&lt;/ns:Loc.State&gt;&lt;ns:Loc.City&gt;Aix-en-Provence&lt;/ns:Loc.City&gt;&lt;/ns:Location&gt;&lt;/ns:Emp.Location&gt;&lt;/ns:Employment&gt;&lt;ns:Education&gt;&lt;ns:Edu.Level&gt;Ma&#238;trise&lt;/ns:Edu.Level&gt;&lt;ns:Edu.StartDate&gt;1986-09-15Z&lt;/ns:Edu.StartDate&gt;&lt;ns:Edu.EndDate&gt;1990-05-10Z&lt;/ns:Edu.EndDate&gt;&lt;ns:Edu.Degree&gt;Baccalaur&#233;at professionnel vente repr&#233;sentation&lt;/ns:Edu.Degree&gt;&lt;ns:Edu.Major&gt;Force de vente&lt;/ns:Edu.Major&gt;&lt;ns:Edu.Minor&gt;&lt;/ns:Edu.Minor&gt;&lt;ns:Edu.GPA&gt;Mention Bien&lt;/ns:Edu.GPA&gt;&lt;ns:Edu.GPAScale&gt;4&lt;/ns:Edu.GPAScale&gt;&lt;ns:Edu.School&gt;Universit&#233; d&#39;Aix-Marseille&lt;/ns:Edu.School&gt;&lt;ns:Edu.Location&gt;&lt;ns:Location&gt;&lt;ns:Loc.CountryRegion&gt;France&lt;/ns:Loc.CountryRegion&gt;&lt;ns:Loc.State&gt;Bouches-du-Rh&#244;ne&lt;/ns:Loc.State&gt;&lt;ns:Loc.City&gt;Marseille&lt;/ns:Loc.City&gt;&lt;/ns:Location&gt;&lt;/ns:Edu.Location&gt;&lt;/ns:Education&gt;&lt;ns:Address&gt;&lt;ns:Addr.Type&gt;Home&lt;/ns:Addr.Type&gt;&lt;ns:Addr.Street&gt;12, rue des Acacias&lt;/ns:Addr.Street&gt;&lt;ns:Addr.Location&gt;&lt;ns:Location&gt;&lt;ns:Loc.CountryRegion&gt;France&lt;/ns:Loc.CountryRegion&gt;&lt;ns:Loc.State&gt;Bouches-du-Rh&#244;ne&lt;/ns:Loc.State&gt;&lt;ns:Loc.City&gt;Marseille&lt;/ns:Loc.City&gt;&lt;/ns:Location&gt;&lt;/ns:Addr.Location&gt;&lt;ns:Addr.PostalCode&gt;13000&lt;/ns:Addr.PostalCode&gt;&lt;ns:Addr.Telephone&gt;&lt;ns:Telephone&gt;&lt;ns:Tel.Type&gt;Voice&lt;/ns:Tel.Type&gt;&lt;ns:Tel.IntlCode&gt;1&lt;/ns:Tel.IntlCode&gt;&lt;ns:Tel.AreaCode&gt;4&lt;/ns:Tel.AreaCode&gt;&lt;ns:Tel.Number&gt;04 02 04 05 04&lt;/ns:Tel.Number&gt;&lt;/ns:Telephone&gt;&lt;/ns:Addr.Telephone&gt;&lt;/ns:Address&gt;&lt;ns:EMail&gt;&lt;/ns:EMail&gt;&lt;ns:WebSite&gt;&lt;/ns:WebSite&gt;&lt;/ns:Resume&gt;</Resume><ModifiedDate>2007-06-23 00:00:00</ModifiedDate></JobCandidate>
<JobCandidate><JobCandidateID>6</JobCandidateID><BusinessEntityID></BusinessEntityID><Resume>&lt;ns:Resume xmlns:ns=&quot;http://schemas.microsoft.com/sqlserver/2004/07/adventure-works/Resume&quot;&gt;&lt;ns:Name&gt;&lt;ns:Name.Prefix&gt;M.&lt;/ns:Name.Prefix&gt;&lt;ns:Name.First&gt;Christian&lt;/ns:Name.First&gt;&lt;ns:Name.Middle&gt;&lt;/ns:Name.Middle&gt;&lt;ns:Name.Last&gt;Kleinerman&lt;/ns:Name.Last&gt;&lt;ns:Name.Suffix&gt;&lt;/ns:Name.Suffix&gt;&lt;/ns:Name&gt;&lt;ns:Skills&gt;3 ann&#233;es d&#39;exp&#233;rience r&#233;cente en tant que responsable d&#39;une ligne de production de karts. Mes responsabilit&#233;s comprenaient la planification du budget de la ligne de production, la commande des pi&#232;ces et la supervision de toutes les proc&#233;dures d&#39;assurance qualit&#233;.
Avant la gestion de la production, j&#39;ai travaill&#233; pendant 5 ans sur des lignes de production de karts (3 ans pendant mes &#233;tudes et 2 ans ensuite). Mes responsabilit&#233;s se sont &#233;largies progressivement. J&#39;ai commenc&#233; par le simple montage de pi&#232;ces avant d&#39;acc&#233;der au poste de responsable de la qualit&#233; des syst&#232;mes de freinage.
Mise en place d&#39;un processus de certification ISO 9000. Dipl&#244;mes d&#39;&#233;tat dans le domaine de la s&#233;curit&#233; chimique et industrielle. Dipl&#244;me r&#233;cent de secouriste.
Passionn&#233; de cyclisme, je me suis class&#233; dans les cinq premiers dans deux courses r&#233;gionales.
    &lt;/ns:Skills&gt;&lt;ns:Employment&gt;&lt;ns:Emp.StartDate&gt;1994-06-15Z&lt;/ns:Emp.StartDate&gt;&lt;ns:Emp.EndDate&gt;2002-08-11Z&lt;/ns:Emp.EndDate&gt;&lt;ns:Emp.OrgName&gt;Jouets en folie&lt;/ns:Emp.OrgName&gt;&lt;ns:Emp.JobTitle&gt;Directeur de la production&lt;/ns:Emp.JobTitle&gt;&lt;ns:Emp.Responsibility&gt;Directeur de la production. Responsable de l&#39;assurance qualite. Responsable des proc&#233;dures de s&#233;curit&#233;. Responsable de la certification ISO 9000.
Conducteur de ligne de production.
        &lt;/ns:Emp.Responsibility&gt;&lt;ns:Emp.FunctionCategory&gt;Production&lt;/ns:Emp.FunctionCategory&gt;&lt;ns:Emp.IndustryCategory&gt;Fabrication&lt;/ns:Emp.IndustryCategory&gt;&lt;ns:Emp.Location&gt;&lt;ns:Location&gt;&lt;ns:Loc.CountryRegion&gt;France&lt;/ns:Loc.CountryRegion&gt;&lt;ns:Loc.State&gt;Pyr&#233;n&#233;es-Orientales&lt;/ns:Loc.State&gt;&lt;ns:Loc.City&gt;Perpignan&lt;/ns:Loc.City&gt;&lt;/ns:Location&gt;&lt;/ns:Emp.Location&gt;&lt;/ns:Employment&gt;&lt;ns:Education&gt;&lt;ns:Edu.Level&gt;Ma&#238;trise&lt;/ns:Edu.Level&gt;&lt;ns:Edu.StartDate&gt;1993-04-09Z&lt;/ns:Edu.StartDate&gt;&lt;ns:Edu.EndDate&gt;1997-03-06Z&lt;/ns:Edu.EndDate&gt;&lt;ns:Edu.Degree&gt;Ma&#238;trise de sciences et techniques&lt;/ns:Edu.Degree&gt;&lt;ns:Edu.Major&gt;Ing&#233;nierie industrielle&lt;/ns:Edu.Major&gt;&lt;ns:Edu.Minor&gt;&lt;/ns:Edu.Minor&gt;&lt;ns:Edu.GPA&gt;Mention Bien&lt;/ns:Edu.GPA&gt;&lt;ns:Edu.GPAScale&gt;4&lt;/ns:Edu.GPAScale&gt;&lt;ns:Edu.School&gt;Universit&#233; de Perpignan&lt;/ns:Edu.School&gt;&lt;ns:Edu.Location&gt;&lt;ns:Location&gt;&lt;ns:Loc.CountryRegion&gt;France&lt;/ns:Loc.CountryRegion&gt;&lt;ns:Loc.State&gt;Pyr&#233;n&#233;es-Orientales&lt;/ns:Loc.State&gt;&lt;ns:Loc.City&gt;Perpignan&lt;/ns:Loc.City&gt;&lt;/ns:Location&gt;&lt;/ns:Edu.Location&gt;&lt;/ns:Education&gt;&lt;ns:Education&gt;&lt;ns:Edu.Level&gt;Ma&#238;trise&lt;/ns:Edu.Level&gt;&lt;ns:Edu.StartDate&gt;1989-08-27Z&lt;/ns:Edu.StartDate&gt;&lt;ns:Edu.EndDate&gt;1993-12-06Z&lt;/ns:Edu.EndDate&gt;&lt;ns:Edu.Degree&gt;Baccalaur&#233;at sciences et technologies industrielles&lt;/ns:Edu.Degree&gt;&lt;ns:Edu.Major&gt;G&#233;nie m&#233;canique&lt;/ns:Edu.Major&gt;&lt;ns:Edu.Minor&gt;&lt;/ns:Edu.Minor&gt;&lt;ns:Edu.GPA&gt;Mention Bien&lt;/ns:Edu.GPA&gt;&lt;ns:Edu.GPAScale&gt;4&lt;/ns:Edu.GPAScale&gt;&lt;ns:Edu.School&gt;Lyc&#233;e technique &#201;mile Zola&lt;/ns:Edu.School&gt;&lt;ns:Edu.Location&gt;&lt;ns:Location&gt;&lt;ns:Loc.CountryRegion&gt;France&lt;/ns:Loc.CountryRegion&gt;&lt;ns:Loc.State&gt;Pyr&#233;n&#233;es-Orientales&lt;/ns:Loc.State&gt;&lt;ns:Loc.City&gt;Perpignan&lt;/ns:Loc.City&gt;&lt;/ns:Location&gt;&lt;/ns:Edu.Location&gt;&lt;/ns:Education&gt;&lt;ns:Address&gt;&lt;ns:Addr.Type&gt;Home&lt;/ns:Addr.Type&gt;&lt;ns:Addr.Street&gt;63, rue de Frontfroide&lt;/ns:Addr.Street&gt;&lt;ns:Addr.Location&gt;&lt;ns:Location&gt;&lt;ns:Loc.CountryRegion&gt;France&lt;/ns:Loc.CountryRegion&gt;&lt;ns:Loc.State&gt;Pyr&#233;n&#233;es-Orientales&lt;/ns:Loc.State&gt;&lt;ns:Loc.City&gt;Perpignan&lt;/ns:Loc.City&gt;&lt;/ns:Location&gt;&lt;/ns:Addr.Location&gt;&lt;ns:Addr.PostalCode&gt;66870&lt;/ns:Addr.PostalCode&gt;&lt;ns:Addr.Telephone&gt;&lt;ns:Telephone&gt;&lt;ns:Tel.Type&gt;Voice&lt;/ns:Tel.Type&gt;&lt;ns:Tel.IntlCode&gt;1&lt;/ns:Tel.IntlCode&gt;&lt;ns:Tel.AreaCode&gt;5&lt;/ns:Tel.AreaCode&gt;&lt;ns:Tel.Number&gt;05 02 05 02 05&lt;/ns:Tel.Number&gt;&lt;/ns:Telephone&gt;&lt;/ns:Addr.Telephone&gt;&lt;/ns:Address&gt;&lt;ns:EMail&gt;&lt;/ns:EMail&gt;&lt;ns:WebSite&gt;&lt;/ns:WebSite&gt;&lt;/ns:Resume&gt;</Resume><ModifiedDate>2007-06-23 00:00:00</ModifiedDate></JobCandidate>
<JobCandidate><JobCandidateID>7</JobCandidateID><BusinessEntityID></BusinessEntityID><Resume>&lt;ns:Resume xmlns:ns=&quot;http://schemas.microsoft.com/sqlserver/2004/07/adventure-works/Resume&quot;&gt;&lt;ns:Name&gt;&lt;ns:Name.Prefix&gt;M.&lt;/ns:Name.Prefix&gt;&lt;ns:Name.First&gt;Lionel&lt;/ns:Name.First&gt;&lt;ns:Name.Middle&gt;&lt;/ns:Name.Middle&gt;&lt;ns:Name.Last&gt;Penuchot&lt;/ns:Name.Last&gt;&lt;ns:Name.Suffix&gt;&lt;/ns:Name.Suffix&gt;&lt;/ns:Name&gt;&lt;ns:Skills&gt;M&#233;canicien exp&#233;riment&#233; et polyvalent qui peut utiliser diverses machines ou superviser le travail d&#39;autres m&#233;caniciens. Je suis sp&#233;cialis&#233; dans les diagnostics et l&#39;inspection de pr&#233;cision. Je sais lire des plans et peux faire appel &#224; mes comp&#233;tences en mati&#232;re de communication pour guider le travail d&#39;autres m&#233;caniciens de production dont je suis amen&#233; &#224; inspecter le travail. 
Mon dipl&#244;me en ing&#233;nierie m&#233;canique me conf&#232;re des connaissances th&#233;oriques et math&#233;matiques particuli&#232;rement utiles dans mon travail.
    &lt;/ns:Skills&gt;&lt;ns:Employment&gt;&lt;ns:Emp.StartDate&gt;2000-06-15Z&lt;/ns:Emp.StartDate&gt;&lt;ns:Emp.EndDate&gt;2002-09-11Z&lt;/ns:Emp.EndDate&gt;&lt;ns:Emp.OrgName&gt;Jouets en folie&lt;/ns:Emp.OrgName&gt;&lt;ns:Emp.JobTitle&gt;Chef m&#233;canicien&lt;/ns:Emp.JobTitle&gt;&lt;ns:Emp.Responsibility&gt;Supervision du travail d&#39;une &#233;quipe de quatre m&#233;caniciens. Coordination de toutes les activit&#233;s complexes de montage et d&#39;outillage, notamment la production de tricycles et de wagons. D&#233;veloppement de la fabrication de pi&#232;ces &#224; partir d&#39;&#233;chantillons, de plans et de commandes orales. Participation &#224; la mise en œuvre ISO9000.
        &lt;/ns:Emp.Responsibility&gt;&lt;ns:Emp.FunctionCategory&gt;Production&lt;/ns:Emp.FunctionCategory&gt;&lt;ns:Emp.IndustryCategory&gt;Fabrication&lt;/ns:Emp.IndustryCategory&gt;&lt;ns:Emp.Location&gt;&lt;ns:Location&gt;&lt;ns:Loc.CountryRegion&gt;France&lt;/ns:Loc.CountryRegion&gt;&lt;ns:Loc.State&gt;Var&lt;/ns:Loc.State&gt;&lt;ns:Loc.City&gt;Bandol&lt;/ns:Loc.City&gt;&lt;/ns:Location&gt;&lt;/ns:Emp.Location&gt;&lt;/ns:Employment&gt;&lt;ns:Employment&gt;&lt;ns:Emp.StartDate&gt;1996-11-15Z&lt;/ns:Emp.StartDate&gt;&lt;ns:Emp.EndDate&gt;2000-05-11Z&lt;/ns:Emp.EndDate&gt;&lt;ns:Emp.OrgName&gt;A&#233;roports sans fronti&#232;res&lt;/ns:Emp.OrgName&gt;&lt;ns:Emp.JobTitle&gt;M&#233;canicien&lt;/ns:Emp.JobTitle&gt;&lt;ns:Emp.Responsibility&gt;R&#233;paration et maintenance de diverses machines-outils de production et de fabrication. Optimisation du r&#233;glage et de l&#39;utilisation des machines.Utilisation et &#233;criture de programmes d&#39;automatisation des machines. Formation intensive dans le domaine de la fabrication assist&#233;e par ordinateur.
        &lt;/ns:Emp.Responsibility&gt;&lt;ns:Emp.FunctionCategory&gt;Production&lt;/ns:Emp.FunctionCategory&gt;&lt;ns:Emp.IndustryCategory&gt;Fabrication&lt;/ns:Emp.IndustryCategory&gt;&lt;ns:Emp.Location&gt;&lt;ns:Location&gt;&lt;ns:Loc.CountryRegion&gt;France&lt;/ns:Loc.CountryRegion&gt;&lt;ns:Loc.State&gt;Rh&#244;ne&lt;/ns:Loc.State&gt;&lt;ns:Loc.City&gt;Lyon&lt;/ns:Loc.City&gt;&lt;/ns:Location&gt;&lt;/ns:Emp.Location&gt;&lt;/ns:Employment&gt;&lt;ns:Employment&gt;&lt;ns:Emp.StartDate&gt;1994-06-15Z&lt;/ns:Emp.StartDate&gt;&lt;ns:Emp.EndDate&gt;1996-06-11Z&lt;/ns:Emp.EndDate&gt;&lt;ns:Emp.OrgName&gt;Lumi&#232;res citadines&lt;/ns:Emp.OrgName&gt;&lt;ns:Emp.JobTitle&gt;Aide-m&#233;canicien&lt;/ns:Emp.JobTitle&gt;&lt;ns:Emp.Responsibility&gt;R&#233;alisation de rectifications en plong&#233;e sans centres. Formation sur fraiseuse manuelle et tour, mais aussi sur des appareils de mesure &#224; vis microm&#233;trique.
Propri&#233;taire d&#39;une caisse &#224; outils compl&#232;te. Effectue des heures suppl&#233;mentaires si n&#233;cessaire.
        &lt;/ns:Emp.Responsibility&gt;&lt;ns:Emp.FunctionCategory&gt;Production&lt;/ns:Emp.FunctionCategory&gt;&lt;ns:Emp.IndustryCategory&gt;Fabrication&lt;/ns:Emp.IndustryCategory&gt;&lt;ns:Emp.Location&gt;&lt;ns:Location&gt;&lt;ns:Loc.CountryRegion&gt;France&lt;/ns:Loc.CountryRegion&gt;&lt;ns:Loc.State&gt;Loire&lt;/ns:Loc.State&gt;&lt;ns:Loc.City&gt;Saint-&#201;tienne&lt;/ns:Loc.City&gt;&lt;/ns:Location&gt;&lt;/ns:Emp.Location&gt;&lt;/ns:Employment&gt;&lt;ns:Education&gt;&lt;ns:Edu.Level&gt;DUT&lt;/ns:Edu.Level&gt;&lt;ns:Edu.StartDate&gt;1992-09-09Z&lt;/ns:Edu.StartDate&gt;&lt;ns:Edu.EndDate&gt;1994-05-06Z&lt;/ns:Edu.EndDate&gt;&lt;ns:Edu.Degree&gt;DUT G&#233;nie m&#233;canique et Productique&lt;/ns:Edu.Degree&gt;&lt;ns:Edu.Major&gt;Ing&#233;nierie m&#233;canique&lt;/ns:Edu.Major&gt;&lt;ns:Edu.Minor&gt;&lt;/ns:Edu.Minor&gt;&lt;ns:Edu.GPA&gt;Mention Bien&lt;/ns:Edu.GPA&gt;&lt;ns:Edu.GPAScale&gt;4&lt;/ns:Edu.GPAScale&gt;&lt;ns:Edu.School&gt;Universit&#233; de Lyon&lt;/ns:Edu.School&gt;&lt;ns:Edu.Location&gt;&lt;ns:Location&gt;&lt;ns:Loc.CountryRegion&gt;France&lt;/ns:Loc.CountryRegion&gt;&lt;ns:Loc.State&gt;Rh&#244;ne&lt;/ns:Loc.State&gt;&lt;ns:Loc.City&gt;Lyon&lt;/ns:Loc.City&gt;&lt;/ns:Location&gt;&lt;/ns:Edu.Location&gt;&lt;/ns:Education&gt;&lt;ns:Address&gt;&lt;ns:Addr.Type&gt;Home&lt;/ns:Addr.Type&gt;&lt;ns:Addr.Street&gt;67, cours Mirabeau&lt;/ns:Addr.Street&gt;&lt;ns:Addr.Location&gt;&lt;ns:Location&gt;&lt;ns:Loc.CountryRegion&gt;France&lt;/ns:Loc.CountryRegion&gt;&lt;ns:Loc.State&gt;Var&lt;/ns:Loc.State&gt;&lt;ns:Loc.City&gt;Bandol&lt;/ns:Loc.City&gt;&lt;/ns:Location&gt;&lt;/ns:Addr.Location&gt;&lt;ns:Addr.PostalCode&gt;83150&lt;/ns:Addr.PostalCode&gt;&lt;ns:Addr.Telephone&gt;&lt;ns:Telephone&gt;&lt;ns:Tel.Type&gt;Voice&lt;/ns:Tel.Type&gt;&lt;ns:Tel.IntlCode&gt;1&lt;/ns:Tel.IntlCode&gt;&lt;ns:Tel.AreaCode&gt;4&lt;/ns:Tel.AreaCode&gt;&lt;ns:Tel.Number&gt;04 02 03 04 05&lt;/ns:Tel.Number&gt;&lt;/ns:Telephone&gt;&lt;/ns:Addr.Telephone&gt;&lt;/ns:Address&gt;&lt;ns:EMail&gt;&lt;/ns:EMail&gt;&lt;ns:WebSite&gt;&lt;/ns:WebSite&gt;&lt;/ns:Resume&gt;</Resume><ModifiedDate>2007-06-23 00:00:00</ModifiedDate></JobCandidate>
<JobCandidate><JobCandidateID>8</JobCandidateID><BusinessEntityID>212</BusinessEntityID><Resume>&lt;ns:Resume xmlns:ns=&quot;http://schemas.microsoft.com/sqlserver/2004/07/adventure-works/Resume&quot;&gt;&lt;ns:Name&gt;&lt;ns:Name.Prefix&gt;&lt;/ns:Name.Prefix&gt;&lt;ns:Name.First&gt;Peng&lt;/ns:Name.First&gt;&lt;ns:Name.Middle&gt;&lt;/ns:Name.Middle&gt;&lt;ns:Name.Last&gt;Wu&lt;/ns:Name.Last&gt;&lt;ns:Name.Suffix&gt;&lt;/ns:Name.Suffix&gt;&lt;/ns:Name&gt;&lt;ns:Skills&gt;熟悉所有销售环节，专业知识丰富。13 年来，为提高公司收入成绩卓著。在计划和预测销售、发展客户以及运用多种销售技巧方面具有一定经验。
具有五年的销售管理经验，包括客户线索生成、销售人员管理以及销售区域管理。在管理由现场销售代表、产品演示人员和供应商组成的分布式销售网络过程中，能够利用各种管理风格和专业技能来进行有效管理和沟通。
极佳的沟通和表达能力
    &lt;/ns:Skills&gt;&lt;ns:Employment&gt;&lt;ns:Emp.StartDate&gt;1998-03-31Z&lt;/ns:Emp.StartDate&gt;&lt;ns:Emp.OrgName&gt;Wide World Imports&lt;/ns:Emp.OrgName&gt;&lt;ns:Emp.JobTitle&gt;销售经理&lt;/ns:Emp.JobTitle&gt;&lt;ns:Emp.Responsibility&gt;负责管理由 20 名销售代表和 5 名支持人员组成的跨 5 个州的销售网络。另外，还负责协调与供应商的关系以获得客户线索. 带领团队利用 IT 技术改善与销售人员的往来通信情况。将从客户线索变为联系客户的时间周期缩短 15%. 计划和预测所有销售活动。调整销售区域分配，最大限度提高所有销售人员的效率。与营销部门密切合作将产品试用转化为具体的销售战略和目标. 在我的管理之下，销售额每年至少增长 10%.
        &lt;/ns:Emp.Responsibility&gt;&lt;ns:Emp.FunctionCategory&gt;销售&lt;/ns:Emp.FunctionCategory&gt;&lt;ns:Emp.IndustryCategory&gt;进出口&lt;/ns:Emp.IndustryCategory&gt;&lt;ns:Emp.Location&gt;&lt;ns:Location&gt;&lt;ns:Loc.CountryRegion&gt;US &lt;/ns:Loc.CountryRegion&gt;&lt;ns:Loc.State&gt;WA &lt;/ns:Loc.State&gt;&lt;ns:Loc.City&gt;Renton&lt;/ns:Loc.City&gt;&lt;/ns:Location&gt;&lt;/ns:Emp.Location&gt;&lt;/ns:Employment&gt;&lt;ns:Employment&gt;&lt;ns:Emp.StartDate&gt;1992-03-15Z&lt;/ns:Emp.StartDate&gt;&lt;ns:Emp.EndDate&gt;1998-03-31Z&lt;/ns:Emp.EndDate&gt;&lt;ns:Emp.OrgName&gt;Coho Winery&lt;/ns:Emp.OrgName&gt;&lt;ns:Emp.JobTitle&gt;高级销售助理&lt;/ns:Emp.JobTitle&gt;&lt;ns:Emp.Responsibility&gt;向零售商和饭店推销产品。与客户密切联系以拓展业务。1996 至 1998 年间任公司销售主管. 首创产品搭卖方案。与当地巧克力公司联手举办的活动是公司历史上最成功的促销活动。该活动使公司收入增加 18%.
        &lt;/ns:Emp.Responsibility&gt;&lt;ns:Emp.FunctionCategory&gt;销售&lt;/ns:Emp.FunctionCategory&gt;&lt;ns:Emp.IndustryCategory&gt;食品和饮料&lt;/ns:Emp.IndustryCategory&gt;&lt;ns:Emp.Location&gt;&lt;ns:Location&gt;&lt;ns:Loc.CountryRegion&gt;US &lt;/ns:Loc.CountryRegion&gt;&lt;ns:Loc.State&gt;WA &lt;/ns:Loc.State&gt;&lt;ns:Loc.City&gt;Bellevue&lt;/ns:Loc.City&gt;&lt;/ns:Location&gt;&lt;/ns:Emp.Location&gt;&lt;/ns:Employment&gt;&lt;ns:Employment&gt;&lt;ns:Emp.StartDate&gt;1990-06-10Z&lt;/ns:Emp.StartDate&gt;&lt;ns:Emp.EndDate&gt;1992-03-31Z&lt;/ns:Emp.EndDate&gt;&lt;ns:Emp.OrgName&gt;Fourth Coffee&lt;/ns:Emp.OrgName&gt;&lt;ns:Emp.JobTitle&gt;销售助理&lt;/ns:Emp.JobTitle&gt;&lt;ns:Emp.Responsibility&gt;向超市和咖啡馆推销产品。主要使用增值法来提高销量，为副产品创造市场. 擅长拉订单。与客户保持良好关系，善于判断并把握机会来提高销量
        &lt;/ns:Emp.Responsibility&gt;&lt;ns:Emp.FunctionCategory&gt;销售&lt;/ns:Emp.FunctionCategory&gt;&lt;ns:Emp.IndustryCategory&gt;食品和饮料&lt;/ns:Emp.IndustryCategory&gt;&lt;ns:Emp.Location&gt;&lt;ns:Location&gt;&lt;ns:Loc.CountryRegion&gt;US &lt;/ns:Loc.CountryRegion&gt;&lt;ns:Loc.State&gt;WA &lt;/ns:Loc.State&gt;&lt;ns:Loc.City&gt;Kent&lt;/ns:Loc.City&gt;&lt;/ns:Location&gt;&lt;/ns:Emp.Location&gt;&lt;/ns:Employment&gt;&lt;ns:Education&gt;&lt;ns:Edu.Level&gt;学士&lt;/ns:Edu.Level&gt;&lt;ns:Edu.StartDate&gt;1986-09-15Z&lt;/ns:Edu.StartDate&gt;&lt;ns:Edu.EndDate&gt;1990-05-15Z&lt;/ns:Edu.EndDate&gt;&lt;ns:Edu.Degree&gt;Bachelor of Science&lt;/ns:Edu.Degree&gt;&lt;ns:Edu.Major&gt;贸易&lt;/ns:Edu.Major&gt;&lt;ns:Edu.Minor&gt;&lt;/ns:Edu.Minor&gt;&lt;ns:Edu.GPA&gt;3.3&lt;/ns:Edu.GPA&gt;&lt;ns:Edu.GPAScale&gt;4&lt;/ns:Edu.GPAScale&gt;&lt;ns:Edu.School&gt;Western University&lt;/ns:Edu.School&gt;&lt;ns:Edu.Location&gt;&lt;ns:Location&gt;&lt;ns:Loc.CountryRegion&gt;US &lt;/ns:Loc.CountryRegion&gt;&lt;ns:Loc.State&gt;WA &lt;/ns:Loc.State&gt;&lt;ns:Loc.City&gt;Seattle&lt;/ns:Loc.City&gt;&lt;/ns:Location&gt;&lt;/ns:Edu.Location&gt;&lt;/ns:Education&gt;&lt;ns:Address&gt;&lt;ns:Addr.Type&gt;家庭&lt;/ns:Addr.Type&gt;&lt;ns:Addr.Street&gt;50 West 5th Street&lt;/ns:Addr.Street&gt;&lt;ns:Addr.Location&gt;&lt;ns:Location&gt;&lt;ns:Loc.CountryRegion&gt;US &lt;/ns:Loc.CountryRegion&gt;&lt;ns:Loc.State&gt;WA &lt;/ns:Loc.State&gt;&lt;ns:Loc.City&gt;Federal Way&lt;/ns:Loc.City&gt;&lt;/ns:Location&gt;&lt;/ns:Addr.Location&gt;&lt;ns:Addr.PostalCode&gt;98003&lt;/ns:Addr.PostalCode&gt;&lt;ns:Addr.Telephone&gt;&lt;ns:Telephone&gt;&lt;ns:Tel.Type&gt;家庭&lt;/ns:Tel.Type&gt;&lt;ns:Tel.IntlCode&gt;1&lt;/ns:Tel.IntlCode&gt;&lt;ns:Tel.AreaCode&gt;253&lt;/ns:Tel.AreaCode&gt;&lt;ns:Tel.Number&gt;555-1444&lt;/ns:Tel.Number&gt;&lt;/ns:Telephone&gt;&lt;/ns:Addr.Telephone&gt;&lt;/ns:Address&gt;&lt;ns:EMail&gt;&lt;/ns:EMail&gt;&lt;ns:WebSite&gt;&lt;/ns:WebSite&gt;&lt;/ns:Resume&gt;</Resume><ModifiedDate>2013-12-22 18:32:21</ModifiedDate></JobCandidate>
<JobCandidate><JobCandidateID>9</JobCandidateID><BusinessEntityID></BusinessEntityID><Resume>&lt;ns:Resume xmlns:ns=&quot;http://schemas.microsoft.com/sqlserver/2004/07/adventure-works/Resume&quot;&gt;&lt;ns:Name&gt;&lt;ns:Name.Prefix&gt;&lt;/ns:Name.Prefix&gt;&lt;ns:Name.First&gt;Shengda&lt;/ns:Name.First&gt;&lt;ns:Name.Middle&gt;&lt;/ns:Name.Middle&gt;&lt;ns:Name.Last&gt;Yang &lt;/ns:Name.Last&gt;&lt;ns:Name.Suffix&gt;&lt;/ns:Name.Suffix&gt;&lt;/ns:Name&gt;&lt;ns:Skills&gt;最近三年任职婴儿车生产线经理。负责计划生产线预算、订购零部件以及监督所有质保环节. 在从事生产管理之前，曾在婴儿车生产线上工作五年(三年是求学期间兼职，毕业后两年全职)，在此期间，不断得到提升。刚开始是从事基本组装，后升为刹车系统质保主管. 带领团队通过 ISO 9000 认证. 通过州举办的化学和工业安全考试。最近又通过再认证获得基本急救证书. 爱好自行车，在奥兰多地区举办的两次自行车比赛中排名前五.
    &lt;/ns:Skills&gt;&lt;ns:Employment&gt;&lt;ns:Emp.StartDate&gt;1994-09-15Z&lt;/ns:Emp.StartDate&gt;&lt;ns:Emp.EndDate&gt;2002-01-08Z&lt;/ns:Emp.EndDate&gt;&lt;ns:Emp.OrgName&gt;Wingtip Toys&lt;/ns:Emp.OrgName&gt;&lt;ns:Emp.JobTitle&gt;生产经理&lt;/ns:Emp.JobTitle&gt;&lt;ns:Emp.Responsibility&gt;生产经理. 质保主管. 安全代表. ISO 9000 认证主管.生产线工人
        &lt;/ns:Emp.Responsibility&gt;&lt;ns:Emp.FunctionCategory&gt;生产&lt;/ns:Emp.FunctionCategory&gt;&lt;ns:Emp.IndustryCategory&gt;制造&lt;/ns:Emp.IndustryCategory&gt;&lt;ns:Emp.Location&gt;&lt;ns:Location&gt;&lt;ns:Loc.CountryRegion&gt;US &lt;/ns:Loc.CountryRegion&gt;&lt;ns:Loc.State&gt;FL &lt;/ns:Loc.State&gt;&lt;ns:Loc.City&gt;Orlando&lt;/ns:Loc.City&gt;&lt;/ns:Location&gt;&lt;/ns:Emp.Location&gt;&lt;/ns:Employment&gt;&lt;ns:Education&gt;&lt;ns:Edu.Level&gt;学士&lt;/ns:Edu.Level&gt;&lt;ns:Edu.StartDate&gt;1992-09-04Z&lt;/ns:Edu.StartDate&gt;&lt;ns:Edu.EndDate&gt;1996-06-03Z&lt;/ns:Edu.EndDate&gt;&lt;ns:Edu.Degree&gt;理学士&lt;/ns:Edu.Degree&gt;&lt;ns:Edu.Major&gt;工业工程&lt;/ns:Edu.Major&gt;&lt;ns:Edu.Minor&gt;&lt;/ns:Edu.Minor&gt;&lt;ns:Edu.GPA&gt;3.4&lt;/ns:Edu.GPA&gt;&lt;ns:Edu.GPAScale&gt;4&lt;/ns:Edu.GPAScale&gt;&lt;ns:Edu.School&gt;Soutern State College&lt;/ns:Edu.School&gt;&lt;ns:Edu.Location&gt;&lt;ns:Location&gt;&lt;ns:Loc.CountryRegion&gt;US &lt;/ns:Loc.CountryRegion&gt;&lt;ns:Loc.State&gt;FL &lt;/ns:Loc.State&gt;&lt;ns:Loc.City&gt;Tampa Bay&lt;/ns:Loc.City&gt;&lt;/ns:Location&gt;&lt;/ns:Edu.Location&gt;&lt;/ns:Education&gt;&lt;ns:Education&gt;&lt;ns:Edu.Level&gt;High School&lt;/ns:Edu.Level&gt;&lt;ns:Edu.StartDate&gt;1988-08-27Z&lt;/ns:Edu.StartDate&gt;&lt;ns:Edu.EndDate&gt;1992-06-12Z&lt;/ns:Edu.EndDate&gt;&lt;ns:Edu.Degree&gt;高中&lt;/ns:Edu.Degree&gt;&lt;ns:Edu.Major&gt;&lt;/ns:Edu.Major&gt;&lt;ns:Edu.Minor&gt;&lt;/ns:Edu.Minor&gt;&lt;ns:Edu.GPA&gt;3.8&lt;/ns:Edu.GPA&gt;&lt;ns:Edu.GPAScale&gt;4&lt;/ns:Edu.GPAScale&gt;&lt;ns:Edu.School&gt;Evergreen High School&lt;/ns:Edu.School&gt;&lt;ns:Edu.Location&gt;&lt;ns:Location&gt;&lt;ns:Loc.CountryRegion&gt;US &lt;/ns:Loc.CountryRegion&gt;&lt;ns:Loc.State&gt;FL &lt;/ns:Loc.State&gt;&lt;ns:Loc.City&gt;Orlando&lt;/ns:Loc.City&gt;&lt;/ns:Location&gt;&lt;/ns:Edu.Location&gt;&lt;/ns:Education&gt;&lt;ns:Address&gt;&lt;ns:Addr.Type&gt;家庭&lt;/ns:Addr.Type&gt;&lt;ns:Addr.Street&gt;1234 Palm Street&lt;/ns:Addr.Street&gt;&lt;ns:Addr.Location&gt;&lt;ns:Location&gt;&lt;ns:Loc.CountryRegion&gt;US &lt;/ns:Loc.CountryRegion&gt;&lt;ns:Loc.State&gt;FL &lt;/ns:Loc.State&gt;&lt;ns:Loc.City&gt;Orlando&lt;/ns:Loc.City&gt;&lt;/ns:Location&gt;&lt;/ns:Addr.Location&gt;&lt;ns:Addr.PostalCode&gt;37812&lt;/ns:Addr.PostalCode&gt;&lt;ns:Addr.Telephone&gt;&lt;ns:Telephone&gt;&lt;ns:Tel.Type&gt;家庭&lt;/ns:Tel.Type&gt;&lt;ns:Tel.IntlCode&gt;1&lt;/ns:Tel.IntlCode&gt;&lt;ns:Tel.AreaCode&gt;407&lt;/ns:Tel.AreaCode&gt;&lt;ns:Tel.Number&gt;555-0101&lt;/ns:Tel.Number&gt;&lt;/ns:Telephone&gt;&lt;/ns:Addr.Telephone&gt;&lt;/ns:Address&gt;&lt;/ns:Resume&gt;</Resume><ModifiedDate>2007-06-23 00:00:00</ModifiedDate></JobCandidate>
<JobCandidate><JobCandidateID>10</JobCandidateID><BusinessEntityID></BusinessEntityID><Resume>&lt;ns:Resume xmlns:ns=&quot;http://schemas.microsoft.com/sqlserver/2004/07/adventure-works/Resume&quot;&gt;&lt;ns:Name&gt;&lt;ns:Name.Prefix&gt;&lt;/ns:Name.Prefix&gt;&lt;ns:Name.First&gt;Tai&lt;/ns:Name.First&gt;&lt;ns:Name.Middle&gt;&lt;/ns:Name.Middle&gt;&lt;ns:Name.Last&gt;Yee&lt;/ns:Name.Last&gt;&lt;ns:Name.Suffix&gt;&lt;/ns:Name.Suffix&gt;&lt;/ns:Name&gt;&lt;ns:Skills&gt;我是一名经验丰富的机械师，技术全面，不仅单独操作各种机械设备，还管理其他机械师的工作。我专攻诊断和精度检测，可以读懂设计图，能够妥善处理各方面的人际关系并具备良好的沟通能力来指导我管辖的机械师的工作. 与其他候选者相比，我拥有的机械工程学位使我对机械师行业在理论方面具有更深刻的了解，数学背景知识也更深厚.
    &lt;/ns:Skills&gt;&lt;ns:Employment&gt;&lt;ns:Emp.StartDate&gt;2000-06-15Z&lt;/ns:Emp.StartDate&gt;&lt;ns:Emp.EndDate&gt;2002-09-18Z&lt;/ns:Emp.EndDate&gt;&lt;ns:Emp.OrgName&gt;Wingtip Toys&lt;/ns:Emp.OrgName&gt;&lt;ns:Emp.JobTitle&gt;机械师主管&lt;/ns:Emp.JobTitle&gt;&lt;ns:Emp.Responsibility&gt;管理四名机械师的工作. 协调所有复杂的组装和工具使用，包括三轮车和四轮车的生产. 根据样件、图纸和口头描述进行零部件组装. 参与公司通过 ISO9000 质量认证的工作.
        &lt;/ns:Emp.Responsibility&gt;&lt;ns:Emp.FunctionCategory&gt;生产&lt;/ns:Emp.FunctionCategory&gt;&lt;ns:Emp.IndustryCategory&gt;制造&lt;/ns:Emp.IndustryCategory&gt;&lt;ns:Emp.Location&gt;&lt;ns:Location&gt;&lt;ns:Loc.CountryRegion&gt;US &lt;/ns:Loc.CountryRegion&gt;&lt;ns:Loc.State&gt;CO &lt;/ns:Loc.State&gt;&lt;ns:Loc.City&gt;Denver&lt;/ns:Loc.City&gt;&lt;/ns:Location&gt;&lt;/ns:Emp.Location&gt;&lt;/ns:Employment&gt;&lt;ns:Employment&gt;&lt;ns:Emp.StartDate&gt;1996-11-15Z&lt;/ns:Emp.StartDate&gt;&lt;ns:Emp.EndDate&gt;2000-05-11Z&lt;/ns:Emp.EndDate&gt;&lt;ns:Emp.OrgName&gt;Blue Yonder Airlines&lt;/ns:Emp.OrgName&gt;&lt;ns:Emp.JobTitle&gt;机械师&lt;/ns:Emp.JobTitle&gt;&lt;ns:Emp.Responsibility&gt;修理和维护各种生产和组装用机械工具. 调整并操作机器以实现高精度. 使用并编写 CNC 机器程序. 在计算机辅助制造方面受过广泛的培训.
        &lt;/ns:Emp.Responsibility&gt;&lt;ns:Emp.FunctionCategory&gt;生产&lt;/ns:Emp.FunctionCategory&gt;&lt;ns:Emp.IndustryCategory&gt;制造&lt;/ns:Emp.IndustryCategory&gt;&lt;ns:Emp.Location&gt;&lt;ns:Location&gt;&lt;ns:Loc.CountryRegion&gt;US &lt;/ns:Loc.CountryRegion&gt;&lt;ns:Loc.State&gt;IL &lt;/ns:Loc.State&gt;&lt;ns:Loc.City&gt;Chicago&lt;/ns:Loc.City&gt;&lt;/ns:Location&gt;&lt;/ns:Emp.Location&gt;&lt;/ns:Employment&gt;&lt;ns:Employment&gt;&lt;ns:Emp.StartDate&gt;1994-06-15Z&lt;/ns:Emp.StartDate&gt;&lt;ns:Emp.EndDate&gt;1996-07-13Z&lt;/ns:Emp.EndDate&gt;&lt;ns:Emp.OrgName&gt;City Power and Light&lt;/ns:Emp.OrgName&gt;&lt;ns:Emp.JobTitle&gt;助理机械师&lt;/ns:Emp.JobTitle&gt;&lt;ns:Emp.Responsibility&gt;进行无心磨削. 在人工磨削和车床设备以及千分尺和卡钳方面接受过培训. 管理全套工具. 按要求经常加班.。
        &lt;/ns:Emp.Responsibility&gt;&lt;ns:Emp.FunctionCategory&gt;生产&lt;/ns:Emp.FunctionCategory&gt;&lt;ns:Emp.IndustryCategory&gt;制造&lt;/ns:Emp.IndustryCategory&gt;&lt;ns:Emp.Location&gt;&lt;ns:Location&gt;&lt;ns:Loc.CountryRegion&gt;US &lt;/ns:Loc.CountryRegion&gt;&lt;ns:Loc.State&gt;IA &lt;/ns:Loc.State&gt;&lt;ns:Loc.City&gt;Des Moines&lt;/ns:Loc.City&gt;&lt;/ns:Location&gt;&lt;/ns:Emp.Location&gt;&lt;/ns:Employment&gt;&lt;ns:Education&gt;&lt;ns:Edu.Level&gt;学士&lt;/ns:Edu.Level&gt;&lt;ns:Edu.StartDate&gt;1990-09-05Z&lt;/ns:Edu.StartDate&gt;&lt;ns:Edu.EndDate&gt;1994-05-22Z&lt;/ns:Edu.EndDate&gt;&lt;ns:Edu.Degree&gt;理学士&lt;/ns:Edu.Degree&gt;&lt;ns:Edu.Major&gt;机械工程&lt;/ns:Edu.Major&gt;&lt;ns:Edu.Minor&gt;&lt;/ns:Edu.Minor&gt;&lt;ns:Edu.GPA&gt;3.2&lt;/ns:Edu.GPA&gt;&lt;ns:Edu.GPAScale&gt;4&lt;/ns:Edu.GPAScale&gt;&lt;ns:Edu.School&gt;Midwest State University&lt;/ns:Edu.School&gt;&lt;ns:Edu.Location&gt;&lt;ns:Location&gt;&lt;ns:Loc.CountryRegion&gt;US &lt;/ns:Loc.CountryRegion&gt;&lt;ns:Loc.State&gt;IA &lt;/ns:Loc.State&gt;&lt;ns:Loc.City&gt;Des Moines&lt;/ns:Loc.City&gt;&lt;/ns:Location&gt;&lt;/ns:Edu.Location&gt;&lt;/ns:Education&gt;&lt;ns:Address&gt;&lt;ns:Addr.Type&gt;家庭&lt;/ns:Addr.Type&gt;&lt;ns:Addr.Street&gt;15 Main Street&lt;/ns:Addr.Street&gt;&lt;ns:Addr.Location&gt;&lt;ns:Location&gt;&lt;ns:Loc.CountryRegion&gt;US &lt;/ns:Loc.CountryRegion&gt;&lt;ns:Loc.State&gt;CO &lt;/ns:Loc.State&gt;&lt;ns:Loc.City&gt;Denver&lt;/ns:Loc.City&gt;&lt;/ns:Location&gt;&lt;/ns:Addr.Location&gt;&lt;ns:Addr.PostalCode&gt;80521&lt;/ns:Addr.PostalCode&gt;&lt;ns:Addr.Telephone&gt;&lt;ns:Telephone&gt;&lt;ns:Tel.Type&gt;家庭&lt;/ns:Tel.Type&gt;&lt;ns:Tel.IntlCode&gt;1&lt;/ns:Tel.IntlCode&gt;&lt;ns:Tel.AreaCode&gt;303&lt;/ns:Tel.AreaCode&gt;&lt;ns:Tel.Number&gt;555-0114&lt;/ns:Tel.Number&gt;&lt;/ns:Telephone&gt;&lt;/ns:Addr.Telephone&gt;&lt;/ns:Address&gt;&lt;ns:EMail&gt;Tai@Example.com&lt;/ns:EMail&gt;&lt;ns:WebSite&gt;&lt;/ns:WebSite&gt;&lt;/ns:Resume&gt;</Resume><ModifiedDate>2007-06-23 00:00:00</ModifiedDate></JobCandidate>
<JobCandidate><JobCandidateID>11</JobCandidateID><BusinessEntityID></BusinessEntityID><Resume>&lt;ns:Resume xmlns:ns=&quot;http://schemas.microsoft.com/sqlserver/2004/07/adventure-works/Resume&quot;&gt;&lt;ns:Name&gt;&lt;ns:Name.Prefix&gt;นาย&lt;/ns:Name.Prefix&gt;&lt;ns:Name.First&gt;สุทัศน&lt;/ns:Name.First&gt;&lt;ns:Name.Middle&gt;&lt;/ns:Name.Middle&gt;&lt;ns:Name.Last&gt;คณาพล&lt;/ns:Name.Last&gt;&lt;ns:Name.Suffix&gt;&lt;/ns:Name.Suffix&gt;&lt;/ns:Name&gt;&lt;ns:Skills&gt;มีความชำนาญในสายงานขายอย่างมาก  ประสบความสำเร็จตลอด 13 ปีในการเพิ่มรายได้ให้กับองค์กร มีประสบการณ์ในการวางแผนงานขาย และการประมาณการ การพัฒนาธุรกิจ และเทคนิคการขายหลากหลายประเภท 
ประสบการณ์ 5 ปีในการบริหารงานขาย รวมถึงการสร้างโอกาสทางการขาย การนำทีมขาย และการจัดการพื้นที่  นำวิธีบริหารและความรู้ด้านเทคนิคมาใช้ในการจัดการและการสื่อสารกับทีมขายทั่วพื้นที่ ซึ่งประกอบด้วยตัวแทนขายในพื้นที่ ผู้สาธิตผลิตภัณฑ์ และผู้ขายได้อย่างมีประสิทธิภาพ 
มีทักษะในการสื่อสารและการนำเสนอเป็นเลิศ 
    &lt;/ns:Skills&gt;&lt;ns:Employment&gt;&lt;ns:Emp.StartDate&gt;1998-03-31Z&lt;/ns:Emp.StartDate&gt;&lt;ns:Emp.EndDate&gt;2004-05-15Z&lt;/ns:Emp.EndDate&gt;&lt;ns:Emp.OrgName&gt;เวิลด์วายด์อิมปอร์ต จำกัด &lt;/ns:Emp.OrgName&gt;&lt;ns:Emp.JobTitle&gt;ผู้จัดการฝ่ายขาย &lt;/ns:Emp.JobTitle&gt;&lt;ns:Emp.Responsibility&gt;จัดการทีมขายที่ประกอบด้วยตัวแทนขาย 20 คน และเจ้าหน้าที่สนับสนุน 5 คน  กระจายใน 5 จังหวัด  ดูแลการประสานงานกับผู้ค้า สำหรับการสร้างโอกาสทางการขาย 
เป็นผู้นำในการใช้เทคโนโลยีสารสนเทศเพื่อพัฒนาระบบสื่อสารในพื้นที่ขาย  เพิ่มความสำเร็จในการติดตามโอกาสทางการขาย 15 เปอร์เซ็นต
วางแผนและประมาณการขายทั้งหมด  จัดการมอบหมายเขตการขายใหม่ เพื่อให้ได้ประสิทธิผลสูงสุด  ประสานงานกับฝ่ายการตลาดเพื่อวางแผนตำแหน่งของผลิตภัณฑ์ให้เข้ากับกลยุทธ์และเป้าหมายในการขาย  มีผลงานการบริหาร ทำให้ยอดขายเพิ่มขึ้นอย่างน้อย 10% ต่อปี 
        &lt;/ns:Emp.Responsibility&gt;&lt;ns:Emp.FunctionCategory&gt;ฝ่ายขาย&lt;/ns:Emp.FunctionCategory&gt;&lt;ns:Emp.IndustryCategory&gt;นำเข้า/ส่งออก &lt;/ns:Emp.IndustryCategory&gt;&lt;ns:Emp.Location&gt;&lt;ns:Location&gt;&lt;ns:Loc.CountryRegion&gt;ประเทศไทย&lt;/ns:Loc.CountryRegion&gt;&lt;ns:Loc.State&gt;กรุงเทพมหานคร&lt;/ns:Loc.State&gt;&lt;ns:Loc.City&gt;สาทร  &lt;/ns:Loc.City&gt;&lt;/ns:Location&gt;&lt;/ns:Emp.Location&gt;&lt;/ns:Employment&gt;&lt;ns:Employment&gt;&lt;ns:Emp.StartDate&gt;1992-04-01Z&lt;/ns:Emp.StartDate&gt;&lt;ns:Emp.EndDate&gt;1997-03-01Z&lt;/ns:Emp.EndDate&gt;&lt;ns:Emp.OrgName&gt;สุขุมวิทไวเนอร&lt;/ns:Emp.OrgName&gt;&lt;ns:Emp.JobTitle&gt;พนักงานขายอาวุโส &lt;/ns:Emp.JobTitle&gt;&lt;ns:Emp.Responsibility&gt;ขายผลิตภัณฑ์ให้กับผู้ค้าปลีกและภัตตาคาร  ทำงานร่วมกับฝ่ายจัดซื้ออย่างใกล้ชิด เพื่อพัฒนาการประสานงาน หัวหน้าตัวแทนขายสำหรับองค์กร ระหว่างปี 2539 - 2541 
ริเริ่มใช้กลยุทธ์ผูกสินค้าที่เกี่ยวข้องกัน ริเริ่มใช้ตราสินค้าร่วมกับบริษัทช็อคในประเทศ  เป็นแคมเปญที่ได้รับความสำเร็จสูงสุดในประวัติการดำเนินธุรกิจขององค์กร  แคมเปญดังกล่าวทำให้มียอดขายเพิ่มขึ้นถึง 18% 
        &lt;/ns:Emp.Responsibility&gt;&lt;ns:Emp.FunctionCategory&gt;ฝ่ายขาย &lt;/ns:Emp.FunctionCategory&gt;&lt;ns:Emp.IndustryCategory&gt;อาหารและเครื่องดื่ม &lt;/ns:Emp.IndustryCategory&gt;&lt;ns:Emp.Location&gt;&lt;ns:Location&gt;&lt;ns:Loc.CountryRegion&gt;ประเทศไทย &lt;/ns:Loc.CountryRegion&gt;&lt;ns:Loc.State&gt;กรุงเทพมหานคร&lt;/ns:Loc.State&gt;&lt;ns:Loc.City&gt;พระโขนง&lt;/ns:Loc.City&gt;&lt;/ns:Location&gt;&lt;/ns:Emp.Location&gt;&lt;/ns:Employment&gt;&lt;ns:Employment&gt;&lt;ns:Emp.StartDate&gt;1990-08-04Z&lt;/ns:Emp.StartDate&gt;&lt;ns:Emp.EndDate&gt;1992-02-01Z&lt;/ns:Emp.EndDate&gt;&lt;ns:Emp.OrgName&gt;กาแฟอาโรมา&lt;/ns:Emp.OrgName&gt;&lt;ns:Emp.JobTitle&gt;พนักงานขาย &lt;/ns:Emp.JobTitle&gt;&lt;ns:Emp.Responsibility&gt; ขายผลิตภัณฑ์ให้กับซูเปอร์มาเก็ตและร้านกาแฟ  ทำงานอย่างทุ่มเทและจริงจัง พร้อมทั้งใช้เทคนิคการขายเพิ่มเติม เพื่อเพิ่มยอดขาย ให้การแนะนำผลิตภัณฑ์รอง 
มีความชำนาญในการขยายยอดสั่งซื้อ ติดตามและสร้างสัมพันธภาพที่ดีกับลูกค้า เพื่อเพิ่มโอกาสในการขาย 	 
        &lt;/ns:Emp.Responsibility&gt;&lt;ns:Emp.FunctionCategory&gt;ฝ่ายขาย &lt;/ns:Emp.FunctionCategory&gt;&lt;ns:Emp.IndustryCategory&gt;อาหารและเครื่องดื่ม &lt;/ns:Emp.IndustryCategory&gt;&lt;ns:Emp.Location&gt;&lt;ns:Location&gt;&lt;ns:Loc.CountryRegion&gt;ประเทศไทย &lt;/ns:Loc.CountryRegion&gt;&lt;ns:Loc.State&gt;กรุงเทพมหานคร &lt;/ns:Loc.State&gt;&lt;ns:Loc.City&gt;คลองเตย &lt;/ns:Loc.City&gt;&lt;/ns:Location&gt;&lt;/ns:Emp.Location&gt;&lt;/ns:Employment&gt;&lt;ns:Education&gt;&lt;ns:Edu.Level&gt;ปริญญาตร&lt;/ns:Edu.Level&gt;&lt;ns:Edu.StartDate&gt;1986-09-03Z&lt;/ns:Edu.StartDate&gt;&lt;ns:Edu.EndDate&gt;1990-05-10Z&lt;/ns:Edu.EndDate&gt;&lt;ns:Edu.Degree&gt;บธบ&lt;/ns:Edu.Degree&gt;&lt;ns:Edu.Major&gt;บริหารธุรกิจ &lt;/ns:Edu.Major&gt;&lt;ns:Edu.Minor&gt;&lt;/ns:Edu.Minor&gt;&lt;ns:Edu.GPA&gt;3.6&lt;/ns:Edu.GPA&gt;&lt;ns:Edu.GPAScale&gt;4&lt;/ns:Edu.GPAScale&gt;&lt;ns:Edu.School&gt;มหาวิทยาลัยรามคำแหง&lt;/ns:Edu.School&gt;&lt;ns:Edu.Location&gt;&lt;ns:Location&gt;&lt;ns:Loc.CountryRegion&gt;ประเทศไทย &lt;/ns:Loc.CountryRegion&gt;&lt;ns:Loc.State&gt;กรุงเทพมหานคร&lt;/ns:Loc.State&gt;&lt;ns:Loc.City&gt;รามคำแหง&lt;/ns:Loc.City&gt;&lt;/ns:Location&gt;&lt;/ns:Edu.Location&gt;&lt;/ns:Education&gt;&lt;ns:Address&gt;&lt;ns:Addr.Type&gt;บ้าน &lt;/ns:Addr.Type&gt;&lt;ns:Addr.Street&gt;25/48 ซอยเพชรประดับ&lt;/ns:Addr.Street&gt;&lt;ns:Addr.Location&gt;&lt;ns:Location&gt;&lt;ns:Loc.CountryRegion&gt;ประเทศไทย &lt;/ns:Loc.CountryRegion&gt;&lt;ns:Loc.State&gt;กรุงเทพมหานคร &lt;/ns:Loc.State&gt;&lt;ns:Loc.City&gt;ราชเทว&lt;/ns:Loc.City&gt;&lt;/ns:Location&gt;&lt;/ns:Addr.Location&gt;&lt;ns:Addr.PostalCode&gt;10400&lt;/ns:Addr.PostalCode&gt;&lt;ns:Addr.Telephone&gt;&lt;ns:Telephone&gt;&lt;ns:Tel.Type&gt;บ้าน &lt;/ns:Tel.Type&gt;&lt;ns:Tel.IntlCode&gt;2&lt;/ns:Tel.IntlCode&gt;&lt;ns:Tel.Number&gt;555-0181&lt;/ns:Tel.Number&gt;&lt;/ns:Telephone&gt;&lt;/ns:Addr.Telephone&gt;&lt;/ns:Address&gt;&lt;ns:EMail&gt;&lt;/ns:EMail&gt;&lt;ns:WebSite&gt;&lt;/ns:WebSite&gt;&lt;/ns:Resume&gt;</Resume><ModifiedDate>2007-06-23 00:00:00</ModifiedDate></JobCandidate>
<JobCandidate><JobCandidateID>12</JobCandidateID><BusinessEntityID></BusinessEntityID><Resume>&lt;ns:Resume xmlns:ns=&quot;http://schemas.microsoft.com/sqlserver/2004/07/adventure-works/Resume&quot;&gt;&lt;ns:Name&gt;&lt;ns:Name.Prefix&gt;นาย &lt;/ns:Name.Prefix&gt;&lt;ns:Name.First&gt;สามารถ&lt;/ns:Name.First&gt;&lt;ns:Name.Middle&gt;&lt;/ns:Name.Middle&gt;&lt;ns:Name.Last&gt;เบญจศร&lt;/ns:Name.Last&gt;&lt;ns:Name.Suffix&gt;&lt;/ns:Name.Suffix&gt;&lt;/ns:Name&gt;&lt;ns:Skills&gt;ประสบการณ์ล่าสุดกว่า 3 ปีในตำแหน่งผู้จัดการสายการผลิตรถโกคาร์ท  ความรับผิดชอบ ประกอบด้วยการวางแผนงบประมาณของสายการผลิต การสั่งซื้ออะไหล่ และควบคุมกระบวนการประกันคุณภาพ 
ก่อนรับตำแหน่งบริหารการผลิต ได้ทำงานในสายการผลิตรถโกคาร์ทกว่า 5 ปี (3 ปีขณะศึกษา และ 2 ปี หลังจบการศึกษา) โดยมีความรับผิดชอบเพิ่มขึ้นตามลำดับ  เริ่มต้นจากการรับผิดชอบงานประกอบขั้นพื้นฐาน และต่อมาเป็นผู้นำกระบวนการประกันคุณภาพสำหรับระบบเบรค 
เป็นผู้นำการรับรองตามมาตรฐาน ISO 9000 
ผ่านการสอบประเมินผลด้านความปลอดภัยทางเคมีและอุตสาหกรรม จากกระทรวงอุตสาหกรรม  ได้รับใบประกาศนียบัตรด้านการปฐมพยาบาลจากกระทรวงแรงงานและสวัสดิการสังคม 
เป็นนักปั่นจักรยาน อยู่ในห้าอันดับแรกของการแข่งในกรุงเทพมหานครสองครั้ง  
    &lt;/ns:Skills&gt;&lt;ns:Employment&gt;&lt;ns:Emp.StartDate&gt;1994-07-01Z&lt;/ns:Emp.StartDate&gt;&lt;ns:Emp.EndDate&gt;2003-09-26Z&lt;/ns:Emp.EndDate&gt;&lt;ns:Emp.OrgName&gt;บริษัท เมจิค ทอยส์ &lt;/ns:Emp.OrgName&gt;&lt;ns:Emp.JobTitle&gt;ผู้จัดการฝ่ายผลิต &lt;/ns:Emp.JobTitle&gt;&lt;ns:Emp.Responsibility&gt;ผู้จัดการฝ่ายผลิต หัวหน้างานประกันคุณภาพ  ตัวแทนด้านความปลอดภัย  ผู้นำการรับรองตามมาตรฐาน ISO 9000พนักงานสายการผลิต 
    &lt;/ns:Emp.Responsibility&gt;&lt;ns:Emp.FunctionCategory&gt;ฝ่ายผลิต &lt;/ns:Emp.FunctionCategory&gt;&lt;ns:Emp.IndustryCategory&gt;อุตสาหกรรมการผลิต &lt;/ns:Emp.IndustryCategory&gt;&lt;ns:Emp.Location&gt;&lt;ns:Location&gt;&lt;ns:Loc.CountryRegion&gt;ประเทศไทย &lt;/ns:Loc.CountryRegion&gt;&lt;ns:Loc.State&gt;กรุงเทพมหานคร &lt;/ns:Loc.State&gt;&lt;ns:Loc.City&gt;ดุสิต &lt;/ns:Loc.City&gt;&lt;/ns:Location&gt;&lt;/ns:Emp.Location&gt;&lt;/ns:Employment&gt;&lt;ns:Education&gt;&lt;ns:Edu.Level&gt;ปริญญาตรี &lt;/ns:Edu.Level&gt;&lt;ns:Edu.StartDate&gt;1989-09-01Z&lt;/ns:Edu.StartDate&gt;&lt;ns:Edu.EndDate&gt;1994-06-01Z&lt;/ns:Edu.EndDate&gt;&lt;ns:Edu.Degree&gt;วิทยาศาสตรบัณฑิต &lt;/ns:Edu.Degree&gt;&lt;ns:Edu.Major&gt;วิศวกรรมอุตสาหการ&lt;/ns:Edu.Major&gt;&lt;ns:Edu.Minor&gt;&lt;/ns:Edu.Minor&gt;&lt;ns:Edu.GPA&gt;3.4&lt;/ns:Edu.GPA&gt;&lt;ns:Edu.GPAScale&gt;4&lt;/ns:Edu.GPAScale&gt;&lt;ns:Edu.School&gt;มหาวิทยาลัยมหิดล &lt;/ns:Edu.School&gt;&lt;ns:Edu.Location&gt;&lt;ns:Location&gt;&lt;ns:Loc.CountryRegion&gt;ประเทศไทย&lt;/ns:Loc.CountryRegion&gt;&lt;ns:Loc.State&gt;นครปฐม  &lt;/ns:Loc.State&gt;&lt;ns:Loc.City&gt;สามพราน &lt;/ns:Loc.City&gt;&lt;/ns:Location&gt;&lt;/ns:Edu.Location&gt;&lt;/ns:Education&gt;&lt;ns:Address&gt;&lt;ns:Addr.Type&gt;บ้าน &lt;/ns:Addr.Type&gt;&lt;ns:Addr.Street&gt;141/25 ซอย คำรามเวช 6&lt;/ns:Addr.Street&gt;&lt;ns:Addr.Location&gt;&lt;ns:Location&gt;&lt;ns:Loc.CountryRegion&gt;ประเทศไทย &lt;/ns:Loc.CountryRegion&gt;&lt;ns:Loc.State&gt;กรุงเทพมหานคร&lt;/ns:Loc.State&gt;&lt;ns:Loc.City&gt;ดุสิต &lt;/ns:Loc.City&gt;&lt;/ns:Location&gt;&lt;/ns:Addr.Location&gt;&lt;ns:Addr.PostalCode&gt;10300&lt;/ns:Addr.PostalCode&gt;&lt;ns:Addr.Telephone&gt;&lt;ns:Telephone&gt;&lt;ns:Tel.Type&gt;บ้าน &lt;/ns:Tel.Type&gt;&lt;ns:Tel.IntlCode&gt;2&lt;/ns:Tel.IntlCode&gt;&lt;ns:Tel.Number&gt;555-0101&lt;/ns:Tel.Number&gt;&lt;/ns:Telephone&gt;&lt;/ns:Addr.Telephone&gt;&lt;/ns:Address&gt;&lt;ns:EMail&gt;&lt;/ns:EMail&gt;&lt;ns:WebSite&gt;&lt;/ns:WebSite&gt;&lt;/ns:Resume&gt;</Resume><ModifiedDate>2007-06-23 00:00:00</ModifiedDate></JobCandidate>
<JobCandidate><JobCandidateID>13</JobCandidateID><BusinessEntityID></BusinessEntityID><Resume>&lt;ns:Resume xmlns:ns=&quot;http://schemas.microsoft.com/sqlserver/2004/07/adventure-works/Resume&quot;&gt;&lt;ns:Name&gt;&lt;ns:Name.Prefix&gt;&lt;/ns:Name.Prefix&gt;&lt;ns:Name.First&gt;ชาย &lt;/ns:Name.First&gt;&lt;ns:Name.Middle&gt;&lt;/ns:Name.Middle&gt;&lt;ns:Name.Last&gt;บางสุขศรี &lt;/ns:Name.Last&gt;&lt;ns:Name.Suffix&gt;&lt;/ns:Name.Suffix&gt;&lt;/ns:Name&gt;&lt;ns:Skills&gt;&lt;/ns:Skills&gt;&lt;ns:Employment&gt;&lt;ns:Emp.StartDate&gt;2000-06-15Z&lt;/ns:Emp.StartDate&gt;&lt;ns:Emp.EndDate&gt;2002-09-11Z&lt;/ns:Emp.EndDate&gt;&lt;ns:Emp.OrgName&gt;บริษัท เมจิค ทอยส์ &lt;/ns:Emp.OrgName&gt;&lt;ns:Emp.JobTitle&gt;หัวหน้าช่างยนต์&lt;/ns:Emp.JobTitle&gt;&lt;ns:Emp.Responsibility&gt;ดูแลงานของกลุ่มช่างสี่คน 
ประสานงานประกอบที่มีความซับซ้อน และการใช้เครื่องมือหนัก รวมถึงการผลิตจักรยานสามล้อและรถเข็น 
พัฒนาการผลิตอะไหล่จากชิ้นส่วนตัวอย่าง ภาพร่าง และคำสั่งทางวาจา 
มีประสบการณ์ทำงานด้านISO9000
        &lt;/ns:Emp.Responsibility&gt;&lt;ns:Emp.FunctionCategory&gt;ฝ่ายผลิต&lt;/ns:Emp.FunctionCategory&gt;&lt;ns:Emp.IndustryCategory&gt;อุตสาหกรรมการผลิต &lt;/ns:Emp.IndustryCategory&gt;&lt;ns:Emp.Location&gt;&lt;ns:Location&gt;&lt;ns:Loc.CountryRegion&gt;ประเทศไทย&lt;/ns:Loc.CountryRegion&gt;&lt;ns:Loc.State&gt;กรุงเทพมหานคร&lt;/ns:Loc.State&gt;&lt;ns:Loc.City&gt;ตลิ่งชัน&lt;/ns:Loc.City&gt;&lt;/ns:Location&gt;&lt;/ns:Emp.Location&gt;&lt;/ns:Employment&gt;&lt;ns:Employment&gt;&lt;ns:Emp.StartDate&gt;1996-11-15Z&lt;/ns:Emp.StartDate&gt;&lt;ns:Emp.EndDate&gt;2000-05-11Z&lt;/ns:Emp.EndDate&gt;&lt;ns:Emp.OrgName&gt;สายการบินฟ้าคราม &lt;/ns:Emp.OrgName&gt;&lt;ns:Emp.JobTitle&gt;ช่างยนต์ &lt;/ns:Emp.JobTitle&gt;&lt;ns:Emp.Responsibility&gt;ซ่อมบำรุงเครื่องมือหนักในการผลิตหลายประเภท  จัดตั้งและใช้งานเครื่องจักรที่ต้องการความแม่นยำสูง  ใช้และเขียนโปรแกรม CNC สำหรับเครื่องจักร 
ได้รับการฝึกอบรมด้านการผลิตโดยใช้คอมพิวเตอร์อย่างละเอียด 
        &lt;/ns:Emp.Responsibility&gt;&lt;ns:Emp.FunctionCategory&gt;ฝ่ายผลิต  &lt;/ns:Emp.FunctionCategory&gt;&lt;ns:Emp.IndustryCategory&gt;อุตสาหกรรมการผลิต &lt;/ns:Emp.IndustryCategory&gt;&lt;ns:Emp.Location&gt;&lt;ns:Location&gt;&lt;ns:Loc.CountryRegion&gt;ประเทศไทย &lt;/ns:Loc.CountryRegion&gt;&lt;ns:Loc.State&gt;กรุงเทพมหานคร &lt;/ns:Loc.State&gt;&lt;ns:Loc.City&gt;สีลม &lt;/ns:Loc.City&gt;&lt;/ns:Location&gt;&lt;/ns:Emp.Location&gt;&lt;/ns:Employment&gt;&lt;ns:Employment&gt;&lt;ns:Emp.StartDate&gt;1994-06-15Z&lt;/ns:Emp.StartDate&gt;&lt;ns:Emp.EndDate&gt;1996-06-11Z&lt;/ns:Emp.EndDate&gt;&lt;ns:Emp.OrgName&gt;บริษัทแสงไฟอุตสาหกรรม จำกัด  &lt;/ns:Emp.OrgName&gt;&lt;ns:Emp.JobTitle&gt;ผู้ช่วยช่างยนต์ &lt;/ns:Emp.JobTitle&gt;&lt;ns:Emp.Responsibility&gt;รับผิดชอบงานบดโดยไม่อาศัยศูนย์กลาง ได้รับการฝึกอบรมเกี่ยวกับเครื่องกลึงและเครื่องโม่ที่ควบคุมด้วยมือ พร้อมด้วยการใช้ไมโครมิเตอร์และคาลิเปอร์  มีเครื่องมือครบชุด ทำงานล่วงเวลาได้  
        &lt;/ns:Emp.Responsibility&gt;&lt;ns:Emp.FunctionCategory&gt;ฝ่ายผลิต &lt;/ns:Emp.FunctionCategory&gt;&lt;ns:Emp.IndustryCategory&gt;อุตสาหกรรมการผลิต &lt;/ns:Emp.IndustryCategory&gt;&lt;ns:Emp.Location&gt;&lt;ns:Location&gt;&lt;ns:Loc.CountryRegion&gt;ประเทศไทย&lt;/ns:Loc.CountryRegion&gt;&lt;ns:Loc.State&gt;กรุงเทพมหานคร &lt;/ns:Loc.State&gt;&lt;ns:Loc.City&gt;ตลิ่งชัน&lt;/ns:Loc.City&gt;&lt;/ns:Location&gt;&lt;/ns:Emp.Location&gt;&lt;/ns:Employment&gt;&lt;ns:Education&gt;&lt;ns:Edu.Level&gt;ปริญญาตรี &lt;/ns:Edu.Level&gt;&lt;ns:Edu.StartDate&gt;1992-09-09Z&lt;/ns:Edu.StartDate&gt;&lt;ns:Edu.EndDate&gt;1994-05-06Z&lt;/ns:Edu.EndDate&gt;&lt;ns:Edu.Degree&gt;วิทยาศาสตรบัณฑิต&lt;/ns:Edu.Degree&gt;&lt;ns:Edu.Major&gt;Iวิศวกรรมเครื่องกล&lt;/ns:Edu.Major&gt;&lt;ns:Edu.Minor&gt;&lt;/ns:Edu.Minor&gt;&lt;ns:Edu.GPA&gt;3.2&lt;/ns:Edu.GPA&gt;&lt;ns:Edu.GPAScale&gt;4&lt;/ns:Edu.GPAScale&gt;&lt;ns:Edu.School&gt;มหาวิทยาลัยสากล &lt;/ns:Edu.School&gt;&lt;ns:Edu.Location&gt;&lt;ns:Location&gt;&lt;ns:Loc.CountryRegion&gt;ประเทศไท&lt;/ns:Loc.CountryRegion&gt;&lt;ns:Loc.State&gt;ปทุมธานี  &lt;/ns:Loc.State&gt;&lt;ns:Loc.City&gt;รังสิต&lt;/ns:Loc.City&gt;&lt;/ns:Location&gt;&lt;/ns:Edu.Location&gt;&lt;/ns:Education&gt;&lt;ns:Address&gt;&lt;ns:Addr.Type&gt;บ้าน &lt;/ns:Addr.Type&gt;&lt;ns:Addr.Street&gt;512/4 ซอย 21&lt;/ns:Addr.Street&gt;&lt;ns:Addr.Location&gt;&lt;ns:Location&gt;&lt;ns:Loc.CountryRegion&gt;ประเทศไทย &lt;/ns:Loc.CountryRegion&gt;&lt;ns:Loc.State&gt;กรุงเทพมหานคร&lt;/ns:Loc.State&gt;&lt;ns:Loc.City&gt;ตลิ่งชัน &lt;/ns:Loc.City&gt;&lt;/ns:Location&gt;&lt;/ns:Addr.Location&gt;&lt;ns:Addr.PostalCode&gt;10170&lt;/ns:Addr.PostalCode&gt;&lt;ns:Addr.Telephone&gt;&lt;ns:Telephone&gt;&lt;ns:Tel.Type&gt;บ้าน &lt;/ns:Tel.Type&gt;&lt;ns:Tel.IntlCode&gt;2&lt;/ns:Tel.IntlCode&gt;&lt;ns:Tel.Number&gt;555-0114&lt;/ns:Tel.Number&gt;&lt;/ns:Telephone&gt;&lt;/ns:Addr.Telephone&gt;&lt;/ns:Address&gt;&lt;ns:EMail&gt;&lt;/ns:EMail&gt;&lt;ns:WebSite&gt;&lt;/ns:WebSite&gt;&lt;/ns:Resume&gt;</Resume><ModifiedDate>2007-06-23 00:00:00</ModifiedDate></JobCandidate>
</DataTable>
