<DataTable>
<ContactType><ContactTypeID>1</ContactTypeID><Name>Accounting Manager</Name><ModifiedDate>2008-04-30 00:00:00</ModifiedDate></ContactType>
<ContactType><ContactTypeID>2</ContactTypeID><Name>Assistant Sales Agent</Name><ModifiedDate>2008-04-30 00:00:00</ModifiedDate></ContactType>
<ContactType><ContactTypeID>3</ContactTypeID><Name>Assistant Sales Representative</Name><ModifiedDate>2008-04-30 00:00:00</ModifiedDate></ContactType>
<ContactType><ContactTypeID>4</ContactTypeID><Name>Coordinator Foreign Markets</Name><ModifiedDate>2008-04-30 00:00:00</ModifiedDate></ContactType>
<ContactType><ContactTypeID>5</ContactTypeID><Name>Export Administrator</Name><ModifiedDate>2008-04-30 00:00:00</ModifiedDate></ContactType>
<ContactType><ContactTypeID>6</ContactTypeID><Name>International Marketing Manager</Name><ModifiedDate>2008-04-30 00:00:00</ModifiedDate></ContactType>
<ContactType><ContactTypeID>7</ContactTypeID><Name>Marketing Assistant</Name><ModifiedDate>2008-04-30 00:00:00</ModifiedDate></ContactType>
<ContactType><ContactTypeID>8</ContactTypeID><Name>Marketing Manager</Name><ModifiedDate>2008-04-30 00:00:00</ModifiedDate></ContactType>
<ContactType><ContactTypeID>9</ContactTypeID><Name>Marketing Representative</Name><ModifiedDate>2008-04-30 00:00:00</ModifiedDate></ContactType>
<ContactType><ContactTypeID>10</ContactTypeID><Name>Order Administrator</Name><ModifiedDate>2008-04-30 00:00:00</ModifiedDate></ContactType>
<ContactType><ContactTypeID>11</ContactTypeID><Name>Owner</Name><ModifiedDate>2008-04-30 00:00:00</ModifiedDate></ContactType>
<ContactType><ContactTypeID>12</ContactTypeID><Name>Owner/Marketing Assistant</Name><ModifiedDate>2008-04-30 00:00:00</ModifiedDate></ContactType>
<ContactType><ContactTypeID>13</ContactTypeID><Name>Product Manager</Name><ModifiedDate>2008-04-30 00:00:00</ModifiedDate></ContactType>
<ContactType><ContactTypeID>14</ContactTypeID><Name>Purchasing Agent</Name><ModifiedDate>2008-04-30 00:00:00</ModifiedDate></ContactType>
<ContactType><ContactTypeID>15</ContactTypeID><Name>Purchasing Manager</Name><ModifiedDate>2008-04-30 00:00:00</ModifiedDate></ContactType>
<ContactType><ContactTypeID>16</ContactTypeID><Name>Regional Account Representative</Name><ModifiedDate>2008-04-30 00:00:00</ModifiedDate></ContactType>
<ContactType><ContactTypeID>17</ContactTypeID><Name>Sales Agent</Name><ModifiedDate>2008-04-30 00:00:00</ModifiedDate></ContactType>
<ContactType><ContactTypeID>18</ContactTypeID><Name>Sales Associate</Name><ModifiedDate>2008-04-30 00:00:00</ModifiedDate></ContactType>
<ContactType><ContactTypeID>19</ContactTypeID><Name>Sales Manager</Name><ModifiedDate>2008-04-30 00:00:00</ModifiedDate></ContactType>
<ContactType><ContactTypeID>20</ContactTypeID><Name>Sales Representative</Name><ModifiedDate>2008-04-30 00:00:00</ModifiedDate></ContactType>
</DataTable>
