<DataTable>
<ProductListPriceHistory><ProductID>707</ProductID><StartDate>2011-05-31 00:00:00</StartDate><EndDate>2012-05-29 00:00:00</EndDate><ListPrice>33.6442</ListPrice><ModifiedDate>2012-05-29 00:00:00</ModifiedDate></ProductListPriceHistory>
<ProductListPriceHistory><ProductID>707</ProductID><StartDate>2012-05-30 00:00:00</StartDate><EndDate>2013-05-29 00:00:00</EndDate><ListPrice>33.6442</ListPrice><ModifiedDate>2013-05-29 00:00:00</ModifiedDate></ProductListPriceHistory>
<ProductListPriceHistory><ProductID>707</ProductID><StartDate>2013-05-30 00:00:00</StartDate><EndDate></EndDate><ListPrice>34.9900</ListPrice><ModifiedDate>2013-05-09 00:00:00</ModifiedDate></ProductListPriceHistory>
<ProductListPriceHistory><ProductID>708</ProductID><StartDate>2011-05-31 00:00:00</StartDate><EndDate>2012-05-29 00:00:00</EndDate><ListPrice>33.6442</ListPrice><ModifiedDate>2012-05-29 00:00:00</ModifiedDate></ProductListPriceHistory>
<ProductListPriceHistory><ProductID>708</ProductID><StartDate>2012-05-30 00:00:00</StartDate><EndDate>2013-05-29 00:00:00</EndDate><ListPrice>33.6442</ListPrice><ModifiedDate>2013-05-29 00:00:00</ModifiedDate></ProductListPriceHistory>
<ProductListPriceHistory><ProductID>708</ProductID><StartDate>2013-05-30 00:00:00</StartDate><EndDate></EndDate><ListPrice>34.9900</ListPrice><ModifiedDate>2013-05-09 00:00:00</ModifiedDate></ProductListPriceHistory>
<ProductListPriceHistory><ProductID>709</ProductID><StartDate>2011-05-31 00:00:00</StartDate><EndDate>2012-05-29 00:00:00</EndDate><ListPrice>9.5000</ListPrice><ModifiedDate>2012-05-29 00:00:00</ModifiedDate></ProductListPriceHistory>
<ProductListPriceHistory><ProductID>710</ProductID><StartDate>2011-05-31 00:00:00</StartDate><EndDate>2012-05-29 00:00:00</EndDate><ListPrice>9.5000</ListPrice><ModifiedDate>2012-05-29 00:00:00</ModifiedDate></ProductListPriceHistory>
<ProductListPriceHistory><ProductID>711</ProductID><StartDate>2011-05-31 00:00:00</StartDate><EndDate>2012-05-29 00:00:00</EndDate><ListPrice>33.6442</ListPrice><ModifiedDate>2012-05-29 00:00:00</ModifiedDate></ProductListPriceHistory>
<ProductListPriceHistory><ProductID>711</ProductID><StartDate>2012-05-30 00:00:00</StartDate><EndDate>2013-05-29 00:00:00</EndDate><ListPrice>33.6442</ListPrice><ModifiedDate>2013-05-29 00:00:00</ModifiedDate></ProductListPriceHistory>
<ProductListPriceHistory><ProductID>711</ProductID><StartDate>2013-05-30 00:00:00</StartDate><EndDate></EndDate><ListPrice>34.9900</ListPrice><ModifiedDate>2013-05-09 00:00:00</ModifiedDate></ProductListPriceHistory>
<ProductListPriceHistory><ProductID>712</ProductID><StartDate>2011-05-31 00:00:00</StartDate><EndDate>2012-05-29 00:00:00</EndDate><ListPrice>8.6442</ListPrice><ModifiedDate>2012-05-29 00:00:00</ModifiedDate></ProductListPriceHistory>
<ProductListPriceHistory><ProductID>712</ProductID><StartDate>2012-05-30 00:00:00</StartDate><EndDate>2013-05-29 00:00:00</EndDate><ListPrice>8.6442</ListPrice><ModifiedDate>2013-05-29 00:00:00</ModifiedDate></ProductListPriceHistory>
<ProductListPriceHistory><ProductID>712</ProductID><StartDate>2013-05-30 00:00:00</StartDate><EndDate></EndDate><ListPrice>8.9900</ListPrice><ModifiedDate>2013-05-09 00:00:00</ModifiedDate></ProductListPriceHistory>
<ProductListPriceHistory><ProductID>713</ProductID><StartDate>2011-05-31 00:00:00</StartDate><EndDate>2012-05-29 00:00:00</EndDate><ListPrice>48.0673</ListPrice><ModifiedDate>2012-05-29 00:00:00</ModifiedDate></ProductListPriceHistory>
<ProductListPriceHistory><ProductID>713</ProductID><StartDate>2012-05-30 00:00:00</StartDate><EndDate>2013-05-29 00:00:00</EndDate><ListPrice>48.0673</ListPrice><ModifiedDate>2013-05-29 00:00:00</ModifiedDate></ProductListPriceHistory>
<ProductListPriceHistory><ProductID>713</ProductID><StartDate>2013-05-30 00:00:00</StartDate><EndDate></EndDate><ListPrice>49.9900</ListPrice><ModifiedDate>2013-05-09 00:00:00</ModifiedDate></ProductListPriceHistory>
<ProductListPriceHistory><ProductID>714</ProductID><StartDate>2011-05-31 00:00:00</StartDate><EndDate>2012-05-29 00:00:00</EndDate><ListPrice>48.0673</ListPrice><ModifiedDate>2012-05-29 00:00:00</ModifiedDate></ProductListPriceHistory>
<ProductListPriceHistory><ProductID>714</ProductID><StartDate>2012-05-30 00:00:00</StartDate><EndDate>2013-05-29 00:00:00</EndDate><ListPrice>48.0673</ListPrice><ModifiedDate>2013-05-29 00:00:00</ModifiedDate></ProductListPriceHistory>
<ProductListPriceHistory><ProductID>714</ProductID><StartDate>2013-05-30 00:00:00</StartDate><EndDate></EndDate><ListPrice>49.9900</ListPrice><ModifiedDate>2013-05-09 00:00:00</ModifiedDate></ProductListPriceHistory>
<ProductListPriceHistory><ProductID>715</ProductID><StartDate>2011-05-31 00:00:00</StartDate><EndDate>2012-05-29 00:00:00</EndDate><ListPrice>48.0673</ListPrice><ModifiedDate>2012-05-29 00:00:00</ModifiedDate></ProductListPriceHistory>
<ProductListPriceHistory><ProductID>715</ProductID><StartDate>2012-05-30 00:00:00</StartDate><EndDate>2013-05-29 00:00:00</EndDate><ListPrice>48.0673</ListPrice><ModifiedDate>2013-05-29 00:00:00</ModifiedDate></ProductListPriceHistory>
<ProductListPriceHistory><ProductID>715</ProductID><StartDate>2013-05-30 00:00:00</StartDate><EndDate></EndDate><ListPrice>49.9900</ListPrice><ModifiedDate>2013-05-09 00:00:00</ModifiedDate></ProductListPriceHistory>
<ProductListPriceHistory><ProductID>716</ProductID><StartDate>2011-05-31 00:00:00</StartDate><EndDate>2012-05-29 00:00:00</EndDate><ListPrice>48.0673</ListPrice><ModifiedDate>2012-05-29 00:00:00</ModifiedDate></ProductListPriceHistory>
<ProductListPriceHistory><ProductID>716</ProductID><StartDate>2012-05-30 00:00:00</StartDate><EndDate>2013-05-29 00:00:00</EndDate><ListPrice>48.0673</ListPrice><ModifiedDate>2013-05-29 00:00:00</ModifiedDate></ProductListPriceHistory>
<ProductListPriceHistory><ProductID>716</ProductID><StartDate>2013-05-30 00:00:00</StartDate><EndDate></EndDate><ListPrice>49.9900</ListPrice><ModifiedDate>2013-05-09 00:00:00</ModifiedDate></ProductListPriceHistory>
<ProductListPriceHistory><ProductID>717</ProductID><StartDate>2011-05-31 00:00:00</StartDate><EndDate>2012-05-29 00:00:00</EndDate><ListPrice>1263.4598</ListPrice><ModifiedDate>2012-05-29 00:00:00</ModifiedDate></ProductListPriceHistory>
<ProductListPriceHistory><ProductID>717</ProductID><StartDate>2012-05-30 00:00:00</StartDate><EndDate>2013-05-29 00:00:00</EndDate><ListPrice>1301.3636</ListPrice><ModifiedDate>2013-05-29 00:00:00</ModifiedDate></ProductListPriceHistory>
<ProductListPriceHistory><ProductID>717</ProductID><StartDate>2013-05-30 00:00:00</StartDate><EndDate></EndDate><ListPrice>1431.5000</ListPrice><ModifiedDate>2013-05-09 00:00:00</ModifiedDate></ProductListPriceHistory>
<ProductListPriceHistory><ProductID>718</ProductID><StartDate>2011-05-31 00:00:00</StartDate><EndDate>2012-05-29 00:00:00</EndDate><ListPrice>1263.4598</ListPrice><ModifiedDate>2012-05-29 00:00:00</ModifiedDate></ProductListPriceHistory>
<ProductListPriceHistory><ProductID>718</ProductID><StartDate>2012-05-30 00:00:00</StartDate><EndDate>2013-05-29 00:00:00</EndDate><ListPrice>1301.3636</ListPrice><ModifiedDate>2013-05-29 00:00:00</ModifiedDate></ProductListPriceHistory>
<ProductListPriceHistory><ProductID>718</ProductID><StartDate>2013-05-30 00:00:00</StartDate><EndDate></EndDate><ListPrice>1431.5000</ListPrice><ModifiedDate>2013-05-09 00:00:00</ModifiedDate></ProductListPriceHistory>
<ProductListPriceHistory><ProductID>719</ProductID><StartDate>2011-05-31 00:00:00</StartDate><EndDate>2012-05-29 00:00:00</EndDate><ListPrice>1263.4598</ListPrice><ModifiedDate>2012-05-29 00:00:00</ModifiedDate></ProductListPriceHistory>
<ProductListPriceHistory><ProductID>719</ProductID><StartDate>2012-05-30 00:00:00</StartDate><EndDate>2013-05-29 00:00:00</EndDate><ListPrice>1301.3636</ListPrice><ModifiedDate>2013-05-29 00:00:00</ModifiedDate></ProductListPriceHistory>
<ProductListPriceHistory><ProductID>719</ProductID><StartDate>2013-05-30 00:00:00</StartDate><EndDate></EndDate><ListPrice>1431.5000</ListPrice><ModifiedDate>2013-05-09 00:00:00</ModifiedDate></ProductListPriceHistory>
<ProductListPriceHistory><ProductID>720</ProductID><StartDate>2011-05-31 00:00:00</StartDate><EndDate>2012-05-29 00:00:00</EndDate><ListPrice>1263.4598</ListPrice><ModifiedDate>2012-05-29 00:00:00</ModifiedDate></ProductListPriceHistory>
<ProductListPriceHistory><ProductID>720</ProductID><StartDate>2012-05-30 00:00:00</StartDate><EndDate>2013-05-29 00:00:00</EndDate><ListPrice>1301.3636</ListPrice><ModifiedDate>2013-05-29 00:00:00</ModifiedDate></ProductListPriceHistory>
<ProductListPriceHistory><ProductID>720</ProductID><StartDate>2013-05-30 00:00:00</StartDate><EndDate></EndDate><ListPrice>1431.5000</ListPrice><ModifiedDate>2013-05-09 00:00:00</ModifiedDate></ProductListPriceHistory>
<ProductListPriceHistory><ProductID>721</ProductID><StartDate>2011-05-31 00:00:00</StartDate><EndDate>2012-05-29 00:00:00</EndDate><ListPrice>1263.4598</ListPrice><ModifiedDate>2012-05-29 00:00:00</ModifiedDate></ProductListPriceHistory>
<ProductListPriceHistory><ProductID>721</ProductID><StartDate>2012-05-30 00:00:00</StartDate><EndDate>2013-05-29 00:00:00</EndDate><ListPrice>1301.3636</ListPrice><ModifiedDate>2013-05-29 00:00:00</ModifiedDate></ProductListPriceHistory>
<ProductListPriceHistory><ProductID>721</ProductID><StartDate>2013-05-30 00:00:00</StartDate><EndDate></EndDate><ListPrice>1431.5000</ListPrice><ModifiedDate>2013-05-09 00:00:00</ModifiedDate></ProductListPriceHistory>
<ProductListPriceHistory><ProductID>722</ProductID><StartDate>2011-05-31 00:00:00</StartDate><EndDate>2012-05-29 00:00:00</EndDate><ListPrice>297.6346</ListPrice><ModifiedDate>2012-05-29 00:00:00</ModifiedDate></ProductListPriceHistory>
<ProductListPriceHistory><ProductID>722</ProductID><StartDate>2012-05-30 00:00:00</StartDate><EndDate>2013-05-29 00:00:00</EndDate><ListPrice>306.5636</ListPrice><ModifiedDate>2013-05-29 00:00:00</ModifiedDate></ProductListPriceHistory>
<ProductListPriceHistory><ProductID>722</ProductID><StartDate>2013-05-30 00:00:00</StartDate><EndDate></EndDate><ListPrice>337.2200</ListPrice><ModifiedDate>2013-05-09 00:00:00</ModifiedDate></ProductListPriceHistory>
<ProductListPriceHistory><ProductID>723</ProductID><StartDate>2011-05-31 00:00:00</StartDate><EndDate>2012-05-29 00:00:00</EndDate><ListPrice>297.6346</ListPrice><ModifiedDate>2012-05-29 00:00:00</ModifiedDate></ProductListPriceHistory>
<ProductListPriceHistory><ProductID>723</ProductID><StartDate>2012-05-30 00:00:00</StartDate><EndDate>2013-05-29 00:00:00</EndDate><ListPrice>306.5636</ListPrice><ModifiedDate>2013-05-29 00:00:00</ModifiedDate></ProductListPriceHistory>
<ProductListPriceHistory><ProductID>723</ProductID><StartDate>2013-05-30 00:00:00</StartDate><EndDate></EndDate><ListPrice>337.2200</ListPrice><ModifiedDate>2013-05-09 00:00:00</ModifiedDate></ProductListPriceHistory>
<ProductListPriceHistory><ProductID>724</ProductID><StartDate>2011-05-31 00:00:00</StartDate><EndDate>2012-05-29 00:00:00</EndDate><ListPrice>297.6346</ListPrice><ModifiedDate>2012-05-29 00:00:00</ModifiedDate></ProductListPriceHistory>
<ProductListPriceHistory><ProductID>724</ProductID><StartDate>2012-05-30 00:00:00</StartDate><EndDate>2013-05-29 00:00:00</EndDate><ListPrice>306.5636</ListPrice><ModifiedDate>2013-05-29 00:00:00</ModifiedDate></ProductListPriceHistory>
<ProductListPriceHistory><ProductID>724</ProductID><StartDate>2013-05-30 00:00:00</StartDate><EndDate></EndDate><ListPrice>337.2200</ListPrice><ModifiedDate>2013-05-09 00:00:00</ModifiedDate></ProductListPriceHistory>
<ProductListPriceHistory><ProductID>725</ProductID><StartDate>2011-05-31 00:00:00</StartDate><EndDate>2012-05-29 00:00:00</EndDate><ListPrice>306.5636</ListPrice><ModifiedDate>2012-05-29 00:00:00</ModifiedDate></ProductListPriceHistory>
<ProductListPriceHistory><ProductID>725</ProductID><StartDate>2012-05-30 00:00:00</StartDate><EndDate>2013-05-29 00:00:00</EndDate><ListPrice>337.2200</ListPrice><ModifiedDate>2013-05-29 00:00:00</ModifiedDate></ProductListPriceHistory>
<ProductListPriceHistory><ProductID>726</ProductID><StartDate>2011-05-31 00:00:00</StartDate><EndDate>2012-05-29 00:00:00</EndDate><ListPrice>306.5636</ListPrice><ModifiedDate>2012-05-29 00:00:00</ModifiedDate></ProductListPriceHistory>
<ProductListPriceHistory><ProductID>726</ProductID><StartDate>2012-05-30 00:00:00</StartDate><EndDate>2013-05-29 00:00:00</EndDate><ListPrice>337.2200</ListPrice><ModifiedDate>2013-05-29 00:00:00</ModifiedDate></ProductListPriceHistory>
<ProductListPriceHistory><ProductID>727</ProductID><StartDate>2011-05-31 00:00:00</StartDate><EndDate>2012-05-29 00:00:00</EndDate><ListPrice>306.5636</ListPrice><ModifiedDate>2012-05-29 00:00:00</ModifiedDate></ProductListPriceHistory>
<ProductListPriceHistory><ProductID>727</ProductID><StartDate>2012-05-30 00:00:00</StartDate><EndDate>2013-05-29 00:00:00</EndDate><ListPrice>337.2200</ListPrice><ModifiedDate>2013-05-29 00:00:00</ModifiedDate></ProductListPriceHistory>
<ProductListPriceHistory><ProductID>728</ProductID><StartDate>2011-05-31 00:00:00</StartDate><EndDate>2012-05-29 00:00:00</EndDate><ListPrice>306.5636</ListPrice><ModifiedDate>2012-05-29 00:00:00</ModifiedDate></ProductListPriceHistory>
<ProductListPriceHistory><ProductID>728</ProductID><StartDate>2012-05-30 00:00:00</StartDate><EndDate>2013-05-29 00:00:00</EndDate><ListPrice>337.2200</ListPrice><ModifiedDate>2013-05-29 00:00:00</ModifiedDate></ProductListPriceHistory>
<ProductListPriceHistory><ProductID>729</ProductID><StartDate>2011-05-31 00:00:00</StartDate><EndDate>2012-05-29 00:00:00</EndDate><ListPrice>306.5636</ListPrice><ModifiedDate>2012-05-29 00:00:00</ModifiedDate></ProductListPriceHistory>
<ProductListPriceHistory><ProductID>729</ProductID><StartDate>2012-05-30 00:00:00</StartDate><EndDate>2013-05-29 00:00:00</EndDate><ListPrice>337.2200</ListPrice><ModifiedDate>2013-05-29 00:00:00</ModifiedDate></ProductListPriceHistory>
<ProductListPriceHistory><ProductID>730</ProductID><StartDate>2011-05-31 00:00:00</StartDate><EndDate>2012-05-29 00:00:00</EndDate><ListPrice>306.5636</ListPrice><ModifiedDate>2012-05-29 00:00:00</ModifiedDate></ProductListPriceHistory>
<ProductListPriceHistory><ProductID>730</ProductID><StartDate>2012-05-30 00:00:00</StartDate><EndDate>2013-05-29 00:00:00</EndDate><ListPrice>337.2200</ListPrice><ModifiedDate>2013-05-29 00:00:00</ModifiedDate></ProductListPriceHistory>
<ProductListPriceHistory><ProductID>731</ProductID><StartDate>2011-05-31 00:00:00</StartDate><EndDate>2012-05-29 00:00:00</EndDate><ListPrice>594.8300</ListPrice><ModifiedDate>2012-05-29 00:00:00</ModifiedDate></ProductListPriceHistory>
<ProductListPriceHistory><ProductID>732</ProductID><StartDate>2011-05-31 00:00:00</StartDate><EndDate>2012-05-29 00:00:00</EndDate><ListPrice>594.8300</ListPrice><ModifiedDate>2012-05-29 00:00:00</ModifiedDate></ProductListPriceHistory>
<ProductListPriceHistory><ProductID>733</ProductID><StartDate>2011-05-31 00:00:00</StartDate><EndDate>2012-05-29 00:00:00</EndDate><ListPrice>594.8300</ListPrice><ModifiedDate>2012-05-29 00:00:00</ModifiedDate></ProductListPriceHistory>
<ProductListPriceHistory><ProductID>734</ProductID><StartDate>2011-05-31 00:00:00</StartDate><EndDate>2012-05-29 00:00:00</EndDate><ListPrice>594.8300</ListPrice><ModifiedDate>2012-05-29 00:00:00</ModifiedDate></ProductListPriceHistory>
<ProductListPriceHistory><ProductID>735</ProductID><StartDate>2011-05-31 00:00:00</StartDate><EndDate>2012-05-29 00:00:00</EndDate><ListPrice>594.8300</ListPrice><ModifiedDate>2012-05-29 00:00:00</ModifiedDate></ProductListPriceHistory>
<ProductListPriceHistory><ProductID>736</ProductID><StartDate>2011-05-31 00:00:00</StartDate><EndDate>2012-05-29 00:00:00</EndDate><ListPrice>297.6346</ListPrice><ModifiedDate>2012-05-29 00:00:00</ModifiedDate></ProductListPriceHistory>
<ProductListPriceHistory><ProductID>736</ProductID><StartDate>2012-05-30 00:00:00</StartDate><EndDate>2013-05-29 00:00:00</EndDate><ListPrice>306.5636</ListPrice><ModifiedDate>2013-05-29 00:00:00</ModifiedDate></ProductListPriceHistory>
<ProductListPriceHistory><ProductID>736</ProductID><StartDate>2013-05-30 00:00:00</StartDate><EndDate></EndDate><ListPrice>337.2200</ListPrice><ModifiedDate>2013-05-09 00:00:00</ModifiedDate></ProductListPriceHistory>
<ProductListPriceHistory><ProductID>737</ProductID><StartDate>2011-05-31 00:00:00</StartDate><EndDate>2012-05-29 00:00:00</EndDate><ListPrice>297.6346</ListPrice><ModifiedDate>2012-05-29 00:00:00</ModifiedDate></ProductListPriceHistory>
<ProductListPriceHistory><ProductID>737</ProductID><StartDate>2012-05-30 00:00:00</StartDate><EndDate>2013-05-29 00:00:00</EndDate><ListPrice>306.5636</ListPrice><ModifiedDate>2013-05-29 00:00:00</ModifiedDate></ProductListPriceHistory>
<ProductListPriceHistory><ProductID>737</ProductID><StartDate>2013-05-30 00:00:00</StartDate><EndDate></EndDate><ListPrice>337.2200</ListPrice><ModifiedDate>2013-05-09 00:00:00</ModifiedDate></ProductListPriceHistory>
<ProductListPriceHistory><ProductID>738</ProductID><StartDate>2011-05-31 00:00:00</StartDate><EndDate>2012-05-29 00:00:00</EndDate><ListPrice>297.6346</ListPrice><ModifiedDate>2012-05-29 00:00:00</ModifiedDate></ProductListPriceHistory>
<ProductListPriceHistory><ProductID>738</ProductID><StartDate>2012-05-30 00:00:00</StartDate><EndDate>2013-05-29 00:00:00</EndDate><ListPrice>306.5636</ListPrice><ModifiedDate>2013-05-29 00:00:00</ModifiedDate></ProductListPriceHistory>
<ProductListPriceHistory><ProductID>738</ProductID><StartDate>2013-05-30 00:00:00</StartDate><EndDate></EndDate><ListPrice>337.2200</ListPrice><ModifiedDate>2013-05-09 00:00:00</ModifiedDate></ProductListPriceHistory>
<ProductListPriceHistory><ProductID>739</ProductID><StartDate>2011-05-31 00:00:00</StartDate><EndDate>2012-05-29 00:00:00</EndDate><ListPrice>1204.3248</ListPrice><ModifiedDate>2012-05-29 00:00:00</ModifiedDate></ProductListPriceHistory>
<ProductListPriceHistory><ProductID>739</ProductID><StartDate>2012-05-30 00:00:00</StartDate><EndDate>2013-05-29 00:00:00</EndDate><ListPrice>1240.4545</ListPrice><ModifiedDate>2013-05-29 00:00:00</ModifiedDate></ProductListPriceHistory>
<ProductListPriceHistory><ProductID>739</ProductID><StartDate>2013-05-30 00:00:00</StartDate><EndDate></EndDate><ListPrice>1364.5000</ListPrice><ModifiedDate>2013-05-09 00:00:00</ModifiedDate></ProductListPriceHistory>
<ProductListPriceHistory><ProductID>740</ProductID><StartDate>2011-05-31 00:00:00</StartDate><EndDate>2012-05-29 00:00:00</EndDate><ListPrice>1364.5000</ListPrice><ModifiedDate>2012-05-29 00:00:00</ModifiedDate></ProductListPriceHistory>
<ProductListPriceHistory><ProductID>741</ProductID><StartDate>2011-05-31 00:00:00</StartDate><EndDate>2012-05-29 00:00:00</EndDate><ListPrice>1364.5000</ListPrice><ModifiedDate>2012-05-29 00:00:00</ModifiedDate></ProductListPriceHistory>
<ProductListPriceHistory><ProductID>742</ProductID><StartDate>2011-05-31 00:00:00</StartDate><EndDate>2012-05-29 00:00:00</EndDate><ListPrice>1204.3248</ListPrice><ModifiedDate>2012-05-29 00:00:00</ModifiedDate></ProductListPriceHistory>
<ProductListPriceHistory><ProductID>742</ProductID><StartDate>2012-05-30 00:00:00</StartDate><EndDate>2013-05-29 00:00:00</EndDate><ListPrice>1240.4545</ListPrice><ModifiedDate>2013-05-29 00:00:00</ModifiedDate></ProductListPriceHistory>
<ProductListPriceHistory><ProductID>742</ProductID><StartDate>2013-05-30 00:00:00</StartDate><EndDate></EndDate><ListPrice>1364.5000</ListPrice><ModifiedDate>2013-05-09 00:00:00</ModifiedDate></ProductListPriceHistory>
<ProductListPriceHistory><ProductID>743</ProductID><StartDate>2011-05-31 00:00:00</StartDate><EndDate>2012-05-29 00:00:00</EndDate><ListPrice>1191.1739</ListPrice><ModifiedDate>2012-05-29 00:00:00</ModifiedDate></ProductListPriceHistory>
<ProductListPriceHistory><ProductID>743</ProductID><StartDate>2012-05-30 00:00:00</StartDate><EndDate>2013-05-29 00:00:00</EndDate><ListPrice>1226.9091</ListPrice><ModifiedDate>2013-05-29 00:00:00</ModifiedDate></ProductListPriceHistory>
<ProductListPriceHistory><ProductID>743</ProductID><StartDate>2013-05-30 00:00:00</StartDate><EndDate></EndDate><ListPrice>1349.6000</ListPrice><ModifiedDate>2013-05-09 00:00:00</ModifiedDate></ProductListPriceHistory>
<ProductListPriceHistory><ProductID>744</ProductID><StartDate>2011-05-31 00:00:00</StartDate><EndDate>2012-05-29 00:00:00</EndDate><ListPrice>1349.6000</ListPrice><ModifiedDate>2012-05-29 00:00:00</ModifiedDate></ProductListPriceHistory>
<ProductListPriceHistory><ProductID>745</ProductID><StartDate>2011-05-31 00:00:00</StartDate><EndDate>2012-05-29 00:00:00</EndDate><ListPrice>1349.6000</ListPrice><ModifiedDate>2012-05-29 00:00:00</ModifiedDate></ProductListPriceHistory>
<ProductListPriceHistory><ProductID>746</ProductID><StartDate>2011-05-31 00:00:00</StartDate><EndDate>2012-05-29 00:00:00</EndDate><ListPrice>1191.1739</ListPrice><ModifiedDate>2012-05-29 00:00:00</ModifiedDate></ProductListPriceHistory>
<ProductListPriceHistory><ProductID>746</ProductID><StartDate>2012-05-30 00:00:00</StartDate><EndDate>2013-05-29 00:00:00</EndDate><ListPrice>1226.9091</ListPrice><ModifiedDate>2013-05-29 00:00:00</ModifiedDate></ProductListPriceHistory>
<ProductListPriceHistory><ProductID>746</ProductID><StartDate>2013-05-30 00:00:00</StartDate><EndDate></EndDate><ListPrice>1349.6000</ListPrice><ModifiedDate>2013-05-09 00:00:00</ModifiedDate></ProductListPriceHistory>
<ProductListPriceHistory><ProductID>747</ProductID><StartDate>2011-05-31 00:00:00</StartDate><EndDate>2012-05-29 00:00:00</EndDate><ListPrice>1191.1739</ListPrice><ModifiedDate>2012-05-29 00:00:00</ModifiedDate></ProductListPriceHistory>
<ProductListPriceHistory><ProductID>747</ProductID><StartDate>2012-05-30 00:00:00</StartDate><EndDate>2013-05-29 00:00:00</EndDate><ListPrice>1226.9091</ListPrice><ModifiedDate>2013-05-29 00:00:00</ModifiedDate></ProductListPriceHistory>
<ProductListPriceHistory><ProductID>747</ProductID><StartDate>2013-05-30 00:00:00</StartDate><EndDate></EndDate><ListPrice>1349.6000</ListPrice><ModifiedDate>2013-05-09 00:00:00</ModifiedDate></ProductListPriceHistory>
<ProductListPriceHistory><ProductID>748</ProductID><StartDate>2011-05-31 00:00:00</StartDate><EndDate>2012-05-29 00:00:00</EndDate><ListPrice>1204.3248</ListPrice><ModifiedDate>2012-05-29 00:00:00</ModifiedDate></ProductListPriceHistory>
<ProductListPriceHistory><ProductID>748</ProductID><StartDate>2012-05-30 00:00:00</StartDate><EndDate>2013-05-29 00:00:00</EndDate><ListPrice>1240.4545</ListPrice><ModifiedDate>2013-05-29 00:00:00</ModifiedDate></ProductListPriceHistory>
<ProductListPriceHistory><ProductID>748</ProductID><StartDate>2013-05-30 00:00:00</StartDate><EndDate></EndDate><ListPrice>1364.5000</ListPrice><ModifiedDate>2013-05-09 00:00:00</ModifiedDate></ProductListPriceHistory>
<ProductListPriceHistory><ProductID>749</ProductID><StartDate>2011-05-31 00:00:00</StartDate><EndDate>2012-05-29 00:00:00</EndDate><ListPrice>3578.2700</ListPrice><ModifiedDate>2012-05-29 00:00:00</ModifiedDate></ProductListPriceHistory>
<ProductListPriceHistory><ProductID>750</ProductID><StartDate>2011-05-31 00:00:00</StartDate><EndDate>2012-05-29 00:00:00</EndDate><ListPrice>3578.2700</ListPrice><ModifiedDate>2012-05-29 00:00:00</ModifiedDate></ProductListPriceHistory>
<ProductListPriceHistory><ProductID>751</ProductID><StartDate>2011-05-31 00:00:00</StartDate><EndDate>2012-05-29 00:00:00</EndDate><ListPrice>3578.2700</ListPrice><ModifiedDate>2012-05-29 00:00:00</ModifiedDate></ProductListPriceHistory>
<ProductListPriceHistory><ProductID>752</ProductID><StartDate>2011-05-31 00:00:00</StartDate><EndDate>2012-05-29 00:00:00</EndDate><ListPrice>3578.2700</ListPrice><ModifiedDate>2012-05-29 00:00:00</ModifiedDate></ProductListPriceHistory>
<ProductListPriceHistory><ProductID>753</ProductID><StartDate>2011-05-31 00:00:00</StartDate><EndDate>2012-05-29 00:00:00</EndDate><ListPrice>3578.2700</ListPrice><ModifiedDate>2012-05-29 00:00:00</ModifiedDate></ProductListPriceHistory>
<ProductListPriceHistory><ProductID>754</ProductID><StartDate>2011-05-31 00:00:00</StartDate><EndDate>2012-05-29 00:00:00</EndDate><ListPrice>1457.9900</ListPrice><ModifiedDate>2012-05-29 00:00:00</ModifiedDate></ProductListPriceHistory>
<ProductListPriceHistory><ProductID>755</ProductID><StartDate>2011-05-31 00:00:00</StartDate><EndDate>2012-05-29 00:00:00</EndDate><ListPrice>1457.9900</ListPrice><ModifiedDate>2012-05-29 00:00:00</ModifiedDate></ProductListPriceHistory>
<ProductListPriceHistory><ProductID>756</ProductID><StartDate>2011-05-31 00:00:00</StartDate><EndDate>2012-05-29 00:00:00</EndDate><ListPrice>1457.9900</ListPrice><ModifiedDate>2012-05-29 00:00:00</ModifiedDate></ProductListPriceHistory>
<ProductListPriceHistory><ProductID>757</ProductID><StartDate>2011-05-31 00:00:00</StartDate><EndDate>2012-05-29 00:00:00</EndDate><ListPrice>1457.9900</ListPrice><ModifiedDate>2012-05-29 00:00:00</ModifiedDate></ProductListPriceHistory>
<ProductListPriceHistory><ProductID>758</ProductID><StartDate>2011-05-31 00:00:00</StartDate><EndDate>2012-05-29 00:00:00</EndDate><ListPrice>1457.9900</ListPrice><ModifiedDate>2012-05-29 00:00:00</ModifiedDate></ProductListPriceHistory>
<ProductListPriceHistory><ProductID>759</ProductID><StartDate>2011-05-31 00:00:00</StartDate><EndDate>2012-05-29 00:00:00</EndDate><ListPrice>699.0982</ListPrice><ModifiedDate>2012-05-29 00:00:00</ModifiedDate></ProductListPriceHistory>
<ProductListPriceHistory><ProductID>759</ProductID><StartDate>2012-05-30 00:00:00</StartDate><EndDate>2013-05-29 00:00:00</EndDate><ListPrice>782.9900</ListPrice><ModifiedDate>2013-05-29 00:00:00</ModifiedDate></ProductListPriceHistory>
<ProductListPriceHistory><ProductID>760</ProductID><StartDate>2011-05-31 00:00:00</StartDate><EndDate>2012-05-29 00:00:00</EndDate><ListPrice>699.0982</ListPrice><ModifiedDate>2012-05-29 00:00:00</ModifiedDate></ProductListPriceHistory>
<ProductListPriceHistory><ProductID>760</ProductID><StartDate>2012-05-30 00:00:00</StartDate><EndDate>2013-05-29 00:00:00</EndDate><ListPrice>782.9900</ListPrice><ModifiedDate>2013-05-29 00:00:00</ModifiedDate></ProductListPriceHistory>
<ProductListPriceHistory><ProductID>761</ProductID><StartDate>2011-05-31 00:00:00</StartDate><EndDate>2012-05-29 00:00:00</EndDate><ListPrice>699.0982</ListPrice><ModifiedDate>2012-05-29 00:00:00</ModifiedDate></ProductListPriceHistory>
<ProductListPriceHistory><ProductID>761</ProductID><StartDate>2012-05-30 00:00:00</StartDate><EndDate>2013-05-29 00:00:00</EndDate><ListPrice>782.9900</ListPrice><ModifiedDate>2013-05-29 00:00:00</ModifiedDate></ProductListPriceHistory>
<ProductListPriceHistory><ProductID>762</ProductID><StartDate>2011-05-31 00:00:00</StartDate><EndDate>2012-05-29 00:00:00</EndDate><ListPrice>699.0982</ListPrice><ModifiedDate>2012-05-29 00:00:00</ModifiedDate></ProductListPriceHistory>
<ProductListPriceHistory><ProductID>762</ProductID><StartDate>2012-05-30 00:00:00</StartDate><EndDate>2013-05-29 00:00:00</EndDate><ListPrice>782.9900</ListPrice><ModifiedDate>2013-05-29 00:00:00</ModifiedDate></ProductListPriceHistory>
<ProductListPriceHistory><ProductID>763</ProductID><StartDate>2011-05-31 00:00:00</StartDate><EndDate>2012-05-29 00:00:00</EndDate><ListPrice>699.0982</ListPrice><ModifiedDate>2012-05-29 00:00:00</ModifiedDate></ProductListPriceHistory>
<ProductListPriceHistory><ProductID>763</ProductID><StartDate>2012-05-30 00:00:00</StartDate><EndDate>2013-05-29 00:00:00</EndDate><ListPrice>782.9900</ListPrice><ModifiedDate>2013-05-29 00:00:00</ModifiedDate></ProductListPriceHistory>
<ProductListPriceHistory><ProductID>764</ProductID><StartDate>2011-05-31 00:00:00</StartDate><EndDate>2012-05-29 00:00:00</EndDate><ListPrice>699.0982</ListPrice><ModifiedDate>2012-05-29 00:00:00</ModifiedDate></ProductListPriceHistory>
<ProductListPriceHistory><ProductID>764</ProductID><StartDate>2012-05-30 00:00:00</StartDate><EndDate>2013-05-29 00:00:00</EndDate><ListPrice>782.9900</ListPrice><ModifiedDate>2013-05-29 00:00:00</ModifiedDate></ProductListPriceHistory>
<ProductListPriceHistory><ProductID>765</ProductID><StartDate>2011-05-31 00:00:00</StartDate><EndDate>2012-05-29 00:00:00</EndDate><ListPrice>699.0982</ListPrice><ModifiedDate>2012-05-29 00:00:00</ModifiedDate></ProductListPriceHistory>
<ProductListPriceHistory><ProductID>765</ProductID><StartDate>2012-05-30 00:00:00</StartDate><EndDate>2013-05-29 00:00:00</EndDate><ListPrice>782.9900</ListPrice><ModifiedDate>2013-05-29 00:00:00</ModifiedDate></ProductListPriceHistory>
<ProductListPriceHistory><ProductID>766</ProductID><StartDate>2011-05-31 00:00:00</StartDate><EndDate>2012-05-29 00:00:00</EndDate><ListPrice>699.0982</ListPrice><ModifiedDate>2012-05-29 00:00:00</ModifiedDate></ProductListPriceHistory>
<ProductListPriceHistory><ProductID>766</ProductID><StartDate>2012-05-30 00:00:00</StartDate><EndDate>2013-05-29 00:00:00</EndDate><ListPrice>782.9900</ListPrice><ModifiedDate>2013-05-29 00:00:00</ModifiedDate></ProductListPriceHistory>
<ProductListPriceHistory><ProductID>767</ProductID><StartDate>2011-05-31 00:00:00</StartDate><EndDate>2012-05-29 00:00:00</EndDate><ListPrice>699.0982</ListPrice><ModifiedDate>2012-05-29 00:00:00</ModifiedDate></ProductListPriceHistory>
<ProductListPriceHistory><ProductID>767</ProductID><StartDate>2012-05-30 00:00:00</StartDate><EndDate>2013-05-29 00:00:00</EndDate><ListPrice>782.9900</ListPrice><ModifiedDate>2013-05-29 00:00:00</ModifiedDate></ProductListPriceHistory>
<ProductListPriceHistory><ProductID>768</ProductID><StartDate>2011-05-31 00:00:00</StartDate><EndDate>2012-05-29 00:00:00</EndDate><ListPrice>699.0982</ListPrice><ModifiedDate>2012-05-29 00:00:00</ModifiedDate></ProductListPriceHistory>
<ProductListPriceHistory><ProductID>768</ProductID><StartDate>2012-05-30 00:00:00</StartDate><EndDate>2013-05-29 00:00:00</EndDate><ListPrice>782.9900</ListPrice><ModifiedDate>2013-05-29 00:00:00</ModifiedDate></ProductListPriceHistory>
<ProductListPriceHistory><ProductID>769</ProductID><StartDate>2011-05-31 00:00:00</StartDate><EndDate>2012-05-29 00:00:00</EndDate><ListPrice>699.0982</ListPrice><ModifiedDate>2012-05-29 00:00:00</ModifiedDate></ProductListPriceHistory>
<ProductListPriceHistory><ProductID>769</ProductID><StartDate>2012-05-30 00:00:00</StartDate><EndDate>2013-05-29 00:00:00</EndDate><ListPrice>782.9900</ListPrice><ModifiedDate>2013-05-29 00:00:00</ModifiedDate></ProductListPriceHistory>
<ProductListPriceHistory><ProductID>770</ProductID><StartDate>2011-05-31 00:00:00</StartDate><EndDate>2012-05-29 00:00:00</EndDate><ListPrice>699.0982</ListPrice><ModifiedDate>2012-05-29 00:00:00</ModifiedDate></ProductListPriceHistory>
<ProductListPriceHistory><ProductID>770</ProductID><StartDate>2012-05-30 00:00:00</StartDate><EndDate>2013-05-29 00:00:00</EndDate><ListPrice>782.9900</ListPrice><ModifiedDate>2013-05-29 00:00:00</ModifiedDate></ProductListPriceHistory>
<ProductListPriceHistory><ProductID>771</ProductID><StartDate>2011-05-31 00:00:00</StartDate><EndDate>2012-05-29 00:00:00</EndDate><ListPrice>3399.9900</ListPrice><ModifiedDate>2012-05-29 00:00:00</ModifiedDate></ProductListPriceHistory>
<ProductListPriceHistory><ProductID>772</ProductID><StartDate>2011-05-31 00:00:00</StartDate><EndDate>2012-05-29 00:00:00</EndDate><ListPrice>3399.9900</ListPrice><ModifiedDate>2012-05-29 00:00:00</ModifiedDate></ProductListPriceHistory>
<ProductListPriceHistory><ProductID>773</ProductID><StartDate>2011-05-31 00:00:00</StartDate><EndDate>2012-05-29 00:00:00</EndDate><ListPrice>3399.9900</ListPrice><ModifiedDate>2012-05-29 00:00:00</ModifiedDate></ProductListPriceHistory>
<ProductListPriceHistory><ProductID>774</ProductID><StartDate>2011-05-31 00:00:00</StartDate><EndDate>2012-05-29 00:00:00</EndDate><ListPrice>3399.9900</ListPrice><ModifiedDate>2012-05-29 00:00:00</ModifiedDate></ProductListPriceHistory>
<ProductListPriceHistory><ProductID>775</ProductID><StartDate>2011-05-31 00:00:00</StartDate><EndDate>2012-05-29 00:00:00</EndDate><ListPrice>3374.9900</ListPrice><ModifiedDate>2012-05-29 00:00:00</ModifiedDate></ProductListPriceHistory>
<ProductListPriceHistory><ProductID>776</ProductID><StartDate>2011-05-31 00:00:00</StartDate><EndDate>2012-05-29 00:00:00</EndDate><ListPrice>3374.9900</ListPrice><ModifiedDate>2012-05-29 00:00:00</ModifiedDate></ProductListPriceHistory>
<ProductListPriceHistory><ProductID>777</ProductID><StartDate>2011-05-31 00:00:00</StartDate><EndDate>2012-05-29 00:00:00</EndDate><ListPrice>3374.9900</ListPrice><ModifiedDate>2012-05-29 00:00:00</ModifiedDate></ProductListPriceHistory>
<ProductListPriceHistory><ProductID>778</ProductID><StartDate>2011-05-31 00:00:00</StartDate><EndDate>2012-05-29 00:00:00</EndDate><ListPrice>3374.9900</ListPrice><ModifiedDate>2012-05-29 00:00:00</ModifiedDate></ProductListPriceHistory>
<ProductListPriceHistory><ProductID>779</ProductID><StartDate>2012-05-30 00:00:00</StartDate><EndDate>2013-05-29 00:00:00</EndDate><ListPrice>2071.4196</ListPrice><ModifiedDate>2013-05-29 00:00:00</ModifiedDate></ProductListPriceHistory>
<ProductListPriceHistory><ProductID>779</ProductID><StartDate>2013-05-30 00:00:00</StartDate><EndDate></EndDate><ListPrice>2319.9900</ListPrice><ModifiedDate>2013-05-09 00:00:00</ModifiedDate></ProductListPriceHistory>
<ProductListPriceHistory><ProductID>780</ProductID><StartDate>2012-05-30 00:00:00</StartDate><EndDate>2013-05-29 00:00:00</EndDate><ListPrice>2071.4196</ListPrice><ModifiedDate>2013-05-29 00:00:00</ModifiedDate></ProductListPriceHistory>
<ProductListPriceHistory><ProductID>780</ProductID><StartDate>2013-05-30 00:00:00</StartDate><EndDate></EndDate><ListPrice>2319.9900</ListPrice><ModifiedDate>2013-05-09 00:00:00</ModifiedDate></ProductListPriceHistory>
<ProductListPriceHistory><ProductID>781</ProductID><StartDate>2012-05-30 00:00:00</StartDate><EndDate>2013-05-29 00:00:00</EndDate><ListPrice>2071.4196</ListPrice><ModifiedDate>2013-05-29 00:00:00</ModifiedDate></ProductListPriceHistory>
<ProductListPriceHistory><ProductID>781</ProductID><StartDate>2013-05-30 00:00:00</StartDate><EndDate></EndDate><ListPrice>2319.9900</ListPrice><ModifiedDate>2013-05-09 00:00:00</ModifiedDate></ProductListPriceHistory>
<ProductListPriceHistory><ProductID>782</ProductID><StartDate>2012-05-30 00:00:00</StartDate><EndDate>2013-05-29 00:00:00</EndDate><ListPrice>2049.0982</ListPrice><ModifiedDate>2013-05-29 00:00:00</ModifiedDate></ProductListPriceHistory>
<ProductListPriceHistory><ProductID>782</ProductID><StartDate>2013-05-30 00:00:00</StartDate><EndDate></EndDate><ListPrice>2294.9900</ListPrice><ModifiedDate>2013-05-09 00:00:00</ModifiedDate></ProductListPriceHistory>
<ProductListPriceHistory><ProductID>783</ProductID><StartDate>2012-05-30 00:00:00</StartDate><EndDate>2013-05-29 00:00:00</EndDate><ListPrice>2049.0982</ListPrice><ModifiedDate>2013-05-29 00:00:00</ModifiedDate></ProductListPriceHistory>
<ProductListPriceHistory><ProductID>783</ProductID><StartDate>2013-05-30 00:00:00</StartDate><EndDate></EndDate><ListPrice>2294.9900</ListPrice><ModifiedDate>2013-05-09 00:00:00</ModifiedDate></ProductListPriceHistory>
<ProductListPriceHistory><ProductID>784</ProductID><StartDate>2012-05-30 00:00:00</StartDate><EndDate>2013-05-29 00:00:00</EndDate><ListPrice>2049.0982</ListPrice><ModifiedDate>2013-05-29 00:00:00</ModifiedDate></ProductListPriceHistory>
<ProductListPriceHistory><ProductID>784</ProductID><StartDate>2013-05-30 00:00:00</StartDate><EndDate></EndDate><ListPrice>2294.9900</ListPrice><ModifiedDate>2013-05-09 00:00:00</ModifiedDate></ProductListPriceHistory>
<ProductListPriceHistory><ProductID>785</ProductID><StartDate>2012-05-30 00:00:00</StartDate><EndDate>2013-05-29 00:00:00</EndDate><ListPrice>1079.9900</ListPrice><ModifiedDate>2013-05-29 00:00:00</ModifiedDate></ProductListPriceHistory>
<ProductListPriceHistory><ProductID>786</ProductID><StartDate>2012-05-30 00:00:00</StartDate><EndDate>2013-05-29 00:00:00</EndDate><ListPrice>1079.9900</ListPrice><ModifiedDate>2013-05-29 00:00:00</ModifiedDate></ProductListPriceHistory>
<ProductListPriceHistory><ProductID>787</ProductID><StartDate>2012-05-30 00:00:00</StartDate><EndDate>2013-05-29 00:00:00</EndDate><ListPrice>1079.9900</ListPrice><ModifiedDate>2013-05-29 00:00:00</ModifiedDate></ProductListPriceHistory>
<ProductListPriceHistory><ProductID>788</ProductID><StartDate>2012-05-30 00:00:00</StartDate><EndDate>2013-05-29 00:00:00</EndDate><ListPrice>1079.9900</ListPrice><ModifiedDate>2013-05-29 00:00:00</ModifiedDate></ProductListPriceHistory>
<ProductListPriceHistory><ProductID>789</ProductID><StartDate>2012-05-30 00:00:00</StartDate><EndDate>2013-05-29 00:00:00</EndDate><ListPrice>2443.3500</ListPrice><ModifiedDate>2013-05-29 00:00:00</ModifiedDate></ProductListPriceHistory>
<ProductListPriceHistory><ProductID>790</ProductID><StartDate>2012-05-30 00:00:00</StartDate><EndDate>2013-05-29 00:00:00</EndDate><ListPrice>2443.3500</ListPrice><ModifiedDate>2013-05-29 00:00:00</ModifiedDate></ProductListPriceHistory>
<ProductListPriceHistory><ProductID>791</ProductID><StartDate>2012-05-30 00:00:00</StartDate><EndDate>2013-05-29 00:00:00</EndDate><ListPrice>2443.3500</ListPrice><ModifiedDate>2013-05-29 00:00:00</ModifiedDate></ProductListPriceHistory>
<ProductListPriceHistory><ProductID>792</ProductID><StartDate>2012-05-30 00:00:00</StartDate><EndDate>2013-05-29 00:00:00</EndDate><ListPrice>2181.5625</ListPrice><ModifiedDate>2013-05-29 00:00:00</ModifiedDate></ProductListPriceHistory>
<ProductListPriceHistory><ProductID>792</ProductID><StartDate>2013-05-30 00:00:00</StartDate><EndDate></EndDate><ListPrice>2443.3500</ListPrice><ModifiedDate>2013-05-09 00:00:00</ModifiedDate></ProductListPriceHistory>
<ProductListPriceHistory><ProductID>793</ProductID><StartDate>2012-05-30 00:00:00</StartDate><EndDate>2013-05-29 00:00:00</EndDate><ListPrice>2181.5625</ListPrice><ModifiedDate>2013-05-29 00:00:00</ModifiedDate></ProductListPriceHistory>
<ProductListPriceHistory><ProductID>793</ProductID><StartDate>2013-05-30 00:00:00</StartDate><EndDate></EndDate><ListPrice>2443.3500</ListPrice><ModifiedDate>2013-05-09 00:00:00</ModifiedDate></ProductListPriceHistory>
<ProductListPriceHistory><ProductID>794</ProductID><StartDate>2012-05-30 00:00:00</StartDate><EndDate>2013-05-29 00:00:00</EndDate><ListPrice>2181.5625</ListPrice><ModifiedDate>2013-05-29 00:00:00</ModifiedDate></ProductListPriceHistory>
<ProductListPriceHistory><ProductID>794</ProductID><StartDate>2013-05-30 00:00:00</StartDate><EndDate></EndDate><ListPrice>2443.3500</ListPrice><ModifiedDate>2013-05-09 00:00:00</ModifiedDate></ProductListPriceHistory>
<ProductListPriceHistory><ProductID>795</ProductID><StartDate>2012-05-30 00:00:00</StartDate><EndDate>2013-05-29 00:00:00</EndDate><ListPrice>2181.5625</ListPrice><ModifiedDate>2013-05-29 00:00:00</ModifiedDate></ProductListPriceHistory>
<ProductListPriceHistory><ProductID>795</ProductID><StartDate>2013-05-30 00:00:00</StartDate><EndDate></EndDate><ListPrice>2443.3500</ListPrice><ModifiedDate>2013-05-09 00:00:00</ModifiedDate></ProductListPriceHistory>
<ProductListPriceHistory><ProductID>796</ProductID><StartDate>2012-05-30 00:00:00</StartDate><EndDate>2013-05-29 00:00:00</EndDate><ListPrice>2181.5625</ListPrice><ModifiedDate>2013-05-29 00:00:00</ModifiedDate></ProductListPriceHistory>
<ProductListPriceHistory><ProductID>796</ProductID><StartDate>2013-05-30 00:00:00</StartDate><EndDate></EndDate><ListPrice>2443.3500</ListPrice><ModifiedDate>2013-05-09 00:00:00</ModifiedDate></ProductListPriceHistory>
<ProductListPriceHistory><ProductID>797</ProductID><StartDate>2012-05-30 00:00:00</StartDate><EndDate>2013-05-29 00:00:00</EndDate><ListPrice>1000.4375</ListPrice><ModifiedDate>2013-05-29 00:00:00</ModifiedDate></ProductListPriceHistory>
<ProductListPriceHistory><ProductID>797</ProductID><StartDate>2013-05-30 00:00:00</StartDate><EndDate></EndDate><ListPrice>1120.4900</ListPrice><ModifiedDate>2013-05-09 00:00:00</ModifiedDate></ProductListPriceHistory>
<ProductListPriceHistory><ProductID>798</ProductID><StartDate>2012-05-30 00:00:00</StartDate><EndDate>2013-05-29 00:00:00</EndDate><ListPrice>1000.4375</ListPrice><ModifiedDate>2013-05-29 00:00:00</ModifiedDate></ProductListPriceHistory>
<ProductListPriceHistory><ProductID>798</ProductID><StartDate>2013-05-30 00:00:00</StartDate><EndDate></EndDate><ListPrice>1120.4900</ListPrice><ModifiedDate>2013-05-09 00:00:00</ModifiedDate></ProductListPriceHistory>
<ProductListPriceHistory><ProductID>799</ProductID><StartDate>2012-05-30 00:00:00</StartDate><EndDate>2013-05-29 00:00:00</EndDate><ListPrice>1000.4375</ListPrice><ModifiedDate>2013-05-29 00:00:00</ModifiedDate></ProductListPriceHistory>
<ProductListPriceHistory><ProductID>799</ProductID><StartDate>2013-05-30 00:00:00</StartDate><EndDate></EndDate><ListPrice>1120.4900</ListPrice><ModifiedDate>2013-05-09 00:00:00</ModifiedDate></ProductListPriceHistory>
<ProductListPriceHistory><ProductID>800</ProductID><StartDate>2012-05-30 00:00:00</StartDate><EndDate>2013-05-29 00:00:00</EndDate><ListPrice>1000.4375</ListPrice><ModifiedDate>2013-05-29 00:00:00</ModifiedDate></ProductListPriceHistory>
<ProductListPriceHistory><ProductID>800</ProductID><StartDate>2013-05-30 00:00:00</StartDate><EndDate></EndDate><ListPrice>1120.4900</ListPrice><ModifiedDate>2013-05-09 00:00:00</ModifiedDate></ProductListPriceHistory>
<ProductListPriceHistory><ProductID>801</ProductID><StartDate>2012-05-30 00:00:00</StartDate><EndDate>2013-05-29 00:00:00</EndDate><ListPrice>1000.4375</ListPrice><ModifiedDate>2013-05-29 00:00:00</ModifiedDate></ProductListPriceHistory>
<ProductListPriceHistory><ProductID>801</ProductID><StartDate>2013-05-30 00:00:00</StartDate><EndDate></EndDate><ListPrice>1120.4900</ListPrice><ModifiedDate>2013-05-09 00:00:00</ModifiedDate></ProductListPriceHistory>
<ProductListPriceHistory><ProductID>802</ProductID><StartDate>2012-05-30 00:00:00</StartDate><EndDate>2013-05-29 00:00:00</EndDate><ListPrice>148.2200</ListPrice><ModifiedDate>2013-05-29 00:00:00</ModifiedDate></ProductListPriceHistory>
<ProductListPriceHistory><ProductID>803</ProductID><StartDate>2012-05-30 00:00:00</StartDate><EndDate>2013-05-29 00:00:00</EndDate><ListPrice>175.4900</ListPrice><ModifiedDate>2013-05-29 00:00:00</ModifiedDate></ProductListPriceHistory>
<ProductListPriceHistory><ProductID>804</ProductID><StartDate>2012-05-30 00:00:00</StartDate><EndDate>2013-05-29 00:00:00</EndDate><ListPrice>229.4900</ListPrice><ModifiedDate>2013-05-29 00:00:00</ModifiedDate></ProductListPriceHistory>
<ProductListPriceHistory><ProductID>805</ProductID><StartDate>2012-05-30 00:00:00</StartDate><EndDate>2013-05-29 00:00:00</EndDate><ListPrice>34.2000</ListPrice><ModifiedDate>2013-05-29 00:00:00</ModifiedDate></ProductListPriceHistory>
<ProductListPriceHistory><ProductID>806</ProductID><StartDate>2012-05-30 00:00:00</StartDate><EndDate>2013-05-29 00:00:00</EndDate><ListPrice>102.2900</ListPrice><ModifiedDate>2013-05-29 00:00:00</ModifiedDate></ProductListPriceHistory>
<ProductListPriceHistory><ProductID>807</ProductID><StartDate>2012-05-30 00:00:00</StartDate><EndDate>2013-05-29 00:00:00</EndDate><ListPrice>124.7300</ListPrice><ModifiedDate>2013-05-29 00:00:00</ModifiedDate></ProductListPriceHistory>
<ProductListPriceHistory><ProductID>808</ProductID><StartDate>2012-05-30 00:00:00</StartDate><EndDate>2013-05-29 00:00:00</EndDate><ListPrice>40.4909</ListPrice><ModifiedDate>2013-05-29 00:00:00</ModifiedDate></ProductListPriceHistory>
<ProductListPriceHistory><ProductID>808</ProductID><StartDate>2013-05-30 00:00:00</StartDate><EndDate></EndDate><ListPrice>44.5400</ListPrice><ModifiedDate>2013-05-09 00:00:00</ModifiedDate></ProductListPriceHistory>
<ProductListPriceHistory><ProductID>809</ProductID><StartDate>2012-05-30 00:00:00</StartDate><EndDate>2013-05-29 00:00:00</EndDate><ListPrice>56.2909</ListPrice><ModifiedDate>2013-05-29 00:00:00</ModifiedDate></ProductListPriceHistory>
<ProductListPriceHistory><ProductID>809</ProductID><StartDate>2013-05-30 00:00:00</StartDate><EndDate></EndDate><ListPrice>61.9200</ListPrice><ModifiedDate>2013-05-09 00:00:00</ModifiedDate></ProductListPriceHistory>
<ProductListPriceHistory><ProductID>810</ProductID><StartDate>2012-05-30 00:00:00</StartDate><EndDate>2013-05-29 00:00:00</EndDate><ListPrice>109.3364</ListPrice><ModifiedDate>2013-05-29 00:00:00</ModifiedDate></ProductListPriceHistory>
<ProductListPriceHistory><ProductID>810</ProductID><StartDate>2013-05-30 00:00:00</StartDate><EndDate></EndDate><ListPrice>120.2700</ListPrice><ModifiedDate>2013-05-09 00:00:00</ModifiedDate></ProductListPriceHistory>
<ProductListPriceHistory><ProductID>811</ProductID><StartDate>2012-05-30 00:00:00</StartDate><EndDate>2013-05-29 00:00:00</EndDate><ListPrice>40.4909</ListPrice><ModifiedDate>2013-05-29 00:00:00</ModifiedDate></ProductListPriceHistory>
<ProductListPriceHistory><ProductID>811</ProductID><StartDate>2013-05-30 00:00:00</StartDate><EndDate></EndDate><ListPrice>44.5400</ListPrice><ModifiedDate>2013-05-09 00:00:00</ModifiedDate></ProductListPriceHistory>
<ProductListPriceHistory><ProductID>812</ProductID><StartDate>2012-05-30 00:00:00</StartDate><EndDate>2013-05-29 00:00:00</EndDate><ListPrice>56.2909</ListPrice><ModifiedDate>2013-05-29 00:00:00</ModifiedDate></ProductListPriceHistory>
<ProductListPriceHistory><ProductID>812</ProductID><StartDate>2013-05-30 00:00:00</StartDate><EndDate></EndDate><ListPrice>61.9200</ListPrice><ModifiedDate>2013-05-09 00:00:00</ModifiedDate></ProductListPriceHistory>
<ProductListPriceHistory><ProductID>813</ProductID><StartDate>2012-05-30 00:00:00</StartDate><EndDate>2013-05-29 00:00:00</EndDate><ListPrice>109.3364</ListPrice><ModifiedDate>2013-05-29 00:00:00</ModifiedDate></ProductListPriceHistory>
<ProductListPriceHistory><ProductID>813</ProductID><StartDate>2013-05-30 00:00:00</StartDate><EndDate></EndDate><ListPrice>120.2700</ListPrice><ModifiedDate>2013-05-09 00:00:00</ModifiedDate></ProductListPriceHistory>
<ProductListPriceHistory><ProductID>814</ProductID><StartDate>2012-05-30 00:00:00</StartDate><EndDate>2013-05-29 00:00:00</EndDate><ListPrice>348.7600</ListPrice><ModifiedDate>2013-05-29 00:00:00</ModifiedDate></ProductListPriceHistory>
<ProductListPriceHistory><ProductID>815</ProductID><StartDate>2012-05-30 00:00:00</StartDate><EndDate>2013-05-29 00:00:00</EndDate><ListPrice>60.7450</ListPrice><ModifiedDate>2013-05-29 00:00:00</ModifiedDate></ProductListPriceHistory>
<ProductListPriceHistory><ProductID>816</ProductID><StartDate>2012-05-30 00:00:00</StartDate><EndDate>2013-05-29 00:00:00</EndDate><ListPrice>209.0250</ListPrice><ModifiedDate>2013-05-29 00:00:00</ModifiedDate></ProductListPriceHistory>
<ProductListPriceHistory><ProductID>817</ProductID><StartDate>2012-05-30 00:00:00</StartDate><EndDate>2013-05-29 00:00:00</EndDate><ListPrice>300.2150</ListPrice><ModifiedDate>2013-05-29 00:00:00</ModifiedDate></ProductListPriceHistory>
<ProductListPriceHistory><ProductID>818</ProductID><StartDate>2012-05-30 00:00:00</StartDate><EndDate>2013-05-29 00:00:00</EndDate><ListPrice>85.5650</ListPrice><ModifiedDate>2013-05-29 00:00:00</ModifiedDate></ProductListPriceHistory>
<ProductListPriceHistory><ProductID>819</ProductID><StartDate>2012-05-30 00:00:00</StartDate><EndDate>2013-05-29 00:00:00</EndDate><ListPrice>248.3850</ListPrice><ModifiedDate>2013-05-29 00:00:00</ModifiedDate></ProductListPriceHistory>
<ProductListPriceHistory><ProductID>820</ProductID><StartDate>2012-05-30 00:00:00</StartDate><EndDate>2013-05-29 00:00:00</EndDate><ListPrice>330.0600</ListPrice><ModifiedDate>2013-05-29 00:00:00</ModifiedDate></ProductListPriceHistory>
<ProductListPriceHistory><ProductID>821</ProductID><StartDate>2012-05-30 00:00:00</StartDate><EndDate>2013-05-29 00:00:00</EndDate><ListPrice>218.0100</ListPrice><ModifiedDate>2013-05-29 00:00:00</ModifiedDate></ProductListPriceHistory>
<ProductListPriceHistory><ProductID>822</ProductID><StartDate>2012-05-30 00:00:00</StartDate><EndDate>2013-05-29 00:00:00</EndDate><ListPrice>540.7545</ListPrice><ModifiedDate>2013-05-29 00:00:00</ModifiedDate></ProductListPriceHistory>
<ProductListPriceHistory><ProductID>822</ProductID><StartDate>2013-05-30 00:00:00</StartDate><EndDate></EndDate><ListPrice>594.8300</ListPrice><ModifiedDate>2013-05-09 00:00:00</ModifiedDate></ProductListPriceHistory>
<ProductListPriceHistory><ProductID>823</ProductID><StartDate>2012-05-30 00:00:00</StartDate><EndDate>2013-05-29 00:00:00</EndDate><ListPrice>87.7450</ListPrice><ModifiedDate>2013-05-29 00:00:00</ModifiedDate></ProductListPriceHistory>
<ProductListPriceHistory><ProductID>824</ProductID><StartDate>2012-05-30 00:00:00</StartDate><EndDate>2013-05-29 00:00:00</EndDate><ListPrice>236.0250</ListPrice><ModifiedDate>2013-05-29 00:00:00</ModifiedDate></ProductListPriceHistory>
<ProductListPriceHistory><ProductID>825</ProductID><StartDate>2012-05-30 00:00:00</StartDate><EndDate>2013-05-29 00:00:00</EndDate><ListPrice>327.2150</ListPrice><ModifiedDate>2013-05-29 00:00:00</ModifiedDate></ProductListPriceHistory>
<ProductListPriceHistory><ProductID>826</ProductID><StartDate>2012-05-30 00:00:00</StartDate><EndDate>2013-05-29 00:00:00</EndDate><ListPrice>112.5650</ListPrice><ModifiedDate>2013-05-29 00:00:00</ModifiedDate></ProductListPriceHistory>
<ProductListPriceHistory><ProductID>827</ProductID><StartDate>2012-05-30 00:00:00</StartDate><EndDate>2013-05-29 00:00:00</EndDate><ListPrice>275.3850</ListPrice><ModifiedDate>2013-05-29 00:00:00</ModifiedDate></ProductListPriceHistory>
<ProductListPriceHistory><ProductID>828</ProductID><StartDate>2012-05-30 00:00:00</StartDate><EndDate>2013-05-29 00:00:00</EndDate><ListPrice>357.0600</ListPrice><ModifiedDate>2013-05-29 00:00:00</ModifiedDate></ProductListPriceHistory>
<ProductListPriceHistory><ProductID>829</ProductID><StartDate>2012-05-30 00:00:00</StartDate><EndDate>2013-05-29 00:00:00</EndDate><ListPrice>245.0100</ListPrice><ModifiedDate>2013-05-29 00:00:00</ModifiedDate></ProductListPriceHistory>
<ProductListPriceHistory><ProductID>830</ProductID><StartDate>2012-05-30 00:00:00</StartDate><EndDate>2013-05-29 00:00:00</EndDate><ListPrice>348.7600</ListPrice><ModifiedDate>2013-05-29 00:00:00</ModifiedDate></ProductListPriceHistory>
<ProductListPriceHistory><ProductID>831</ProductID><StartDate>2012-05-30 00:00:00</StartDate><EndDate>2013-05-29 00:00:00</EndDate><ListPrice>348.7600</ListPrice><ModifiedDate>2013-05-29 00:00:00</ModifiedDate></ProductListPriceHistory>
<ProductListPriceHistory><ProductID>832</ProductID><StartDate>2012-05-30 00:00:00</StartDate><EndDate>2013-05-29 00:00:00</EndDate><ListPrice>348.7600</ListPrice><ModifiedDate>2013-05-29 00:00:00</ModifiedDate></ProductListPriceHistory>
<ProductListPriceHistory><ProductID>833</ProductID><StartDate>2012-05-30 00:00:00</StartDate><EndDate>2013-05-29 00:00:00</EndDate><ListPrice>540.7545</ListPrice><ModifiedDate>2013-05-29 00:00:00</ModifiedDate></ProductListPriceHistory>
<ProductListPriceHistory><ProductID>833</ProductID><StartDate>2013-05-30 00:00:00</StartDate><EndDate></EndDate><ListPrice>594.8300</ListPrice><ModifiedDate>2013-05-09 00:00:00</ModifiedDate></ProductListPriceHistory>
<ProductListPriceHistory><ProductID>834</ProductID><StartDate>2012-05-30 00:00:00</StartDate><EndDate>2013-05-29 00:00:00</EndDate><ListPrice>540.7545</ListPrice><ModifiedDate>2013-05-29 00:00:00</ModifiedDate></ProductListPriceHistory>
<ProductListPriceHistory><ProductID>834</ProductID><StartDate>2013-05-30 00:00:00</StartDate><EndDate></EndDate><ListPrice>594.8300</ListPrice><ModifiedDate>2013-05-09 00:00:00</ModifiedDate></ProductListPriceHistory>
<ProductListPriceHistory><ProductID>835</ProductID><StartDate>2012-05-30 00:00:00</StartDate><EndDate>2013-05-29 00:00:00</EndDate><ListPrice>540.7545</ListPrice><ModifiedDate>2013-05-29 00:00:00</ModifiedDate></ProductListPriceHistory>
<ProductListPriceHistory><ProductID>835</ProductID><StartDate>2013-05-30 00:00:00</StartDate><EndDate></EndDate><ListPrice>594.8300</ListPrice><ModifiedDate>2013-05-09 00:00:00</ModifiedDate></ProductListPriceHistory>
<ProductListPriceHistory><ProductID>836</ProductID><StartDate>2012-05-30 00:00:00</StartDate><EndDate>2013-05-29 00:00:00</EndDate><ListPrice>540.7545</ListPrice><ModifiedDate>2013-05-29 00:00:00</ModifiedDate></ProductListPriceHistory>
<ProductListPriceHistory><ProductID>836</ProductID><StartDate>2013-05-30 00:00:00</StartDate><EndDate></EndDate><ListPrice>594.8300</ListPrice><ModifiedDate>2013-05-09 00:00:00</ModifiedDate></ProductListPriceHistory>
<ProductListPriceHistory><ProductID>837</ProductID><StartDate>2012-05-30 00:00:00</StartDate><EndDate>2013-05-29 00:00:00</EndDate><ListPrice>1301.3636</ListPrice><ModifiedDate>2013-05-29 00:00:00</ModifiedDate></ProductListPriceHistory>
<ProductListPriceHistory><ProductID>837</ProductID><StartDate>2013-05-30 00:00:00</StartDate><EndDate></EndDate><ListPrice>1431.5000</ListPrice><ModifiedDate>2013-05-09 00:00:00</ModifiedDate></ProductListPriceHistory>
<ProductListPriceHistory><ProductID>838</ProductID><StartDate>2012-05-30 00:00:00</StartDate><EndDate>2013-05-29 00:00:00</EndDate><ListPrice>1301.3636</ListPrice><ModifiedDate>2013-05-29 00:00:00</ModifiedDate></ProductListPriceHistory>
<ProductListPriceHistory><ProductID>838</ProductID><StartDate>2013-05-30 00:00:00</StartDate><EndDate></EndDate><ListPrice>1431.5000</ListPrice><ModifiedDate>2013-05-09 00:00:00</ModifiedDate></ProductListPriceHistory>
<ProductListPriceHistory><ProductID>839</ProductID><StartDate>2012-05-30 00:00:00</StartDate><EndDate>2013-05-29 00:00:00</EndDate><ListPrice>1301.3636</ListPrice><ModifiedDate>2013-05-29 00:00:00</ModifiedDate></ProductListPriceHistory>
<ProductListPriceHistory><ProductID>839</ProductID><StartDate>2013-05-30 00:00:00</StartDate><EndDate></EndDate><ListPrice>1431.5000</ListPrice><ModifiedDate>2013-05-09 00:00:00</ModifiedDate></ProductListPriceHistory>
<ProductListPriceHistory><ProductID>840</ProductID><StartDate>2012-05-30 00:00:00</StartDate><EndDate>2013-05-29 00:00:00</EndDate><ListPrice>1301.3636</ListPrice><ModifiedDate>2013-05-29 00:00:00</ModifiedDate></ProductListPriceHistory>
<ProductListPriceHistory><ProductID>840</ProductID><StartDate>2013-05-30 00:00:00</StartDate><EndDate></EndDate><ListPrice>1431.5000</ListPrice><ModifiedDate>2013-05-09 00:00:00</ModifiedDate></ProductListPriceHistory>
<ProductListPriceHistory><ProductID>841</ProductID><StartDate>2012-05-30 00:00:00</StartDate><EndDate>2013-05-29 00:00:00</EndDate><ListPrice>59.9900</ListPrice><ModifiedDate>2013-05-29 00:00:00</ModifiedDate></ProductListPriceHistory>
<ProductListPriceHistory><ProductID>842</ProductID><StartDate>2012-05-30 00:00:00</StartDate><EndDate>2013-05-29 00:00:00</EndDate><ListPrice>125.0000</ListPrice><ModifiedDate>2013-05-29 00:00:00</ModifiedDate></ProductListPriceHistory>
<ProductListPriceHistory><ProductID>843</ProductID><StartDate>2012-05-30 00:00:00</StartDate><EndDate>2013-05-29 00:00:00</EndDate><ListPrice>25.0000</ListPrice><ModifiedDate>2013-05-29 00:00:00</ModifiedDate></ProductListPriceHistory>
<ProductListPriceHistory><ProductID>844</ProductID><StartDate>2012-05-30 00:00:00</StartDate><EndDate>2013-05-29 00:00:00</EndDate><ListPrice>19.9900</ListPrice><ModifiedDate>2013-05-29 00:00:00</ModifiedDate></ProductListPriceHistory>
<ProductListPriceHistory><ProductID>845</ProductID><StartDate>2012-05-30 00:00:00</StartDate><EndDate>2013-05-29 00:00:00</EndDate><ListPrice>24.9900</ListPrice><ModifiedDate>2013-05-29 00:00:00</ModifiedDate></ProductListPriceHistory>
<ProductListPriceHistory><ProductID>846</ProductID><StartDate>2012-05-30 00:00:00</StartDate><EndDate>2013-05-29 00:00:00</EndDate><ListPrice>13.9900</ListPrice><ModifiedDate>2013-05-29 00:00:00</ModifiedDate></ProductListPriceHistory>
<ProductListPriceHistory><ProductID>847</ProductID><StartDate>2012-05-30 00:00:00</StartDate><EndDate>2013-05-29 00:00:00</EndDate><ListPrice>34.9900</ListPrice><ModifiedDate>2013-05-29 00:00:00</ModifiedDate></ProductListPriceHistory>
<ProductListPriceHistory><ProductID>848</ProductID><StartDate>2012-05-30 00:00:00</StartDate><EndDate>2013-05-29 00:00:00</EndDate><ListPrice>44.9900</ListPrice><ModifiedDate>2013-05-29 00:00:00</ModifiedDate></ProductListPriceHistory>
<ProductListPriceHistory><ProductID>849</ProductID><StartDate>2012-05-30 00:00:00</StartDate><EndDate>2013-05-29 00:00:00</EndDate><ListPrice>59.9900</ListPrice><ModifiedDate>2013-05-29 00:00:00</ModifiedDate></ProductListPriceHistory>
<ProductListPriceHistory><ProductID>850</ProductID><StartDate>2012-05-30 00:00:00</StartDate><EndDate>2013-05-29 00:00:00</EndDate><ListPrice>59.9900</ListPrice><ModifiedDate>2013-05-29 00:00:00</ModifiedDate></ProductListPriceHistory>
<ProductListPriceHistory><ProductID>851</ProductID><StartDate>2012-05-30 00:00:00</StartDate><EndDate>2013-05-29 00:00:00</EndDate><ListPrice>59.9900</ListPrice><ModifiedDate>2013-05-29 00:00:00</ModifiedDate></ProductListPriceHistory>
<ProductListPriceHistory><ProductID>852</ProductID><StartDate>2012-05-30 00:00:00</StartDate><EndDate>2013-05-29 00:00:00</EndDate><ListPrice>74.9900</ListPrice><ModifiedDate>2013-05-29 00:00:00</ModifiedDate></ProductListPriceHistory>
<ProductListPriceHistory><ProductID>853</ProductID><StartDate>2012-05-30 00:00:00</StartDate><EndDate>2013-05-29 00:00:00</EndDate><ListPrice>74.9900</ListPrice><ModifiedDate>2013-05-29 00:00:00</ModifiedDate></ProductListPriceHistory>
<ProductListPriceHistory><ProductID>854</ProductID><StartDate>2012-05-30 00:00:00</StartDate><EndDate>2013-05-29 00:00:00</EndDate><ListPrice>74.9900</ListPrice><ModifiedDate>2013-05-29 00:00:00</ModifiedDate></ProductListPriceHistory>
<ProductListPriceHistory><ProductID>855</ProductID><StartDate>2012-05-30 00:00:00</StartDate><EndDate>2013-05-29 00:00:00</EndDate><ListPrice>89.9900</ListPrice><ModifiedDate>2013-05-29 00:00:00</ModifiedDate></ProductListPriceHistory>
<ProductListPriceHistory><ProductID>856</ProductID><StartDate>2012-05-30 00:00:00</StartDate><EndDate>2013-05-29 00:00:00</EndDate><ListPrice>89.9900</ListPrice><ModifiedDate>2013-05-29 00:00:00</ModifiedDate></ProductListPriceHistory>
<ProductListPriceHistory><ProductID>857</ProductID><StartDate>2012-05-30 00:00:00</StartDate><EndDate>2013-05-29 00:00:00</EndDate><ListPrice>89.9900</ListPrice><ModifiedDate>2013-05-29 00:00:00</ModifiedDate></ProductListPriceHistory>
<ProductListPriceHistory><ProductID>858</ProductID><StartDate>2012-05-30 00:00:00</StartDate><EndDate>2013-05-29 00:00:00</EndDate><ListPrice>23.5481</ListPrice><ModifiedDate>2013-05-29 00:00:00</ModifiedDate></ProductListPriceHistory>
<ProductListPriceHistory><ProductID>858</ProductID><StartDate>2013-05-30 00:00:00</StartDate><EndDate></EndDate><ListPrice>24.4900</ListPrice><ModifiedDate>2013-05-09 00:00:00</ModifiedDate></ProductListPriceHistory>
<ProductListPriceHistory><ProductID>859</ProductID><StartDate>2012-05-30 00:00:00</StartDate><EndDate>2013-05-29 00:00:00</EndDate><ListPrice>23.5481</ListPrice><ModifiedDate>2013-05-29 00:00:00</ModifiedDate></ProductListPriceHistory>
<ProductListPriceHistory><ProductID>859</ProductID><StartDate>2013-05-30 00:00:00</StartDate><EndDate></EndDate><ListPrice>24.4900</ListPrice><ModifiedDate>2013-05-09 00:00:00</ModifiedDate></ProductListPriceHistory>
<ProductListPriceHistory><ProductID>860</ProductID><StartDate>2012-05-30 00:00:00</StartDate><EndDate>2013-05-29 00:00:00</EndDate><ListPrice>23.5481</ListPrice><ModifiedDate>2013-05-29 00:00:00</ModifiedDate></ProductListPriceHistory>
<ProductListPriceHistory><ProductID>860</ProductID><StartDate>2013-05-30 00:00:00</StartDate><EndDate></EndDate><ListPrice>24.4900</ListPrice><ModifiedDate>2013-05-09 00:00:00</ModifiedDate></ProductListPriceHistory>
<ProductListPriceHistory><ProductID>861</ProductID><StartDate>2012-05-30 00:00:00</StartDate><EndDate>2013-05-29 00:00:00</EndDate><ListPrice>37.9900</ListPrice><ModifiedDate>2013-05-29 00:00:00</ModifiedDate></ProductListPriceHistory>
<ProductListPriceHistory><ProductID>862</ProductID><StartDate>2012-05-30 00:00:00</StartDate><EndDate>2013-05-29 00:00:00</EndDate><ListPrice>37.9900</ListPrice><ModifiedDate>2013-05-29 00:00:00</ModifiedDate></ProductListPriceHistory>
<ProductListPriceHistory><ProductID>863</ProductID><StartDate>2012-05-30 00:00:00</StartDate><EndDate>2013-05-29 00:00:00</EndDate><ListPrice>37.9900</ListPrice><ModifiedDate>2013-05-29 00:00:00</ModifiedDate></ProductListPriceHistory>
<ProductListPriceHistory><ProductID>864</ProductID><StartDate>2013-05-30 00:00:00</StartDate><EndDate></EndDate><ListPrice>63.5000</ListPrice><ModifiedDate>2013-05-09 00:00:00</ModifiedDate></ProductListPriceHistory>
<ProductListPriceHistory><ProductID>865</ProductID><StartDate>2013-05-30 00:00:00</StartDate><EndDate></EndDate><ListPrice>63.5000</ListPrice><ModifiedDate>2013-05-09 00:00:00</ModifiedDate></ProductListPriceHistory>
<ProductListPriceHistory><ProductID>866</ProductID><StartDate>2013-05-30 00:00:00</StartDate><EndDate></EndDate><ListPrice>63.5000</ListPrice><ModifiedDate>2013-05-09 00:00:00</ModifiedDate></ProductListPriceHistory>
<ProductListPriceHistory><ProductID>867</ProductID><StartDate>2013-05-30 00:00:00</StartDate><EndDate></EndDate><ListPrice>69.9900</ListPrice><ModifiedDate>2013-05-09 00:00:00</ModifiedDate></ProductListPriceHistory>
<ProductListPriceHistory><ProductID>868</ProductID><StartDate>2013-05-30 00:00:00</StartDate><EndDate></EndDate><ListPrice>69.9900</ListPrice><ModifiedDate>2013-05-09 00:00:00</ModifiedDate></ProductListPriceHistory>
<ProductListPriceHistory><ProductID>869</ProductID><StartDate>2013-05-30 00:00:00</StartDate><EndDate></EndDate><ListPrice>69.9900</ListPrice><ModifiedDate>2013-05-09 00:00:00</ModifiedDate></ProductListPriceHistory>
<ProductListPriceHistory><ProductID>870</ProductID><StartDate>2013-05-30 00:00:00</StartDate><EndDate></EndDate><ListPrice>4.9900</ListPrice><ModifiedDate>2013-05-09 00:00:00</ModifiedDate></ProductListPriceHistory>
<ProductListPriceHistory><ProductID>871</ProductID><StartDate>2013-05-30 00:00:00</StartDate><EndDate></EndDate><ListPrice>9.9900</ListPrice><ModifiedDate>2013-05-09 00:00:00</ModifiedDate></ProductListPriceHistory>
<ProductListPriceHistory><ProductID>872</ProductID><StartDate>2013-05-30 00:00:00</StartDate><EndDate></EndDate><ListPrice>8.9900</ListPrice><ModifiedDate>2013-05-09 00:00:00</ModifiedDate></ProductListPriceHistory>
<ProductListPriceHistory><ProductID>873</ProductID><StartDate>2013-05-30 00:00:00</StartDate><EndDate></EndDate><ListPrice>2.2900</ListPrice><ModifiedDate>2013-05-09 00:00:00</ModifiedDate></ProductListPriceHistory>
<ProductListPriceHistory><ProductID>874</ProductID><StartDate>2013-05-30 00:00:00</StartDate><EndDate></EndDate><ListPrice>8.9900</ListPrice><ModifiedDate>2013-05-09 00:00:00</ModifiedDate></ProductListPriceHistory>
<ProductListPriceHistory><ProductID>875</ProductID><StartDate>2013-05-30 00:00:00</StartDate><EndDate></EndDate><ListPrice>8.9900</ListPrice><ModifiedDate>2013-05-09 00:00:00</ModifiedDate></ProductListPriceHistory>
<ProductListPriceHistory><ProductID>876</ProductID><StartDate>2013-05-30 00:00:00</StartDate><EndDate></EndDate><ListPrice>120.0000</ListPrice><ModifiedDate>2013-05-09 00:00:00</ModifiedDate></ProductListPriceHistory>
<ProductListPriceHistory><ProductID>877</ProductID><StartDate>2013-05-30 00:00:00</StartDate><EndDate></EndDate><ListPrice>7.9500</ListPrice><ModifiedDate>2013-05-09 00:00:00</ModifiedDate></ProductListPriceHistory>
<ProductListPriceHistory><ProductID>878</ProductID><StartDate>2013-05-30 00:00:00</StartDate><EndDate></EndDate><ListPrice>21.9800</ListPrice><ModifiedDate>2013-05-09 00:00:00</ModifiedDate></ProductListPriceHistory>
<ProductListPriceHistory><ProductID>879</ProductID><StartDate>2013-05-30 00:00:00</StartDate><EndDate></EndDate><ListPrice>159.0000</ListPrice><ModifiedDate>2013-05-09 00:00:00</ModifiedDate></ProductListPriceHistory>
<ProductListPriceHistory><ProductID>880</ProductID><StartDate>2013-05-30 00:00:00</StartDate><EndDate></EndDate><ListPrice>54.9900</ListPrice><ModifiedDate>2013-05-09 00:00:00</ModifiedDate></ProductListPriceHistory>
<ProductListPriceHistory><ProductID>881</ProductID><StartDate>2013-05-30 00:00:00</StartDate><EndDate></EndDate><ListPrice>53.9900</ListPrice><ModifiedDate>2013-05-09 00:00:00</ModifiedDate></ProductListPriceHistory>
<ProductListPriceHistory><ProductID>882</ProductID><StartDate>2013-05-30 00:00:00</StartDate><EndDate></EndDate><ListPrice>53.9900</ListPrice><ModifiedDate>2013-05-09 00:00:00</ModifiedDate></ProductListPriceHistory>
<ProductListPriceHistory><ProductID>883</ProductID><StartDate>2013-05-30 00:00:00</StartDate><EndDate></EndDate><ListPrice>53.9900</ListPrice><ModifiedDate>2013-05-09 00:00:00</ModifiedDate></ProductListPriceHistory>
<ProductListPriceHistory><ProductID>884</ProductID><StartDate>2013-05-30 00:00:00</StartDate><EndDate></EndDate><ListPrice>53.9900</ListPrice><ModifiedDate>2013-05-09 00:00:00</ModifiedDate></ProductListPriceHistory>
<ProductListPriceHistory><ProductID>885</ProductID><StartDate>2013-05-30 00:00:00</StartDate><EndDate></EndDate><ListPrice>1003.9100</ListPrice><ModifiedDate>2013-05-09 00:00:00</ModifiedDate></ProductListPriceHistory>
<ProductListPriceHistory><ProductID>886</ProductID><StartDate>2013-05-30 00:00:00</StartDate><EndDate></EndDate><ListPrice>333.4200</ListPrice><ModifiedDate>2013-05-09 00:00:00</ModifiedDate></ProductListPriceHistory>
<ProductListPriceHistory><ProductID>887</ProductID><StartDate>2013-05-30 00:00:00</StartDate><EndDate></EndDate><ListPrice>1003.9100</ListPrice><ModifiedDate>2013-05-09 00:00:00</ModifiedDate></ProductListPriceHistory>
<ProductListPriceHistory><ProductID>888</ProductID><StartDate>2013-05-30 00:00:00</StartDate><EndDate></EndDate><ListPrice>1003.9100</ListPrice><ModifiedDate>2013-05-09 00:00:00</ModifiedDate></ProductListPriceHistory>
<ProductListPriceHistory><ProductID>889</ProductID><StartDate>2013-05-30 00:00:00</StartDate><EndDate></EndDate><ListPrice>1003.9100</ListPrice><ModifiedDate>2013-05-09 00:00:00</ModifiedDate></ProductListPriceHistory>
<ProductListPriceHistory><ProductID>890</ProductID><StartDate>2013-05-30 00:00:00</StartDate><EndDate></EndDate><ListPrice>1003.9100</ListPrice><ModifiedDate>2013-05-09 00:00:00</ModifiedDate></ProductListPriceHistory>
<ProductListPriceHistory><ProductID>891</ProductID><StartDate>2013-05-30 00:00:00</StartDate><EndDate></EndDate><ListPrice>1003.9100</ListPrice><ModifiedDate>2013-05-09 00:00:00</ModifiedDate></ProductListPriceHistory>
<ProductListPriceHistory><ProductID>892</ProductID><StartDate>2013-05-30 00:00:00</StartDate><EndDate></EndDate><ListPrice>1003.9100</ListPrice><ModifiedDate>2013-05-09 00:00:00</ModifiedDate></ProductListPriceHistory>
<ProductListPriceHistory><ProductID>893</ProductID><StartDate>2013-05-30 00:00:00</StartDate><EndDate></EndDate><ListPrice>1003.9100</ListPrice><ModifiedDate>2013-05-09 00:00:00</ModifiedDate></ProductListPriceHistory>
<ProductListPriceHistory><ProductID>894</ProductID><StartDate>2013-05-30 00:00:00</StartDate><EndDate></EndDate><ListPrice>121.4600</ListPrice><ModifiedDate>2013-05-09 00:00:00</ModifiedDate></ProductListPriceHistory>
<ProductListPriceHistory><ProductID>895</ProductID><StartDate>2013-05-30 00:00:00</StartDate><EndDate></EndDate><ListPrice>333.4200</ListPrice><ModifiedDate>2013-05-09 00:00:00</ModifiedDate></ProductListPriceHistory>
<ProductListPriceHistory><ProductID>896</ProductID><StartDate>2013-05-30 00:00:00</StartDate><EndDate></EndDate><ListPrice>333.4200</ListPrice><ModifiedDate>2013-05-09 00:00:00</ModifiedDate></ProductListPriceHistory>
<ProductListPriceHistory><ProductID>897</ProductID><StartDate>2013-05-30 00:00:00</StartDate><EndDate></EndDate><ListPrice>333.4200</ListPrice><ModifiedDate>2013-05-09 00:00:00</ModifiedDate></ProductListPriceHistory>
<ProductListPriceHistory><ProductID>898</ProductID><StartDate>2013-05-30 00:00:00</StartDate><EndDate></EndDate><ListPrice>333.4200</ListPrice><ModifiedDate>2013-05-09 00:00:00</ModifiedDate></ProductListPriceHistory>
<ProductListPriceHistory><ProductID>899</ProductID><StartDate>2013-05-30 00:00:00</StartDate><EndDate></EndDate><ListPrice>333.4200</ListPrice><ModifiedDate>2013-05-09 00:00:00</ModifiedDate></ProductListPriceHistory>
<ProductListPriceHistory><ProductID>900</ProductID><StartDate>2013-05-30 00:00:00</StartDate><EndDate></EndDate><ListPrice>333.4200</ListPrice><ModifiedDate>2013-05-09 00:00:00</ModifiedDate></ProductListPriceHistory>
<ProductListPriceHistory><ProductID>901</ProductID><StartDate>2013-05-30 00:00:00</StartDate><EndDate></EndDate><ListPrice>333.4200</ListPrice><ModifiedDate>2013-05-09 00:00:00</ModifiedDate></ProductListPriceHistory>
<ProductListPriceHistory><ProductID>902</ProductID><StartDate>2013-05-30 00:00:00</StartDate><EndDate></EndDate><ListPrice>333.4200</ListPrice><ModifiedDate>2013-05-09 00:00:00</ModifiedDate></ProductListPriceHistory>
<ProductListPriceHistory><ProductID>903</ProductID><StartDate>2013-05-30 00:00:00</StartDate><EndDate></EndDate><ListPrice>333.4200</ListPrice><ModifiedDate>2013-05-09 00:00:00</ModifiedDate></ProductListPriceHistory>
<ProductListPriceHistory><ProductID>904</ProductID><StartDate>2013-05-30 00:00:00</StartDate><EndDate></EndDate><ListPrice>364.0900</ListPrice><ModifiedDate>2013-05-09 00:00:00</ModifiedDate></ProductListPriceHistory>
<ProductListPriceHistory><ProductID>905</ProductID><StartDate>2013-05-30 00:00:00</StartDate><EndDate></EndDate><ListPrice>364.0900</ListPrice><ModifiedDate>2013-05-09 00:00:00</ModifiedDate></ProductListPriceHistory>
<ProductListPriceHistory><ProductID>906</ProductID><StartDate>2013-05-30 00:00:00</StartDate><EndDate></EndDate><ListPrice>364.0900</ListPrice><ModifiedDate>2013-05-09 00:00:00</ModifiedDate></ProductListPriceHistory>
<ProductListPriceHistory><ProductID>907</ProductID><StartDate>2013-05-30 00:00:00</StartDate><EndDate></EndDate><ListPrice>106.5000</ListPrice><ModifiedDate>2013-05-09 00:00:00</ModifiedDate></ProductListPriceHistory>
<ProductListPriceHistory><ProductID>908</ProductID><StartDate>2013-05-30 00:00:00</StartDate><EndDate></EndDate><ListPrice>27.1200</ListPrice><ModifiedDate>2013-05-09 00:00:00</ModifiedDate></ProductListPriceHistory>
<ProductListPriceHistory><ProductID>909</ProductID><StartDate>2013-05-30 00:00:00</StartDate><EndDate></EndDate><ListPrice>39.1400</ListPrice><ModifiedDate>2013-05-09 00:00:00</ModifiedDate></ProductListPriceHistory>
<ProductListPriceHistory><ProductID>910</ProductID><StartDate>2013-05-30 00:00:00</StartDate><EndDate></EndDate><ListPrice>52.6400</ListPrice><ModifiedDate>2013-05-09 00:00:00</ModifiedDate></ProductListPriceHistory>
<ProductListPriceHistory><ProductID>911</ProductID><StartDate>2013-05-30 00:00:00</StartDate><EndDate></EndDate><ListPrice>27.1200</ListPrice><ModifiedDate>2013-05-09 00:00:00</ModifiedDate></ProductListPriceHistory>
<ProductListPriceHistory><ProductID>912</ProductID><StartDate>2013-05-30 00:00:00</StartDate><EndDate></EndDate><ListPrice>39.1400</ListPrice><ModifiedDate>2013-05-09 00:00:00</ModifiedDate></ProductListPriceHistory>
<ProductListPriceHistory><ProductID>913</ProductID><StartDate>2013-05-30 00:00:00</StartDate><EndDate></EndDate><ListPrice>52.6400</ListPrice><ModifiedDate>2013-05-09 00:00:00</ModifiedDate></ProductListPriceHistory>
<ProductListPriceHistory><ProductID>914</ProductID><StartDate>2013-05-30 00:00:00</StartDate><EndDate></EndDate><ListPrice>27.1200</ListPrice><ModifiedDate>2013-05-09 00:00:00</ModifiedDate></ProductListPriceHistory>
<ProductListPriceHistory><ProductID>915</ProductID><StartDate>2013-05-30 00:00:00</StartDate><EndDate></EndDate><ListPrice>39.1400</ListPrice><ModifiedDate>2013-05-09 00:00:00</ModifiedDate></ProductListPriceHistory>
<ProductListPriceHistory><ProductID>916</ProductID><StartDate>2013-05-30 00:00:00</StartDate><EndDate></EndDate><ListPrice>52.6400</ListPrice><ModifiedDate>2013-05-09 00:00:00</ModifiedDate></ProductListPriceHistory>
<ProductListPriceHistory><ProductID>917</ProductID><StartDate>2013-05-30 00:00:00</StartDate><EndDate></EndDate><ListPrice>264.0500</ListPrice><ModifiedDate>2013-05-09 00:00:00</ModifiedDate></ProductListPriceHistory>
<ProductListPriceHistory><ProductID>918</ProductID><StartDate>2013-05-30 00:00:00</StartDate><EndDate></EndDate><ListPrice>264.0500</ListPrice><ModifiedDate>2013-05-09 00:00:00</ModifiedDate></ProductListPriceHistory>
<ProductListPriceHistory><ProductID>919</ProductID><StartDate>2013-05-30 00:00:00</StartDate><EndDate></EndDate><ListPrice>264.0500</ListPrice><ModifiedDate>2013-05-09 00:00:00</ModifiedDate></ProductListPriceHistory>
<ProductListPriceHistory><ProductID>920</ProductID><StartDate>2013-05-30 00:00:00</StartDate><EndDate></EndDate><ListPrice>264.0500</ListPrice><ModifiedDate>2013-05-09 00:00:00</ModifiedDate></ProductListPriceHistory>
<ProductListPriceHistory><ProductID>921</ProductID><StartDate>2013-05-30 00:00:00</StartDate><EndDate></EndDate><ListPrice>4.9900</ListPrice><ModifiedDate>2013-05-09 00:00:00</ModifiedDate></ProductListPriceHistory>
<ProductListPriceHistory><ProductID>922</ProductID><StartDate>2013-05-30 00:00:00</StartDate><EndDate></EndDate><ListPrice>3.9900</ListPrice><ModifiedDate>2013-05-09 00:00:00</ModifiedDate></ProductListPriceHistory>
<ProductListPriceHistory><ProductID>923</ProductID><StartDate>2013-05-30 00:00:00</StartDate><EndDate></EndDate><ListPrice>4.9900</ListPrice><ModifiedDate>2013-05-09 00:00:00</ModifiedDate></ProductListPriceHistory>
<ProductListPriceHistory><ProductID>924</ProductID><StartDate>2013-05-30 00:00:00</StartDate><EndDate></EndDate><ListPrice>249.7900</ListPrice><ModifiedDate>2013-05-09 00:00:00</ModifiedDate></ProductListPriceHistory>
<ProductListPriceHistory><ProductID>925</ProductID><StartDate>2013-05-30 00:00:00</StartDate><EndDate></EndDate><ListPrice>249.7900</ListPrice><ModifiedDate>2013-05-09 00:00:00</ModifiedDate></ProductListPriceHistory>
<ProductListPriceHistory><ProductID>926</ProductID><StartDate>2013-05-30 00:00:00</StartDate><EndDate></EndDate><ListPrice>249.7900</ListPrice><ModifiedDate>2013-05-09 00:00:00</ModifiedDate></ProductListPriceHistory>
<ProductListPriceHistory><ProductID>927</ProductID><StartDate>2013-05-30 00:00:00</StartDate><EndDate></EndDate><ListPrice>249.7900</ListPrice><ModifiedDate>2013-05-09 00:00:00</ModifiedDate></ProductListPriceHistory>
<ProductListPriceHistory><ProductID>928</ProductID><StartDate>2013-05-30 00:00:00</StartDate><EndDate></EndDate><ListPrice>24.9900</ListPrice><ModifiedDate>2013-05-09 00:00:00</ModifiedDate></ProductListPriceHistory>
<ProductListPriceHistory><ProductID>929</ProductID><StartDate>2013-05-30 00:00:00</StartDate><EndDate></EndDate><ListPrice>29.9900</ListPrice><ModifiedDate>2013-05-09 00:00:00</ModifiedDate></ProductListPriceHistory>
<ProductListPriceHistory><ProductID>930</ProductID><StartDate>2013-05-30 00:00:00</StartDate><EndDate></EndDate><ListPrice>35.0000</ListPrice><ModifiedDate>2013-05-09 00:00:00</ModifiedDate></ProductListPriceHistory>
<ProductListPriceHistory><ProductID>931</ProductID><StartDate>2013-05-30 00:00:00</StartDate><EndDate></EndDate><ListPrice>21.4900</ListPrice><ModifiedDate>2013-05-09 00:00:00</ModifiedDate></ProductListPriceHistory>
<ProductListPriceHistory><ProductID>932</ProductID><StartDate>2013-05-30 00:00:00</StartDate><EndDate></EndDate><ListPrice>24.9900</ListPrice><ModifiedDate>2013-05-09 00:00:00</ModifiedDate></ProductListPriceHistory>
<ProductListPriceHistory><ProductID>933</ProductID><StartDate>2013-05-30 00:00:00</StartDate><EndDate></EndDate><ListPrice>32.6000</ListPrice><ModifiedDate>2013-05-09 00:00:00</ModifiedDate></ProductListPriceHistory>
<ProductListPriceHistory><ProductID>934</ProductID><StartDate>2013-05-30 00:00:00</StartDate><EndDate></EndDate><ListPrice>28.9900</ListPrice><ModifiedDate>2013-05-09 00:00:00</ModifiedDate></ProductListPriceHistory>
<ProductListPriceHistory><ProductID>935</ProductID><StartDate>2013-05-30 00:00:00</StartDate><EndDate></EndDate><ListPrice>40.4900</ListPrice><ModifiedDate>2013-05-09 00:00:00</ModifiedDate></ProductListPriceHistory>
<ProductListPriceHistory><ProductID>936</ProductID><StartDate>2013-05-30 00:00:00</StartDate><EndDate></EndDate><ListPrice>62.0900</ListPrice><ModifiedDate>2013-05-09 00:00:00</ModifiedDate></ProductListPriceHistory>
<ProductListPriceHistory><ProductID>937</ProductID><StartDate>2013-05-30 00:00:00</StartDate><EndDate></EndDate><ListPrice>80.9900</ListPrice><ModifiedDate>2013-05-09 00:00:00</ModifiedDate></ProductListPriceHistory>
<ProductListPriceHistory><ProductID>938</ProductID><StartDate>2013-05-30 00:00:00</StartDate><EndDate></EndDate><ListPrice>40.4900</ListPrice><ModifiedDate>2013-05-09 00:00:00</ModifiedDate></ProductListPriceHistory>
<ProductListPriceHistory><ProductID>939</ProductID><StartDate>2013-05-30 00:00:00</StartDate><EndDate></EndDate><ListPrice>62.0900</ListPrice><ModifiedDate>2013-05-09 00:00:00</ModifiedDate></ProductListPriceHistory>
<ProductListPriceHistory><ProductID>940</ProductID><StartDate>2013-05-30 00:00:00</StartDate><EndDate></EndDate><ListPrice>80.9900</ListPrice><ModifiedDate>2013-05-09 00:00:00</ModifiedDate></ProductListPriceHistory>
<ProductListPriceHistory><ProductID>941</ProductID><StartDate>2013-05-30 00:00:00</StartDate><EndDate></EndDate><ListPrice>80.9900</ListPrice><ModifiedDate>2013-05-09 00:00:00</ModifiedDate></ProductListPriceHistory>
<ProductListPriceHistory><ProductID>942</ProductID><StartDate>2013-05-30 00:00:00</StartDate><EndDate></EndDate><ListPrice>364.0900</ListPrice><ModifiedDate>2013-05-09 00:00:00</ModifiedDate></ProductListPriceHistory>
<ProductListPriceHistory><ProductID>943</ProductID><StartDate>2013-05-30 00:00:00</StartDate><EndDate></EndDate><ListPrice>249.7900</ListPrice><ModifiedDate>2013-05-09 00:00:00</ModifiedDate></ProductListPriceHistory>
<ProductListPriceHistory><ProductID>944</ProductID><StartDate>2013-05-30 00:00:00</StartDate><EndDate></EndDate><ListPrice>264.0500</ListPrice><ModifiedDate>2013-05-09 00:00:00</ModifiedDate></ProductListPriceHistory>
<ProductListPriceHistory><ProductID>945</ProductID><StartDate>2013-05-30 00:00:00</StartDate><EndDate></EndDate><ListPrice>91.4900</ListPrice><ModifiedDate>2013-05-09 00:00:00</ModifiedDate></ProductListPriceHistory>
<ProductListPriceHistory><ProductID>946</ProductID><StartDate>2013-05-30 00:00:00</StartDate><EndDate></EndDate><ListPrice>46.0900</ListPrice><ModifiedDate>2013-05-09 00:00:00</ModifiedDate></ProductListPriceHistory>
<ProductListPriceHistory><ProductID>947</ProductID><StartDate>2013-05-30 00:00:00</StartDate><EndDate></EndDate><ListPrice>91.5700</ListPrice><ModifiedDate>2013-05-09 00:00:00</ModifiedDate></ProductListPriceHistory>
<ProductListPriceHistory><ProductID>948</ProductID><StartDate>2013-05-30 00:00:00</StartDate><EndDate></EndDate><ListPrice>106.5000</ListPrice><ModifiedDate>2013-05-09 00:00:00</ModifiedDate></ProductListPriceHistory>
<ProductListPriceHistory><ProductID>949</ProductID><StartDate>2013-05-30 00:00:00</StartDate><EndDate></EndDate><ListPrice>175.4900</ListPrice><ModifiedDate>2013-05-09 00:00:00</ModifiedDate></ProductListPriceHistory>
<ProductListPriceHistory><ProductID>950</ProductID><StartDate>2013-05-30 00:00:00</StartDate><EndDate></EndDate><ListPrice>256.4900</ListPrice><ModifiedDate>2013-05-09 00:00:00</ModifiedDate></ProductListPriceHistory>
<ProductListPriceHistory><ProductID>951</ProductID><StartDate>2013-05-30 00:00:00</StartDate><EndDate></EndDate><ListPrice>404.9900</ListPrice><ModifiedDate>2013-05-09 00:00:00</ModifiedDate></ProductListPriceHistory>
<ProductListPriceHistory><ProductID>952</ProductID><StartDate>2013-05-30 00:00:00</StartDate><EndDate></EndDate><ListPrice>20.2400</ListPrice><ModifiedDate>2013-05-09 00:00:00</ModifiedDate></ProductListPriceHistory>
<ProductListPriceHistory><ProductID>953</ProductID><StartDate>2013-05-30 00:00:00</StartDate><EndDate></EndDate><ListPrice>1214.8500</ListPrice><ModifiedDate>2013-05-09 00:00:00</ModifiedDate></ProductListPriceHistory>
<ProductListPriceHistory><ProductID>954</ProductID><StartDate>2013-05-30 00:00:00</StartDate><EndDate></EndDate><ListPrice>2384.0700</ListPrice><ModifiedDate>2013-05-09 00:00:00</ModifiedDate></ProductListPriceHistory>
<ProductListPriceHistory><ProductID>955</ProductID><StartDate>2013-05-30 00:00:00</StartDate><EndDate></EndDate><ListPrice>2384.0700</ListPrice><ModifiedDate>2013-05-09 00:00:00</ModifiedDate></ProductListPriceHistory>
<ProductListPriceHistory><ProductID>956</ProductID><StartDate>2013-05-30 00:00:00</StartDate><EndDate></EndDate><ListPrice>2384.0700</ListPrice><ModifiedDate>2013-05-09 00:00:00</ModifiedDate></ProductListPriceHistory>
<ProductListPriceHistory><ProductID>957</ProductID><StartDate>2013-05-30 00:00:00</StartDate><EndDate></EndDate><ListPrice>2384.0700</ListPrice><ModifiedDate>2013-05-09 00:00:00</ModifiedDate></ProductListPriceHistory>
<ProductListPriceHistory><ProductID>958</ProductID><StartDate>2013-05-30 00:00:00</StartDate><EndDate></EndDate><ListPrice>742.3500</ListPrice><ModifiedDate>2013-05-09 00:00:00</ModifiedDate></ProductListPriceHistory>
<ProductListPriceHistory><ProductID>959</ProductID><StartDate>2013-05-30 00:00:00</StartDate><EndDate></EndDate><ListPrice>742.3500</ListPrice><ModifiedDate>2013-05-09 00:00:00</ModifiedDate></ProductListPriceHistory>
<ProductListPriceHistory><ProductID>960</ProductID><StartDate>2013-05-30 00:00:00</StartDate><EndDate></EndDate><ListPrice>742.3500</ListPrice><ModifiedDate>2013-05-09 00:00:00</ModifiedDate></ProductListPriceHistory>
<ProductListPriceHistory><ProductID>961</ProductID><StartDate>2013-05-30 00:00:00</StartDate><EndDate></EndDate><ListPrice>742.3500</ListPrice><ModifiedDate>2013-05-09 00:00:00</ModifiedDate></ProductListPriceHistory>
<ProductListPriceHistory><ProductID>962</ProductID><StartDate>2013-05-30 00:00:00</StartDate><EndDate></EndDate><ListPrice>742.3500</ListPrice><ModifiedDate>2013-05-09 00:00:00</ModifiedDate></ProductListPriceHistory>
<ProductListPriceHistory><ProductID>963</ProductID><StartDate>2013-05-30 00:00:00</StartDate><EndDate></EndDate><ListPrice>742.3500</ListPrice><ModifiedDate>2013-05-09 00:00:00</ModifiedDate></ProductListPriceHistory>
<ProductListPriceHistory><ProductID>964</ProductID><StartDate>2013-05-30 00:00:00</StartDate><EndDate></EndDate><ListPrice>742.3500</ListPrice><ModifiedDate>2013-05-09 00:00:00</ModifiedDate></ProductListPriceHistory>
<ProductListPriceHistory><ProductID>965</ProductID><StartDate>2013-05-30 00:00:00</StartDate><EndDate></EndDate><ListPrice>742.3500</ListPrice><ModifiedDate>2013-05-09 00:00:00</ModifiedDate></ProductListPriceHistory>
<ProductListPriceHistory><ProductID>966</ProductID><StartDate>2013-05-30 00:00:00</StartDate><EndDate></EndDate><ListPrice>2384.0700</ListPrice><ModifiedDate>2013-05-09 00:00:00</ModifiedDate></ProductListPriceHistory>
<ProductListPriceHistory><ProductID>967</ProductID><StartDate>2013-05-30 00:00:00</StartDate><EndDate></EndDate><ListPrice>2384.0700</ListPrice><ModifiedDate>2013-05-09 00:00:00</ModifiedDate></ProductListPriceHistory>
<ProductListPriceHistory><ProductID>968</ProductID><StartDate>2013-05-30 00:00:00</StartDate><EndDate></EndDate><ListPrice>2384.0700</ListPrice><ModifiedDate>2013-05-09 00:00:00</ModifiedDate></ProductListPriceHistory>
<ProductListPriceHistory><ProductID>969</ProductID><StartDate>2013-05-30 00:00:00</StartDate><EndDate></EndDate><ListPrice>2384.0700</ListPrice><ModifiedDate>2013-05-09 00:00:00</ModifiedDate></ProductListPriceHistory>
<ProductListPriceHistory><ProductID>970</ProductID><StartDate>2013-05-30 00:00:00</StartDate><EndDate></EndDate><ListPrice>1214.8500</ListPrice><ModifiedDate>2013-05-09 00:00:00</ModifiedDate></ProductListPriceHistory>
<ProductListPriceHistory><ProductID>971</ProductID><StartDate>2013-05-30 00:00:00</StartDate><EndDate></EndDate><ListPrice>1214.8500</ListPrice><ModifiedDate>2013-05-09 00:00:00</ModifiedDate></ProductListPriceHistory>
<ProductListPriceHistory><ProductID>972</ProductID><StartDate>2013-05-30 00:00:00</StartDate><EndDate></EndDate><ListPrice>1214.8500</ListPrice><ModifiedDate>2013-05-09 00:00:00</ModifiedDate></ProductListPriceHistory>
<ProductListPriceHistory><ProductID>973</ProductID><StartDate>2013-05-30 00:00:00</StartDate><EndDate></EndDate><ListPrice>1700.9900</ListPrice><ModifiedDate>2013-05-09 00:00:00</ModifiedDate></ProductListPriceHistory>
<ProductListPriceHistory><ProductID>974</ProductID><StartDate>2013-05-30 00:00:00</StartDate><EndDate></EndDate><ListPrice>1700.9900</ListPrice><ModifiedDate>2013-05-09 00:00:00</ModifiedDate></ProductListPriceHistory>
<ProductListPriceHistory><ProductID>975</ProductID><StartDate>2013-05-30 00:00:00</StartDate><EndDate></EndDate><ListPrice>1700.9900</ListPrice><ModifiedDate>2013-05-09 00:00:00</ModifiedDate></ProductListPriceHistory>
<ProductListPriceHistory><ProductID>976</ProductID><StartDate>2013-05-30 00:00:00</StartDate><EndDate></EndDate><ListPrice>1700.9900</ListPrice><ModifiedDate>2013-05-09 00:00:00</ModifiedDate></ProductListPriceHistory>
<ProductListPriceHistory><ProductID>977</ProductID><StartDate>2013-05-30 00:00:00</StartDate><EndDate></EndDate><ListPrice>539.9900</ListPrice><ModifiedDate>2013-05-09 00:00:00</ModifiedDate></ProductListPriceHistory>
<ProductListPriceHistory><ProductID>978</ProductID><StartDate>2013-05-30 00:00:00</StartDate><EndDate></EndDate><ListPrice>742.3500</ListPrice><ModifiedDate>2013-05-09 00:00:00</ModifiedDate></ProductListPriceHistory>
<ProductListPriceHistory><ProductID>979</ProductID><StartDate>2013-05-30 00:00:00</StartDate><EndDate></EndDate><ListPrice>742.3500</ListPrice><ModifiedDate>2013-05-09 00:00:00</ModifiedDate></ProductListPriceHistory>
<ProductListPriceHistory><ProductID>980</ProductID><StartDate>2013-05-30 00:00:00</StartDate><EndDate></EndDate><ListPrice>769.4900</ListPrice><ModifiedDate>2013-05-09 00:00:00</ModifiedDate></ProductListPriceHistory>
<ProductListPriceHistory><ProductID>981</ProductID><StartDate>2013-05-30 00:00:00</StartDate><EndDate></EndDate><ListPrice>769.4900</ListPrice><ModifiedDate>2013-05-09 00:00:00</ModifiedDate></ProductListPriceHistory>
<ProductListPriceHistory><ProductID>982</ProductID><StartDate>2013-05-30 00:00:00</StartDate><EndDate></EndDate><ListPrice>769.4900</ListPrice><ModifiedDate>2013-05-09 00:00:00</ModifiedDate></ProductListPriceHistory>
<ProductListPriceHistory><ProductID>983</ProductID><StartDate>2013-05-30 00:00:00</StartDate><EndDate></EndDate><ListPrice>769.4900</ListPrice><ModifiedDate>2013-05-09 00:00:00</ModifiedDate></ProductListPriceHistory>
<ProductListPriceHistory><ProductID>984</ProductID><StartDate>2013-05-30 00:00:00</StartDate><EndDate></EndDate><ListPrice>564.9900</ListPrice><ModifiedDate>2013-05-09 00:00:00</ModifiedDate></ProductListPriceHistory>
<ProductListPriceHistory><ProductID>985</ProductID><StartDate>2013-05-30 00:00:00</StartDate><EndDate></EndDate><ListPrice>564.9900</ListPrice><ModifiedDate>2013-05-09 00:00:00</ModifiedDate></ProductListPriceHistory>
<ProductListPriceHistory><ProductID>986</ProductID><StartDate>2013-05-30 00:00:00</StartDate><EndDate></EndDate><ListPrice>564.9900</ListPrice><ModifiedDate>2013-05-09 00:00:00</ModifiedDate></ProductListPriceHistory>
<ProductListPriceHistory><ProductID>987</ProductID><StartDate>2013-05-30 00:00:00</StartDate><EndDate></EndDate><ListPrice>564.9900</ListPrice><ModifiedDate>2013-05-09 00:00:00</ModifiedDate></ProductListPriceHistory>
<ProductListPriceHistory><ProductID>988</ProductID><StartDate>2013-05-30 00:00:00</StartDate><EndDate></EndDate><ListPrice>564.9900</ListPrice><ModifiedDate>2013-05-09 00:00:00</ModifiedDate></ProductListPriceHistory>
<ProductListPriceHistory><ProductID>989</ProductID><StartDate>2013-05-30 00:00:00</StartDate><EndDate></EndDate><ListPrice>539.9900</ListPrice><ModifiedDate>2013-05-09 00:00:00</ModifiedDate></ProductListPriceHistory>
<ProductListPriceHistory><ProductID>990</ProductID><StartDate>2013-05-30 00:00:00</StartDate><EndDate></EndDate><ListPrice>539.9900</ListPrice><ModifiedDate>2013-05-09 00:00:00</ModifiedDate></ProductListPriceHistory>
<ProductListPriceHistory><ProductID>991</ProductID><StartDate>2013-05-30 00:00:00</StartDate><EndDate></EndDate><ListPrice>539.9900</ListPrice><ModifiedDate>2013-05-09 00:00:00</ModifiedDate></ProductListPriceHistory>
<ProductListPriceHistory><ProductID>992</ProductID><StartDate>2013-05-30 00:00:00</StartDate><EndDate></EndDate><ListPrice>539.9900</ListPrice><ModifiedDate>2013-05-09 00:00:00</ModifiedDate></ProductListPriceHistory>
<ProductListPriceHistory><ProductID>993</ProductID><StartDate>2013-05-30 00:00:00</StartDate><EndDate></EndDate><ListPrice>539.9900</ListPrice><ModifiedDate>2013-05-09 00:00:00</ModifiedDate></ProductListPriceHistory>
<ProductListPriceHistory><ProductID>994</ProductID><StartDate>2013-05-30 00:00:00</StartDate><EndDate></EndDate><ListPrice>53.9900</ListPrice><ModifiedDate>2013-05-09 00:00:00</ModifiedDate></ProductListPriceHistory>
<ProductListPriceHistory><ProductID>995</ProductID><StartDate>2013-05-30 00:00:00</StartDate><EndDate></EndDate><ListPrice>101.2400</ListPrice><ModifiedDate>2013-05-09 00:00:00</ModifiedDate></ProductListPriceHistory>
<ProductListPriceHistory><ProductID>996</ProductID><StartDate>2013-05-30 00:00:00</StartDate><EndDate></EndDate><ListPrice>121.4900</ListPrice><ModifiedDate>2013-05-09 00:00:00</ModifiedDate></ProductListPriceHistory>
<ProductListPriceHistory><ProductID>997</ProductID><StartDate>2013-05-30 00:00:00</StartDate><EndDate></EndDate><ListPrice>539.9900</ListPrice><ModifiedDate>2013-05-09 00:00:00</ModifiedDate></ProductListPriceHistory>
<ProductListPriceHistory><ProductID>998</ProductID><StartDate>2013-05-30 00:00:00</StartDate><EndDate></EndDate><ListPrice>539.9900</ListPrice><ModifiedDate>2013-05-09 00:00:00</ModifiedDate></ProductListPriceHistory>
<ProductListPriceHistory><ProductID>999</ProductID><StartDate>2013-05-30 00:00:00</StartDate><EndDate></EndDate><ListPrice>539.9900</ListPrice><ModifiedDate>2013-05-09 00:00:00</ModifiedDate></ProductListPriceHistory>
</DataTable>
