<DataTable>
<SalesTaxRate><SalesTaxRateID>1</SalesTaxRateID><StateProvinceID>1</StateProvinceID><TaxType>1</TaxType><TaxRate>14.0000</TaxRate><Name>Canadian GST + Alberta Provincial Tax</Name><ModifiedDate>2008-04-30 00:00:00</ModifiedDate></SalesTaxRate>
<SalesTaxRate><SalesTaxRateID>2</SalesTaxRateID><StateProvinceID>57</StateProvinceID><TaxType>1</TaxType><TaxRate>14.2500</TaxRate><Name>Canadian GST + Ontario Provincial Tax</Name><ModifiedDate>2008-04-30 00:00:00</ModifiedDate></SalesTaxRate>
<SalesTaxRate><SalesTaxRateID>3</SalesTaxRateID><StateProvinceID>63</StateProvinceID><TaxType>1</TaxType><TaxRate>14.2500</TaxRate><Name>Canadian GST + Quebec Provincial Tax</Name><ModifiedDate>2008-04-30 00:00:00</ModifiedDate></SalesTaxRate>
<SalesTaxRate><SalesTaxRateID>4</SalesTaxRateID><StateProvinceID>1</StateProvinceID><TaxType>2</TaxType><TaxRate>7.0000</TaxRate><Name>Canadian GST</Name><ModifiedDate>2008-04-30 00:00:00</ModifiedDate></SalesTaxRate>
<SalesTaxRate><SalesTaxRateID>5</SalesTaxRateID><StateProvinceID>57</StateProvinceID><TaxType>2</TaxType><TaxRate>7.0000</TaxRate><Name>Canadian GST</Name><ModifiedDate>2008-04-30 00:00:00</ModifiedDate></SalesTaxRate>
<SalesTaxRate><SalesTaxRateID>6</SalesTaxRateID><StateProvinceID>63</StateProvinceID><TaxType>2</TaxType><TaxRate>7.0000</TaxRate><Name>Canadian GST</Name><ModifiedDate>2008-04-30 00:00:00</ModifiedDate></SalesTaxRate>
<SalesTaxRate><SalesTaxRateID>7</SalesTaxRateID><StateProvinceID>7</StateProvinceID><TaxType>3</TaxType><TaxRate>7.0000</TaxRate><Name>Canadian GST</Name><ModifiedDate>2008-04-30 00:00:00</ModifiedDate></SalesTaxRate>
<SalesTaxRate><SalesTaxRateID>8</SalesTaxRateID><StateProvinceID>29</StateProvinceID><TaxType>3</TaxType><TaxRate>7.0000</TaxRate><Name>Canadian GST</Name><ModifiedDate>2008-04-30 00:00:00</ModifiedDate></SalesTaxRate>
<SalesTaxRate><SalesTaxRateID>9</SalesTaxRateID><StateProvinceID>31</StateProvinceID><TaxType>3</TaxType><TaxRate>7.0000</TaxRate><Name>Canadian GST</Name><ModifiedDate>2008-04-30 00:00:00</ModifiedDate></SalesTaxRate>
<SalesTaxRate><SalesTaxRateID>10</SalesTaxRateID><StateProvinceID>41</StateProvinceID><TaxType>3</TaxType><TaxRate>7.0000</TaxRate><Name>Canadian GST</Name><ModifiedDate>2008-04-30 00:00:00</ModifiedDate></SalesTaxRate>
<SalesTaxRate><SalesTaxRateID>11</SalesTaxRateID><StateProvinceID>45</StateProvinceID><TaxType>3</TaxType><TaxRate>7.0000</TaxRate><Name>Canadian GST</Name><ModifiedDate>2008-04-30 00:00:00</ModifiedDate></SalesTaxRate>
<SalesTaxRate><SalesTaxRateID>12</SalesTaxRateID><StateProvinceID>49</StateProvinceID><TaxType>3</TaxType><TaxRate>7.0000</TaxRate><Name>Canadian GST</Name><ModifiedDate>2008-04-30 00:00:00</ModifiedDate></SalesTaxRate>
<SalesTaxRate><SalesTaxRateID>13</SalesTaxRateID><StateProvinceID>51</StateProvinceID><TaxType>3</TaxType><TaxRate>7.0000</TaxRate><Name>Canadian GST</Name><ModifiedDate>2008-04-30 00:00:00</ModifiedDate></SalesTaxRate>
<SalesTaxRate><SalesTaxRateID>16</SalesTaxRateID><StateProvinceID>69</StateProvinceID><TaxType>3</TaxType><TaxRate>7.0000</TaxRate><Name>Canadian GST</Name><ModifiedDate>2008-04-30 00:00:00</ModifiedDate></SalesTaxRate>
<SalesTaxRate><SalesTaxRateID>17</SalesTaxRateID><StateProvinceID>83</StateProvinceID><TaxType>3</TaxType><TaxRate>7.0000</TaxRate><Name>Canadian GST</Name><ModifiedDate>2008-04-30 00:00:00</ModifiedDate></SalesTaxRate>
<SalesTaxRate><SalesTaxRateID>18</SalesTaxRateID><StateProvinceID>6</StateProvinceID><TaxType>1</TaxType><TaxRate>7.7500</TaxRate><Name>Arizona State Sales Tax</Name><ModifiedDate>2008-04-30 00:00:00</ModifiedDate></SalesTaxRate>
<SalesTaxRate><SalesTaxRateID>19</SalesTaxRateID><StateProvinceID>9</StateProvinceID><TaxType>1</TaxType><TaxRate>8.7500</TaxRate><Name>California State Sales Tax</Name><ModifiedDate>2008-04-30 00:00:00</ModifiedDate></SalesTaxRate>
<SalesTaxRate><SalesTaxRateID>20</SalesTaxRateID><StateProvinceID>15</StateProvinceID><TaxType>1</TaxType><TaxRate>8.0000</TaxRate><Name>Florida State Sales Tax</Name><ModifiedDate>2008-04-30 00:00:00</ModifiedDate></SalesTaxRate>
<SalesTaxRate><SalesTaxRateID>21</SalesTaxRateID><StateProvinceID>30</StateProvinceID><TaxType>1</TaxType><TaxRate>7.0000</TaxRate><Name>Massachusetts State Sales Tax</Name><ModifiedDate>2008-04-30 00:00:00</ModifiedDate></SalesTaxRate>
<SalesTaxRate><SalesTaxRateID>22</SalesTaxRateID><StateProvinceID>35</StateProvinceID><TaxType>1</TaxType><TaxRate>7.2500</TaxRate><Name>Michigan State Sales Tax</Name><ModifiedDate>2008-04-30 00:00:00</ModifiedDate></SalesTaxRate>
<SalesTaxRate><SalesTaxRateID>23</SalesTaxRateID><StateProvinceID>36</StateProvinceID><TaxType>1</TaxType><TaxRate>6.7500</TaxRate><Name>Minnesota State Sales Tax</Name><ModifiedDate>2008-04-30 00:00:00</ModifiedDate></SalesTaxRate>
<SalesTaxRate><SalesTaxRateID>24</SalesTaxRateID><StateProvinceID>72</StateProvinceID><TaxType>1</TaxType><TaxRate>7.2500</TaxRate><Name>Tennessese State Sales Tax</Name><ModifiedDate>2008-04-30 00:00:00</ModifiedDate></SalesTaxRate>
<SalesTaxRate><SalesTaxRateID>25</SalesTaxRateID><StateProvinceID>73</StateProvinceID><TaxType>1</TaxType><TaxRate>7.5000</TaxRate><Name>Texas State Sales Tax</Name><ModifiedDate>2008-04-30 00:00:00</ModifiedDate></SalesTaxRate>
<SalesTaxRate><SalesTaxRateID>26</SalesTaxRateID><StateProvinceID>74</StateProvinceID><TaxType>1</TaxType><TaxRate>5.0000</TaxRate><Name>Utah State Sales Tax</Name><ModifiedDate>2008-04-30 00:00:00</ModifiedDate></SalesTaxRate>
<SalesTaxRate><SalesTaxRateID>27</SalesTaxRateID><StateProvinceID>79</StateProvinceID><TaxType>1</TaxType><TaxRate>8.8000</TaxRate><Name>Washington State Sales Tax</Name><ModifiedDate>2008-04-30 00:00:00</ModifiedDate></SalesTaxRate>
<SalesTaxRate><SalesTaxRateID>28</SalesTaxRateID><StateProvinceID>77</StateProvinceID><TaxType>3</TaxType><TaxRate>10.0000</TaxRate><Name>Taxable Supply</Name><ModifiedDate>2008-04-30 00:00:00</ModifiedDate></SalesTaxRate>
<SalesTaxRate><SalesTaxRateID>29</SalesTaxRateID><StateProvinceID>20</StateProvinceID><TaxType>3</TaxType><TaxRate>16.0000</TaxRate><Name>Germany Output Tax</Name><ModifiedDate>2008-04-30 00:00:00</ModifiedDate></SalesTaxRate>
<SalesTaxRate><SalesTaxRateID>30</SalesTaxRateID><StateProvinceID>84</StateProvinceID><TaxType>3</TaxType><TaxRate>19.6000</TaxRate><Name>France Output Tax</Name><ModifiedDate>2008-04-30 00:00:00</ModifiedDate></SalesTaxRate>
<SalesTaxRate><SalesTaxRateID>31</SalesTaxRateID><StateProvinceID>14</StateProvinceID><TaxType>3</TaxType><TaxRate>17.5000</TaxRate><Name>United Kingdom Output Tax</Name><ModifiedDate>2008-04-30 00:00:00</ModifiedDate></SalesTaxRate>
</DataTable>
