<DataTable>
<Vendor><BusinessEntityID>1492</BusinessEntityID><AccountNumber>AUSTRALI0001</AccountNumber><Name>Australia Bike Retailer</Name><CreditRating>1</CreditRating><PreferredVendorStatus>True</PreferredVendorStatus><ActiveFlag>True</ActiveFlag><PurchasingWebServiceURL></PurchasingWebServiceURL><ModifiedDate>2011-12-23 00:00:00</ModifiedDate></Vendor>
<Vendor><BusinessEntityID>1494</BusinessEntityID><AccountNumber>ALLENSON0001</AccountNumber><Name>Allenson Cycles</Name><CreditRating>2</CreditRating><PreferredVendorStatus>True</PreferredVendorStatus><ActiveFlag>True</ActiveFlag><PurchasingWebServiceURL></PurchasingWebServiceURL><ModifiedDate>2011-04-25 00:00:00</ModifiedDate></Vendor>
<Vendor><BusinessEntityID>1496</BusinessEntityID><AccountNumber>ADVANCED0001</AccountNumber><Name>Advanced Bicycles</Name><CreditRating>1</CreditRating><PreferredVendorStatus>True</PreferredVendorStatus><ActiveFlag>True</ActiveFlag><PurchasingWebServiceURL></PurchasingWebServiceURL><ModifiedDate>2011-04-25 00:00:00</ModifiedDate></Vendor>
<Vendor><BusinessEntityID>1498</BusinessEntityID><AccountNumber>TRIKES0001</AccountNumber><Name>Trikes, Inc.</Name><CreditRating>2</CreditRating><PreferredVendorStatus>True</PreferredVendorStatus><ActiveFlag>True</ActiveFlag><PurchasingWebServiceURL></PurchasingWebServiceURL><ModifiedDate>2012-02-03 00:00:00</ModifiedDate></Vendor>
<Vendor><BusinessEntityID>1500</BusinessEntityID><AccountNumber>MORGANB0001</AccountNumber><Name>Morgan Bike Accessories</Name><CreditRating>1</CreditRating><PreferredVendorStatus>True</PreferredVendorStatus><ActiveFlag>True</ActiveFlag><PurchasingWebServiceURL></PurchasingWebServiceURL><ModifiedDate>2012-02-02 00:00:00</ModifiedDate></Vendor>
<Vendor><BusinessEntityID>1502</BusinessEntityID><AccountNumber>CYCLING0001</AccountNumber><Name>Cycling Master</Name><CreditRating>1</CreditRating><PreferredVendorStatus>True</PreferredVendorStatus><ActiveFlag>True</ActiveFlag><PurchasingWebServiceURL></PurchasingWebServiceURL><ModifiedDate>2011-12-24 00:00:00</ModifiedDate></Vendor>
<Vendor><BusinessEntityID>1504</BusinessEntityID><AccountNumber>CHICAGO0002</AccountNumber><Name>Chicago Rent-All</Name><CreditRating>2</CreditRating><PreferredVendorStatus>True</PreferredVendorStatus><ActiveFlag>True</ActiveFlag><PurchasingWebServiceURL></PurchasingWebServiceURL><ModifiedDate>2011-12-24 00:00:00</ModifiedDate></Vendor>
<Vendor><BusinessEntityID>1506</BusinessEntityID><AccountNumber>GREENWOO0001</AccountNumber><Name>Greenwood Athletic Company</Name><CreditRating>1</CreditRating><PreferredVendorStatus>True</PreferredVendorStatus><ActiveFlag>True</ActiveFlag><PurchasingWebServiceURL></PurchasingWebServiceURL><ModifiedDate>2012-01-25 00:00:00</ModifiedDate></Vendor>
<Vendor><BusinessEntityID>1508</BusinessEntityID><AccountNumber>COMPETE0001</AccountNumber><Name>Compete Enterprises, Inc</Name><CreditRating>1</CreditRating><PreferredVendorStatus>True</PreferredVendorStatus><ActiveFlag>True</ActiveFlag><PurchasingWebServiceURL></PurchasingWebServiceURL><ModifiedDate>2011-12-24 00:00:00</ModifiedDate></Vendor>
<Vendor><BusinessEntityID>1510</BusinessEntityID><AccountNumber>INTERNAT0001</AccountNumber><Name>International</Name><CreditRating>1</CreditRating><PreferredVendorStatus>True</PreferredVendorStatus><ActiveFlag>True</ActiveFlag><PurchasingWebServiceURL></PurchasingWebServiceURL><ModifiedDate>2012-01-25 00:00:00</ModifiedDate></Vendor>
<Vendor><BusinessEntityID>1512</BusinessEntityID><AccountNumber>LIGHTSP0001</AccountNumber><Name>Light Speed</Name><CreditRating>1</CreditRating><PreferredVendorStatus>True</PreferredVendorStatus><ActiveFlag>True</ActiveFlag><PurchasingWebServiceURL></PurchasingWebServiceURL><ModifiedDate>2011-12-23 00:00:00</ModifiedDate></Vendor>
<Vendor><BusinessEntityID>1514</BusinessEntityID><AccountNumber>TRAINING0001</AccountNumber><Name>Training Systems</Name><CreditRating>1</CreditRating><PreferredVendorStatus>True</PreferredVendorStatus><ActiveFlag>True</ActiveFlag><PurchasingWebServiceURL></PurchasingWebServiceURL><ModifiedDate>2012-02-03 00:00:00</ModifiedDate></Vendor>
<Vendor><BusinessEntityID>1516</BusinessEntityID><AccountNumber>GARDNER0001</AccountNumber><Name>Gardner Touring Cycles</Name><CreditRating>1</CreditRating><PreferredVendorStatus>False</PreferredVendorStatus><ActiveFlag>False</ActiveFlag><PurchasingWebServiceURL></PurchasingWebServiceURL><ModifiedDate>2012-01-25 00:00:00</ModifiedDate></Vendor>
<Vendor><BusinessEntityID>1518</BusinessEntityID><AccountNumber>INTERNAT0004</AccountNumber><Name>International Trek Center</Name><CreditRating>1</CreditRating><PreferredVendorStatus>True</PreferredVendorStatus><ActiveFlag>True</ActiveFlag><PurchasingWebServiceURL></PurchasingWebServiceURL><ModifiedDate>2011-12-24 00:00:00</ModifiedDate></Vendor>
<Vendor><BusinessEntityID>1520</BusinessEntityID><AccountNumber>G&amp;KBI0001</AccountNumber><Name>G &amp; K Bicycle Corp.</Name><CreditRating>1</CreditRating><PreferredVendorStatus>True</PreferredVendorStatus><ActiveFlag>True</ActiveFlag><PurchasingWebServiceURL></PurchasingWebServiceURL><ModifiedDate>2011-12-24 00:00:00</ModifiedDate></Vendor>
<Vendor><BusinessEntityID>1522</BusinessEntityID><AccountNumber>FIRSTNA0001</AccountNumber><Name>First National Sport Co.</Name><CreditRating>1</CreditRating><PreferredVendorStatus>True</PreferredVendorStatus><ActiveFlag>True</ActiveFlag><PurchasingWebServiceURL></PurchasingWebServiceURL><ModifiedDate>2012-01-25 00:00:00</ModifiedDate></Vendor>
<Vendor><BusinessEntityID>1524</BusinessEntityID><AccountNumber>RECREATI0001</AccountNumber><Name>Recreation Place</Name><CreditRating>4</CreditRating><PreferredVendorStatus>True</PreferredVendorStatus><ActiveFlag>True</ActiveFlag><PurchasingWebServiceURL></PurchasingWebServiceURL><ModifiedDate>2012-02-02 00:00:00</ModifiedDate></Vendor>
<Vendor><BusinessEntityID>1526</BusinessEntityID><AccountNumber>INTERNAT0002</AccountNumber><Name>International Bicycles</Name><CreditRating>1</CreditRating><PreferredVendorStatus>True</PreferredVendorStatus><ActiveFlag>True</ActiveFlag><PurchasingWebServiceURL></PurchasingWebServiceURL><ModifiedDate>2012-01-25 00:00:00</ModifiedDate></Vendor>
<Vendor><BusinessEntityID>1528</BusinessEntityID><AccountNumber>IMAGEMA0001</AccountNumber><Name>Image Makers Bike Center</Name><CreditRating>1</CreditRating><PreferredVendorStatus>True</PreferredVendorStatus><ActiveFlag>True</ActiveFlag><PurchasingWebServiceURL></PurchasingWebServiceURL><ModifiedDate>2012-02-03 00:00:00</ModifiedDate></Vendor>
<Vendor><BusinessEntityID>1530</BusinessEntityID><AccountNumber>COMFORT0001</AccountNumber><Name>Comfort Road Bicycles</Name><CreditRating>1</CreditRating><PreferredVendorStatus>True</PreferredVendorStatus><ActiveFlag>True</ActiveFlag><PurchasingWebServiceURL></PurchasingWebServiceURL><ModifiedDate>2011-12-24 00:00:00</ModifiedDate></Vendor>
<Vendor><BusinessEntityID>1532</BusinessEntityID><AccountNumber>KNOPFLER0001</AccountNumber><Name>Knopfler Cycles</Name><CreditRating>1</CreditRating><PreferredVendorStatus>True</PreferredVendorStatus><ActiveFlag>True</ActiveFlag><PurchasingWebServiceURL></PurchasingWebServiceURL><ModifiedDate>2012-01-29 00:00:00</ModifiedDate></Vendor>
<Vendor><BusinessEntityID>1534</BusinessEntityID><AccountNumber>READYRE0001</AccountNumber><Name>Ready Rentals</Name><CreditRating>1</CreditRating><PreferredVendorStatus>True</PreferredVendorStatus><ActiveFlag>True</ActiveFlag><PurchasingWebServiceURL></PurchasingWebServiceURL><ModifiedDate>2012-02-02 00:00:00</ModifiedDate></Vendor>
<Vendor><BusinessEntityID>1536</BusinessEntityID><AccountNumber>CRUGERB0001</AccountNumber><Name>Cruger Bike Company</Name><CreditRating>1</CreditRating><PreferredVendorStatus>True</PreferredVendorStatus><ActiveFlag>True</ActiveFlag><PurchasingWebServiceURL></PurchasingWebServiceURL><ModifiedDate>2012-01-17 00:00:00</ModifiedDate></Vendor>
<Vendor><BusinessEntityID>1538</BusinessEntityID><AccountNumber>VISTARO0001</AccountNumber><Name>Vista Road Bikes</Name><CreditRating>3</CreditRating><PreferredVendorStatus>True</PreferredVendorStatus><ActiveFlag>True</ActiveFlag><PurchasingWebServiceURL></PurchasingWebServiceURL><ModifiedDate>2012-02-18 00:00:00</ModifiedDate></Vendor>
<Vendor><BusinessEntityID>1540</BusinessEntityID><AccountNumber>BERGERON0001</AccountNumber><Name>Bergeron Off-Roads</Name><CreditRating>1</CreditRating><PreferredVendorStatus>True</PreferredVendorStatus><ActiveFlag>True</ActiveFlag><PurchasingWebServiceURL></PurchasingWebServiceURL><ModifiedDate>2011-12-23 00:00:00</ModifiedDate></Vendor>
<Vendor><BusinessEntityID>1542</BusinessEntityID><AccountNumber>HILLSBI0001</AccountNumber><Name>Hill&#39;s Bicycle Service</Name><CreditRating>1</CreditRating><PreferredVendorStatus>True</PreferredVendorStatus><ActiveFlag>True</ActiveFlag><PurchasingWebServiceURL></PurchasingWebServiceURL><ModifiedDate>2012-01-25 00:00:00</ModifiedDate></Vendor>
<Vendor><BusinessEntityID>1544</BusinessEntityID><AccountNumber>CIRCUIT0001</AccountNumber><Name>Circuit Cycles</Name><CreditRating>1</CreditRating><PreferredVendorStatus>False</PreferredVendorStatus><ActiveFlag>False</ActiveFlag><PurchasingWebServiceURL></PurchasingWebServiceURL><ModifiedDate>2011-12-24 00:00:00</ModifiedDate></Vendor>
<Vendor><BusinessEntityID>1546</BusinessEntityID><AccountNumber>GREENLA0001</AccountNumber><Name>Green Lake Bike Company</Name><CreditRating>1</CreditRating><PreferredVendorStatus>True</PreferredVendorStatus><ActiveFlag>True</ActiveFlag><PurchasingWebServiceURL></PurchasingWebServiceURL><ModifiedDate>2012-01-29 00:00:00</ModifiedDate></Vendor>
<Vendor><BusinessEntityID>1548</BusinessEntityID><AccountNumber>CONSUMER0001</AccountNumber><Name>Consumer Cycles</Name><CreditRating>3</CreditRating><PreferredVendorStatus>True</PreferredVendorStatus><ActiveFlag>True</ActiveFlag><PurchasingWebServiceURL></PurchasingWebServiceURL><ModifiedDate>2011-12-24 00:00:00</ModifiedDate></Vendor>
<Vendor><BusinessEntityID>1550</BusinessEntityID><AccountNumber>MERITBI0001</AccountNumber><Name>Merit Bikes</Name><CreditRating>5</CreditRating><PreferredVendorStatus>True</PreferredVendorStatus><ActiveFlag>True</ActiveFlag><PurchasingWebServiceURL></PurchasingWebServiceURL><ModifiedDate>2012-02-03 00:00:00</ModifiedDate></Vendor>
<Vendor><BusinessEntityID>1552</BusinessEntityID><AccountNumber>SPORTSH0001</AccountNumber><Name>Sports House</Name><CreditRating>1</CreditRating><PreferredVendorStatus>True</PreferredVendorStatus><ActiveFlag>True</ActiveFlag><PurchasingWebServiceURL></PurchasingWebServiceURL><ModifiedDate>2012-01-25 00:00:00</ModifiedDate></Vendor>
<Vendor><BusinessEntityID>1554</BusinessEntityID><AccountNumber>WESTAMER0001</AccountNumber><Name>WestAmerica Bicycle Co.</Name><CreditRating>1</CreditRating><PreferredVendorStatus>False</PreferredVendorStatus><ActiveFlag>True</ActiveFlag><PurchasingWebServiceURL></PurchasingWebServiceURL><ModifiedDate>2012-02-18 00:00:00</ModifiedDate></Vendor>
<Vendor><BusinessEntityID>1556</BusinessEntityID><AccountNumber>WESTJUN0001</AccountNumber><Name>West Junction Cycles</Name><CreditRating>1</CreditRating><PreferredVendorStatus>True</PreferredVendorStatus><ActiveFlag>True</ActiveFlag><PurchasingWebServiceURL></PurchasingWebServiceURL><ModifiedDate>2012-02-18 00:00:00</ModifiedDate></Vendor>
<Vendor><BusinessEntityID>1558</BusinessEntityID><AccountNumber>MARSH0001</AccountNumber><Name>Marsh</Name><CreditRating>1</CreditRating><PreferredVendorStatus>True</PreferredVendorStatus><ActiveFlag>True</ActiveFlag><PurchasingWebServiceURL></PurchasingWebServiceURL><ModifiedDate>2012-02-03 00:00:00</ModifiedDate></Vendor>
<Vendor><BusinessEntityID>1560</BusinessEntityID><AccountNumber>CAPITAL0001</AccountNumber><Name>Capital Road Cycles</Name><CreditRating>1</CreditRating><PreferredVendorStatus>True</PreferredVendorStatus><ActiveFlag>True</ActiveFlag><PurchasingWebServiceURL></PurchasingWebServiceURL><ModifiedDate>2011-12-24 00:00:00</ModifiedDate></Vendor>
<Vendor><BusinessEntityID>1562</BusinessEntityID><AccountNumber>NORSTAN0001</AccountNumber><Name>Norstan Bike Hut</Name><CreditRating>1</CreditRating><PreferredVendorStatus>True</PreferredVendorStatus><ActiveFlag>True</ActiveFlag><PurchasingWebServiceURL></PurchasingWebServiceURL><ModifiedDate>2012-02-02 00:00:00</ModifiedDate></Vendor>
<Vendor><BusinessEntityID>1564</BusinessEntityID><AccountNumber>ILLINOIS0001</AccountNumber><Name>Illinois Trek &amp; Clothing</Name><CreditRating>1</CreditRating><PreferredVendorStatus>True</PreferredVendorStatus><ActiveFlag>True</ActiveFlag><PurchasingWebServiceURL></PurchasingWebServiceURL><ModifiedDate>2011-12-23 00:00:00</ModifiedDate></Vendor>
<Vendor><BusinessEntityID>1566</BusinessEntityID><AccountNumber>BURNETT0001</AccountNumber><Name>Burnett Road Warriors</Name><CreditRating>1</CreditRating><PreferredVendorStatus>True</PreferredVendorStatus><ActiveFlag>True</ActiveFlag><PurchasingWebServiceURL></PurchasingWebServiceURL><ModifiedDate>2011-12-23 00:00:00</ModifiedDate></Vendor>
<Vendor><BusinessEntityID>1568</BusinessEntityID><AccountNumber>CUSTOMF0001</AccountNumber><Name>Custom Frames, Inc.</Name><CreditRating>2</CreditRating><PreferredVendorStatus>True</PreferredVendorStatus><ActiveFlag>True</ActiveFlag><PurchasingWebServiceURL></PurchasingWebServiceURL><ModifiedDate>2012-01-17 00:00:00</ModifiedDate></Vendor>
<Vendor><BusinessEntityID>1570</BusinessEntityID><AccountNumber>FIRSTRA0001</AccountNumber><Name>First Rate Bicycles</Name><CreditRating>1</CreditRating><PreferredVendorStatus>True</PreferredVendorStatus><ActiveFlag>True</ActiveFlag><PurchasingWebServiceURL></PurchasingWebServiceURL><ModifiedDate>2012-01-25 00:00:00</ModifiedDate></Vendor>
<Vendor><BusinessEntityID>1572</BusinessEntityID><AccountNumber>NATIONAL0001</AccountNumber><Name>National Bike Association</Name><CreditRating>1</CreditRating><PreferredVendorStatus>True</PreferredVendorStatus><ActiveFlag>True</ActiveFlag><PurchasingWebServiceURL></PurchasingWebServiceURL><ModifiedDate>2012-02-02 00:00:00</ModifiedDate></Vendor>
<Vendor><BusinessEntityID>1574</BusinessEntityID><AccountNumber>JEFFSSP0001</AccountNumber><Name>Jeff&#39;s Sporting Goods</Name><CreditRating>1</CreditRating><PreferredVendorStatus>True</PreferredVendorStatus><ActiveFlag>True</ActiveFlag><PurchasingWebServiceURL></PurchasingWebServiceURL><ModifiedDate>2011-12-24 00:00:00</ModifiedDate></Vendor>
<Vendor><BusinessEntityID>1576</BusinessEntityID><AccountNumber>SUPERIOR0001</AccountNumber><Name>Superior Bicycles</Name><CreditRating>1</CreditRating><PreferredVendorStatus>True</PreferredVendorStatus><ActiveFlag>True</ActiveFlag><PurchasingWebServiceURL></PurchasingWebServiceURL><ModifiedDate>2012-02-03 00:00:00</ModifiedDate></Vendor>
<Vendor><BusinessEntityID>1578</BusinessEntityID><AccountNumber>VISIONC0001</AccountNumber><Name>Vision Cycles, Inc.</Name><CreditRating>1</CreditRating><PreferredVendorStatus>False</PreferredVendorStatus><ActiveFlag>True</ActiveFlag><PurchasingWebServiceURL></PurchasingWebServiceURL><ModifiedDate>2012-02-18 00:00:00</ModifiedDate></Vendor>
<Vendor><BusinessEntityID>1580</BusinessEntityID><AccountNumber>LITWARE0001</AccountNumber><Name>Litware, Inc.</Name><CreditRating>1</CreditRating><PreferredVendorStatus>True</PreferredVendorStatus><ActiveFlag>True</ActiveFlag><PurchasingWebServiceURL>www.litwareinc.com/</PurchasingWebServiceURL><ModifiedDate>2011-04-25 00:00:00</ModifiedDate></Vendor>
<Vendor><BusinessEntityID>1582</BusinessEntityID><AccountNumber>INNERCI0001</AccountNumber><Name>Inner City Bikes</Name><CreditRating>3</CreditRating><PreferredVendorStatus>True</PreferredVendorStatus><ActiveFlag>True</ActiveFlag><PurchasingWebServiceURL></PurchasingWebServiceURL><ModifiedDate>2012-01-25 00:00:00</ModifiedDate></Vendor>
<Vendor><BusinessEntityID>1584</BusinessEntityID><AccountNumber>TREYRE0001</AccountNumber><Name>Trey Research</Name><CreditRating>3</CreditRating><PreferredVendorStatus>True</PreferredVendorStatus><ActiveFlag>True</ActiveFlag><PurchasingWebServiceURL>www.treyresearch.net/</PurchasingWebServiceURL><ModifiedDate>2012-01-25 00:00:00</ModifiedDate></Vendor>
<Vendor><BusinessEntityID>1586</BusinessEntityID><AccountNumber>MITCHELL0001</AccountNumber><Name>Mitchell Sports</Name><CreditRating>1</CreditRating><PreferredVendorStatus>True</PreferredVendorStatus><ActiveFlag>True</ActiveFlag><PurchasingWebServiceURL></PurchasingWebServiceURL><ModifiedDate>2012-02-02 00:00:00</ModifiedDate></Vendor>
<Vendor><BusinessEntityID>1588</BusinessEntityID><AccountNumber>SIGNATUR0001</AccountNumber><Name>Signature Cycles</Name><CreditRating>2</CreditRating><PreferredVendorStatus>True</PreferredVendorStatus><ActiveFlag>True</ActiveFlag><PurchasingWebServiceURL></PurchasingWebServiceURL><ModifiedDate>2012-02-02 00:00:00</ModifiedDate></Vendor>
<Vendor><BusinessEntityID>1590</BusinessEntityID><AccountNumber>SUPERSAL0001</AccountNumber><Name>SUPERSALES INC.</Name><CreditRating>1</CreditRating><PreferredVendorStatus>True</PreferredVendorStatus><ActiveFlag>True</ActiveFlag><PurchasingWebServiceURL></PurchasingWebServiceURL><ModifiedDate>2012-02-03 00:00:00</ModifiedDate></Vendor>
<Vendor><BusinessEntityID>1592</BusinessEntityID><AccountNumber>LINDELL0001</AccountNumber><Name>Lindell</Name><CreditRating>1</CreditRating><PreferredVendorStatus>True</PreferredVendorStatus><ActiveFlag>True</ActiveFlag><PurchasingWebServiceURL></PurchasingWebServiceURL><ModifiedDate>2012-01-29 00:00:00</ModifiedDate></Vendor>
<Vendor><BusinessEntityID>1594</BusinessEntityID><AccountNumber>FITNESS0001</AccountNumber><Name>Fitness Association</Name><CreditRating>1</CreditRating><PreferredVendorStatus>True</PreferredVendorStatus><ActiveFlag>True</ActiveFlag><PurchasingWebServiceURL></PurchasingWebServiceURL><ModifiedDate>2012-02-03 00:00:00</ModifiedDate></Vendor>
<Vendor><BusinessEntityID>1596</BusinessEntityID><AccountNumber>ADATUM0001</AccountNumber><Name>A. Datum Corporation</Name><CreditRating>1</CreditRating><PreferredVendorStatus>True</PreferredVendorStatus><ActiveFlag>True</ActiveFlag><PurchasingWebServiceURL>www.adatum.com/</PurchasingWebServiceURL><ModifiedDate>2011-12-24 00:00:00</ModifiedDate></Vendor>
<Vendor><BusinessEntityID>1598</BusinessEntityID><AccountNumber>CONTINEN0001</AccountNumber><Name>Continental Pro Cycles</Name><CreditRating>3</CreditRating><PreferredVendorStatus>True</PreferredVendorStatus><ActiveFlag>True</ActiveFlag><PurchasingWebServiceURL></PurchasingWebServiceURL><ModifiedDate>2011-12-24 00:00:00</ModifiedDate></Vendor>
<Vendor><BusinessEntityID>1600</BusinessEntityID><AccountNumber>FEDERAL0001</AccountNumber><Name>Federal Sport</Name><CreditRating>3</CreditRating><PreferredVendorStatus>True</PreferredVendorStatus><ActiveFlag>True</ActiveFlag><PurchasingWebServiceURL></PurchasingWebServiceURL><ModifiedDate>2012-01-25 00:00:00</ModifiedDate></Vendor>
<Vendor><BusinessEntityID>1602</BusinessEntityID><AccountNumber>BEAUMONT0001</AccountNumber><Name>Beaumont Bikes</Name><CreditRating>1</CreditRating><PreferredVendorStatus>False</PreferredVendorStatus><ActiveFlag>True</ActiveFlag><PurchasingWebServiceURL></PurchasingWebServiceURL><ModifiedDate>2011-12-23 00:00:00</ModifiedDate></Vendor>
<Vendor><BusinessEntityID>1604</BusinessEntityID><AccountNumber>BIKESAT0001</AccountNumber><Name>Bike Satellite Inc.</Name><CreditRating>1</CreditRating><PreferredVendorStatus>False</PreferredVendorStatus><ActiveFlag>True</ActiveFlag><PurchasingWebServiceURL></PurchasingWebServiceURL><ModifiedDate>2011-12-23 00:00:00</ModifiedDate></Vendor>
<Vendor><BusinessEntityID>1606</BusinessEntityID><AccountNumber>NORTHW0001</AccountNumber><Name>Northwind Traders</Name><CreditRating>1</CreditRating><PreferredVendorStatus>True</PreferredVendorStatus><ActiveFlag>True</ActiveFlag><PurchasingWebServiceURL>www.northwindtraders.com/</PurchasingWebServiceURL><ModifiedDate>2012-01-25 00:00:00</ModifiedDate></Vendor>
<Vendor><BusinessEntityID>1608</BusinessEntityID><AccountNumber>SPORTPL0001</AccountNumber><Name>Sport Playground</Name><CreditRating>1</CreditRating><PreferredVendorStatus>True</PreferredVendorStatus><ActiveFlag>True</ActiveFlag><PurchasingWebServiceURL></PurchasingWebServiceURL><ModifiedDate>2012-02-02 00:00:00</ModifiedDate></Vendor>
<Vendor><BusinessEntityID>1610</BusinessEntityID><AccountNumber>HYBRIDB0001</AccountNumber><Name>Hybrid Bicycle Center</Name><CreditRating>1</CreditRating><PreferredVendorStatus>True</PreferredVendorStatus><ActiveFlag>True</ActiveFlag><PurchasingWebServiceURL></PurchasingWebServiceURL><ModifiedDate>2012-01-25 00:00:00</ModifiedDate></Vendor>
<Vendor><BusinessEntityID>1612</BusinessEntityID><AccountNumber>MIDWEST0001</AccountNumber><Name>Midwest Sport, Inc.</Name><CreditRating>1</CreditRating><PreferredVendorStatus>True</PreferredVendorStatus><ActiveFlag>True</ActiveFlag><PurchasingWebServiceURL></PurchasingWebServiceURL><ModifiedDate>2012-02-02 00:00:00</ModifiedDate></Vendor>
<Vendor><BusinessEntityID>1614</BusinessEntityID><AccountNumber>RELIANCE0001</AccountNumber><Name>Reliance Fitness, Inc.</Name><CreditRating>2</CreditRating><PreferredVendorStatus>False</PreferredVendorStatus><ActiveFlag>False</ActiveFlag><PurchasingWebServiceURL></PurchasingWebServiceURL><ModifiedDate>2012-02-02 00:00:00</ModifiedDate></Vendor>
<Vendor><BusinessEntityID>1616</BusinessEntityID><AccountNumber>AURORAB0001</AccountNumber><Name>Aurora Bike Center</Name><CreditRating>1</CreditRating><PreferredVendorStatus>True</PreferredVendorStatus><ActiveFlag>True</ActiveFlag><PurchasingWebServiceURL></PurchasingWebServiceURL><ModifiedDate>2011-05-09 00:00:00</ModifiedDate></Vendor>
<Vendor><BusinessEntityID>1618</BusinessEntityID><AccountNumber>METROSP0001</AccountNumber><Name>Metro Sport Equipment</Name><CreditRating>1</CreditRating><PreferredVendorStatus>True</PreferredVendorStatus><ActiveFlag>True</ActiveFlag><PurchasingWebServiceURL></PurchasingWebServiceURL><ModifiedDate>2012-01-29 00:00:00</ModifiedDate></Vendor>
<Vendor><BusinessEntityID>1620</BusinessEntityID><AccountNumber>LAKEWOOD0001</AccountNumber><Name>Lakewood Bicycle</Name><CreditRating>1</CreditRating><PreferredVendorStatus>True</PreferredVendorStatus><ActiveFlag>True</ActiveFlag><PurchasingWebServiceURL></PurchasingWebServiceURL><ModifiedDate>2012-01-29 00:00:00</ModifiedDate></Vendor>
<Vendor><BusinessEntityID>1622</BusinessEntityID><AccountNumber>SPEEDCO0001</AccountNumber><Name>Speed Corporation</Name><CreditRating>1</CreditRating><PreferredVendorStatus>True</PreferredVendorStatus><ActiveFlag>True</ActiveFlag><PurchasingWebServiceURL></PurchasingWebServiceURL><ModifiedDate>2012-02-02 00:00:00</ModifiedDate></Vendor>
<Vendor><BusinessEntityID>1624</BusinessEntityID><AccountNumber>COMPETIT0001</AccountNumber><Name>Competition Bike Training Systems</Name><CreditRating>1</CreditRating><PreferredVendorStatus>True</PreferredVendorStatus><ActiveFlag>True</ActiveFlag><PurchasingWebServiceURL></PurchasingWebServiceURL><ModifiedDate>2011-12-24 00:00:00</ModifiedDate></Vendor>
<Vendor><BusinessEntityID>1626</BusinessEntityID><AccountNumber>HILLBIC0001</AccountNumber><Name>Hill Bicycle Center</Name><CreditRating>1</CreditRating><PreferredVendorStatus>True</PreferredVendorStatus><ActiveFlag>True</ActiveFlag><PurchasingWebServiceURL></PurchasingWebServiceURL><ModifiedDate>2012-01-25 00:00:00</ModifiedDate></Vendor>
<Vendor><BusinessEntityID>1628</BusinessEntityID><AccountNumber>BICYCLE0001</AccountNumber><Name>Bicycle Specialists</Name><CreditRating>1</CreditRating><PreferredVendorStatus>True</PreferredVendorStatus><ActiveFlag>True</ActiveFlag><PurchasingWebServiceURL></PurchasingWebServiceURL><ModifiedDate>2011-12-23 00:00:00</ModifiedDate></Vendor>
<Vendor><BusinessEntityID>1630</BusinessEntityID><AccountNumber>INDIANA0001</AccountNumber><Name>Indiana Bicycle Center</Name><CreditRating>1</CreditRating><PreferredVendorStatus>True</PreferredVendorStatus><ActiveFlag>True</ActiveFlag><PurchasingWebServiceURL></PurchasingWebServiceURL><ModifiedDate>2012-02-02 00:00:00</ModifiedDate></Vendor>
<Vendor><BusinessEntityID>1632</BusinessEntityID><AccountNumber>SPORTFA0001</AccountNumber><Name>Sport Fan Co.</Name><CreditRating>1</CreditRating><PreferredVendorStatus>True</PreferredVendorStatus><ActiveFlag>True</ActiveFlag><PurchasingWebServiceURL></PurchasingWebServiceURL><ModifiedDate>2012-02-02 00:00:00</ModifiedDate></Vendor>
<Vendor><BusinessEntityID>1634</BusinessEntityID><AccountNumber>GMASKI0001</AccountNumber><Name>GMA Ski &amp; Bike</Name><CreditRating>1</CreditRating><PreferredVendorStatus>True</PreferredVendorStatus><ActiveFlag>True</ActiveFlag><PurchasingWebServiceURL></PurchasingWebServiceURL><ModifiedDate>2011-05-09 00:00:00</ModifiedDate></Vendor>
<Vendor><BusinessEntityID>1636</BusinessEntityID><AccountNumber>INTEGRAT0001</AccountNumber><Name>Integrated Sport Products</Name><CreditRating>1</CreditRating><PreferredVendorStatus>True</PreferredVendorStatus><ActiveFlag>True</ActiveFlag><PurchasingWebServiceURL></PurchasingWebServiceURL><ModifiedDate>2012-01-17 00:00:00</ModifiedDate></Vendor>
<Vendor><BusinessEntityID>1638</BusinessEntityID><AccountNumber>INLINEA0001</AccountNumber><Name>Inline Accessories</Name><CreditRating>1</CreditRating><PreferredVendorStatus>True</PreferredVendorStatus><ActiveFlag>True</ActiveFlag><PurchasingWebServiceURL></PurchasingWebServiceURL><ModifiedDate>2012-01-25 00:00:00</ModifiedDate></Vendor>
<Vendor><BusinessEntityID>1640</BusinessEntityID><AccountNumber>LEGENDC0001</AccountNumber><Name>Legend Cycles</Name><CreditRating>1</CreditRating><PreferredVendorStatus>True</PreferredVendorStatus><ActiveFlag>True</ActiveFlag><PurchasingWebServiceURL></PurchasingWebServiceURL><ModifiedDate>2012-02-02 00:00:00</ModifiedDate></Vendor>
<Vendor><BusinessEntityID>1642</BusinessEntityID><AccountNumber>ELECTRON0001</AccountNumber><Name>Electronic Bike Co.</Name><CreditRating>1</CreditRating><PreferredVendorStatus>True</PreferredVendorStatus><ActiveFlag>True</ActiveFlag><PurchasingWebServiceURL></PurchasingWebServiceURL><ModifiedDate>2012-02-02 00:00:00</ModifiedDate></Vendor>
<Vendor><BusinessEntityID>1644</BusinessEntityID><AccountNumber>INTERNAT0003</AccountNumber><Name>International Sport Assoc.</Name><CreditRating>1</CreditRating><PreferredVendorStatus>True</PreferredVendorStatus><ActiveFlag>True</ActiveFlag><PurchasingWebServiceURL></PurchasingWebServiceURL><ModifiedDate>2012-01-25 00:00:00</ModifiedDate></Vendor>
<Vendor><BusinessEntityID>1646</BusinessEntityID><AccountNumber>ELECTRON0002</AccountNumber><Name>Electronic Bike Repair &amp; Supplies</Name><CreditRating>1</CreditRating><PreferredVendorStatus>True</PreferredVendorStatus><ActiveFlag>True</ActiveFlag><PurchasingWebServiceURL></PurchasingWebServiceURL><ModifiedDate>2012-01-17 00:00:00</ModifiedDate></Vendor>
<Vendor><BusinessEntityID>1648</BusinessEntityID><AccountNumber>WIDEWOR0001</AccountNumber><Name>Wide World Importers</Name><CreditRating>2</CreditRating><PreferredVendorStatus>True</PreferredVendorStatus><ActiveFlag>True</ActiveFlag><PurchasingWebServiceURL>www.wideworldimporters.com/</PurchasingWebServiceURL><ModifiedDate>2012-01-17 00:00:00</ModifiedDate></Vendor>
<Vendor><BusinessEntityID>1650</BusinessEntityID><AccountNumber>AMERICAN0001</AccountNumber><Name>American Bicycles and Wheels</Name><CreditRating>1</CreditRating><PreferredVendorStatus>True</PreferredVendorStatus><ActiveFlag>True</ActiveFlag><PurchasingWebServiceURL></PurchasingWebServiceURL><ModifiedDate>2011-04-25 00:00:00</ModifiedDate></Vendor>
<Vendor><BusinessEntityID>1652</BusinessEntityID><AccountNumber>VICTORY0001</AccountNumber><Name>Victory Bikes</Name><CreditRating>5</CreditRating><PreferredVendorStatus>True</PreferredVendorStatus><ActiveFlag>True</ActiveFlag><PurchasingWebServiceURL></PurchasingWebServiceURL><ModifiedDate>2012-02-18 00:00:00</ModifiedDate></Vendor>
<Vendor><BusinessEntityID>1654</BusinessEntityID><AccountNumber>AMERICAN0002</AccountNumber><Name>American Bikes</Name><CreditRating>1</CreditRating><PreferredVendorStatus>True</PreferredVendorStatus><ActiveFlag>True</ActiveFlag><PurchasingWebServiceURL></PurchasingWebServiceURL><ModifiedDate>2011-05-09 00:00:00</ModifiedDate></Vendor>
<Vendor><BusinessEntityID>1656</BusinessEntityID><AccountNumber>MOUNTAIN0001</AccountNumber><Name>Mountain Works</Name><CreditRating>1</CreditRating><PreferredVendorStatus>False</PreferredVendorStatus><ActiveFlag>True</ActiveFlag><PurchasingWebServiceURL></PurchasingWebServiceURL><ModifiedDate>2012-02-02 00:00:00</ModifiedDate></Vendor>
<Vendor><BusinessEntityID>1658</BusinessEntityID><AccountNumber>CROWLEY0001</AccountNumber><Name>Crowley Sport</Name><CreditRating>1</CreditRating><PreferredVendorStatus>True</PreferredVendorStatus><ActiveFlag>True</ActiveFlag><PurchasingWebServiceURL></PurchasingWebServiceURL><ModifiedDate>2011-12-24 00:00:00</ModifiedDate></Vendor>
<Vendor><BusinessEntityID>1660</BusinessEntityID><AccountNumber>MAGICCY0001</AccountNumber><Name>Magic Cycles</Name><CreditRating>1</CreditRating><PreferredVendorStatus>True</PreferredVendorStatus><ActiveFlag>True</ActiveFlag><PurchasingWebServiceURL></PurchasingWebServiceURL><ModifiedDate>2012-01-25 00:00:00</ModifiedDate></Vendor>
<Vendor><BusinessEntityID>1662</BusinessEntityID><AccountNumber>NORTHERN0001</AccountNumber><Name>Northern Bike Travel</Name><CreditRating>3</CreditRating><PreferredVendorStatus>True</PreferredVendorStatus><ActiveFlag>True</ActiveFlag><PurchasingWebServiceURL></PurchasingWebServiceURL><ModifiedDate>2012-02-02 00:00:00</ModifiedDate></Vendor>
<Vendor><BusinessEntityID>1664</BusinessEntityID><AccountNumber>ANDERSON0001</AccountNumber><Name>Anderson&#39;s Custom Bikes</Name><CreditRating>1</CreditRating><PreferredVendorStatus>True</PreferredVendorStatus><ActiveFlag>True</ActiveFlag><PurchasingWebServiceURL></PurchasingWebServiceURL><ModifiedDate>2011-05-09 00:00:00</ModifiedDate></Vendor>
<Vendor><BusinessEntityID>1666</BusinessEntityID><AccountNumber>LEAFRIV0001</AccountNumber><Name>Leaf River Terrain</Name><CreditRating>1</CreditRating><PreferredVendorStatus>False</PreferredVendorStatus><ActiveFlag>True</ActiveFlag><PurchasingWebServiceURL></PurchasingWebServiceURL><ModifiedDate>2012-01-29 00:00:00</ModifiedDate></Vendor>
<Vendor><BusinessEntityID>1668</BusinessEntityID><AccountNumber>TOURING0001</AccountNumber><Name>Touring Equipment Center</Name><CreditRating>1</CreditRating><PreferredVendorStatus>True</PreferredVendorStatus><ActiveFlag>True</ActiveFlag><PurchasingWebServiceURL></PurchasingWebServiceURL><ModifiedDate>2012-02-03 00:00:00</ModifiedDate></Vendor>
<Vendor><BusinessEntityID>1670</BusinessEntityID><AccountNumber>HOLIDAY0001</AccountNumber><Name>Holiday Skate &amp; Cycle</Name><CreditRating>1</CreditRating><PreferredVendorStatus>True</PreferredVendorStatus><ActiveFlag>True</ActiveFlag><PurchasingWebServiceURL></PurchasingWebServiceURL><ModifiedDate>2012-02-03 00:00:00</ModifiedDate></Vendor>
<Vendor><BusinessEntityID>1672</BusinessEntityID><AccountNumber>EXPERTB0001</AccountNumber><Name>Expert Bike Co</Name><CreditRating>1</CreditRating><PreferredVendorStatus>True</PreferredVendorStatus><ActiveFlag>True</ActiveFlag><PurchasingWebServiceURL></PurchasingWebServiceURL><ModifiedDate>2012-01-25 00:00:00</ModifiedDate></Vendor>
<Vendor><BusinessEntityID>1674</BusinessEntityID><AccountNumber>VARSITY0001</AccountNumber><Name>Varsity Sport Co.</Name><CreditRating>1</CreditRating><PreferredVendorStatus>True</PreferredVendorStatus><ActiveFlag>True</ActiveFlag><PurchasingWebServiceURL></PurchasingWebServiceURL><ModifiedDate>2012-02-18 00:00:00</ModifiedDate></Vendor>
<Vendor><BusinessEntityID>1676</BusinessEntityID><AccountNumber>TEAMATH0001</AccountNumber><Name>Team Athletic Co.</Name><CreditRating>1</CreditRating><PreferredVendorStatus>True</PreferredVendorStatus><ActiveFlag>True</ActiveFlag><PurchasingWebServiceURL></PurchasingWebServiceURL><ModifiedDate>2012-02-03 00:00:00</ModifiedDate></Vendor>
<Vendor><BusinessEntityID>1678</BusinessEntityID><AccountNumber>PROSE0001</AccountNumber><Name>Proseware, Inc.</Name><CreditRating>4</CreditRating><PreferredVendorStatus>False</PreferredVendorStatus><ActiveFlag>False</ActiveFlag><PurchasingWebServiceURL>www.proseware.com/</PurchasingWebServiceURL><ModifiedDate>2011-05-09 00:00:00</ModifiedDate></Vendor>
<Vendor><BusinessEntityID>1680</BusinessEntityID><AccountNumber>JACKSON0001</AccountNumber><Name>Jackson Authority</Name><CreditRating>1</CreditRating><PreferredVendorStatus>True</PreferredVendorStatus><ActiveFlag>True</ActiveFlag><PurchasingWebServiceURL></PurchasingWebServiceURL><ModifiedDate>2012-01-25 00:00:00</ModifiedDate></Vendor>
<Vendor><BusinessEntityID>1682</BusinessEntityID><AccountNumber>PREMIER0001</AccountNumber><Name>Premier Sport, Inc.</Name><CreditRating>1</CreditRating><PreferredVendorStatus>True</PreferredVendorStatus><ActiveFlag>True</ActiveFlag><PurchasingWebServiceURL></PurchasingWebServiceURL><ModifiedDate>2012-02-02 00:00:00</ModifiedDate></Vendor>
<Vendor><BusinessEntityID>1684</BusinessEntityID><AccountNumber>PROFESSI0001</AccountNumber><Name>Professional Athletic Consultants</Name><CreditRating>1</CreditRating><PreferredVendorStatus>True</PreferredVendorStatus><ActiveFlag>True</ActiveFlag><PurchasingWebServiceURL></PurchasingWebServiceURL><ModifiedDate>2012-02-02 00:00:00</ModifiedDate></Vendor>
<Vendor><BusinessEntityID>1686</BusinessEntityID><AccountNumber>PROSPOR0001</AccountNumber><Name>Pro Sport Industries</Name><CreditRating>1</CreditRating><PreferredVendorStatus>False</PreferredVendorStatus><ActiveFlag>True</ActiveFlag><PurchasingWebServiceURL></PurchasingWebServiceURL><ModifiedDate>2012-02-02 00:00:00</ModifiedDate></Vendor>
<Vendor><BusinessEntityID>1688</BusinessEntityID><AccountNumber>WOODFIT0001</AccountNumber><Name>Wood Fitness</Name><CreditRating>1</CreditRating><PreferredVendorStatus>True</PreferredVendorStatus><ActiveFlag>True</ActiveFlag><PurchasingWebServiceURL></PurchasingWebServiceURL><ModifiedDate>2012-02-18 00:00:00</ModifiedDate></Vendor>
<Vendor><BusinessEntityID>1690</BusinessEntityID><AccountNumber>BLOOMING0001</AccountNumber><Name>Bloomington Multisport</Name><CreditRating>1</CreditRating><PreferredVendorStatus>True</PreferredVendorStatus><ActiveFlag>True</ActiveFlag><PurchasingWebServiceURL></PurchasingWebServiceURL><ModifiedDate>2011-12-23 00:00:00</ModifiedDate></Vendor>
<Vendor><BusinessEntityID>1692</BusinessEntityID><AccountNumber>CARLSON0001</AccountNumber><Name>Carlson Specialties</Name><CreditRating>2</CreditRating><PreferredVendorStatus>True</PreferredVendorStatus><ActiveFlag>True</ActiveFlag><PurchasingWebServiceURL></PurchasingWebServiceURL><ModifiedDate>2011-12-24 00:00:00</ModifiedDate></Vendor>
<Vendor><BusinessEntityID>1694</BusinessEntityID><AccountNumber>COMPETE0002</AccountNumber><Name>Compete, Inc.</Name><CreditRating>1</CreditRating><PreferredVendorStatus>True</PreferredVendorStatus><ActiveFlag>True</ActiveFlag><PurchasingWebServiceURL></PurchasingWebServiceURL><ModifiedDate>2011-12-24 00:00:00</ModifiedDate></Vendor>
<Vendor><BusinessEntityID>1696</BusinessEntityID><AccountNumber>CHICAGO0001</AccountNumber><Name>Chicago City Saddles</Name><CreditRating>1</CreditRating><PreferredVendorStatus>True</PreferredVendorStatus><ActiveFlag>True</ActiveFlag><PurchasingWebServiceURL></PurchasingWebServiceURL><ModifiedDate>2011-12-24 00:00:00</ModifiedDate></Vendor>
<Vendor><BusinessEntityID>1698</BusinessEntityID><AccountNumber>BUSINESS0001</AccountNumber><Name>Business Equipment Center</Name><CreditRating>2</CreditRating><PreferredVendorStatus>True</PreferredVendorStatus><ActiveFlag>True</ActiveFlag><PurchasingWebServiceURL></PurchasingWebServiceURL><ModifiedDate>2011-12-23 00:00:00</ModifiedDate></Vendor>
</DataTable>
