<DataTable>
<SalesPersonQuotaHistory><BusinessEntityID>274</BusinessEntityID><QuotaDate>2011-05-31 00:00:00</QuotaDate><SalesQuota>28000.0000</SalesQuota><ModifiedDate>2011-04-16 00:00:00</ModifiedDate></SalesPersonQuotaHistory>
<SalesPersonQuotaHistory><BusinessEntityID>274</BusinessEntityID><QuotaDate>2011-08-31 00:00:00</QuotaDate><SalesQuota>7000.0000</SalesQuota><ModifiedDate>2011-07-17 00:00:00</ModifiedDate></SalesPersonQuotaHistory>
<SalesPersonQuotaHistory><BusinessEntityID>274</BusinessEntityID><QuotaDate>2011-12-01 00:00:00</QuotaDate><SalesQuota>91000.0000</SalesQuota><ModifiedDate>2011-10-17 00:00:00</ModifiedDate></SalesPersonQuotaHistory>
<SalesPersonQuotaHistory><BusinessEntityID>274</BusinessEntityID><QuotaDate>2012-02-29 00:00:00</QuotaDate><SalesQuota>140000.0000</SalesQuota><ModifiedDate>2012-01-15 00:00:00</ModifiedDate></SalesPersonQuotaHistory>
<SalesPersonQuotaHistory><BusinessEntityID>274</BusinessEntityID><QuotaDate>2012-05-30 00:00:00</QuotaDate><SalesQuota>70000.0000</SalesQuota><ModifiedDate>2012-04-15 00:00:00</ModifiedDate></SalesPersonQuotaHistory>
<SalesPersonQuotaHistory><BusinessEntityID>274</BusinessEntityID><QuotaDate>2012-08-30 00:00:00</QuotaDate><SalesQuota>154000.0000</SalesQuota><ModifiedDate>2012-07-16 00:00:00</ModifiedDate></SalesPersonQuotaHistory>
<SalesPersonQuotaHistory><BusinessEntityID>274</BusinessEntityID><QuotaDate>2012-11-30 00:00:00</QuotaDate><SalesQuota>107000.0000</SalesQuota><ModifiedDate>2012-10-16 00:00:00</ModifiedDate></SalesPersonQuotaHistory>
<SalesPersonQuotaHistory><BusinessEntityID>274</BusinessEntityID><QuotaDate>2013-02-28 00:00:00</QuotaDate><SalesQuota>58000.0000</SalesQuota><ModifiedDate>2013-01-14 00:00:00</ModifiedDate></SalesPersonQuotaHistory>
<SalesPersonQuotaHistory><BusinessEntityID>274</BusinessEntityID><QuotaDate>2013-05-30 00:00:00</QuotaDate><SalesQuota>263000.0000</SalesQuota><ModifiedDate>2013-04-15 00:00:00</ModifiedDate></SalesPersonQuotaHistory>
<SalesPersonQuotaHistory><BusinessEntityID>274</BusinessEntityID><QuotaDate>2013-08-30 00:00:00</QuotaDate><SalesQuota>116000.0000</SalesQuota><ModifiedDate>2013-07-16 00:00:00</ModifiedDate></SalesPersonQuotaHistory>
<SalesPersonQuotaHistory><BusinessEntityID>274</BusinessEntityID><QuotaDate>2013-11-30 00:00:00</QuotaDate><SalesQuota>84000.0000</SalesQuota><ModifiedDate>2013-10-16 00:00:00</ModifiedDate></SalesPersonQuotaHistory>
<SalesPersonQuotaHistory><BusinessEntityID>274</BusinessEntityID><QuotaDate>2014-03-01 00:00:00</QuotaDate><SalesQuota>187000.0000</SalesQuota><ModifiedDate>2014-01-15 00:00:00</ModifiedDate></SalesPersonQuotaHistory>
<SalesPersonQuotaHistory><BusinessEntityID>275</BusinessEntityID><QuotaDate>2011-05-31 00:00:00</QuotaDate><SalesQuota>367000.0000</SalesQuota><ModifiedDate>2011-04-16 00:00:00</ModifiedDate></SalesPersonQuotaHistory>
<SalesPersonQuotaHistory><BusinessEntityID>275</BusinessEntityID><QuotaDate>2011-08-31 00:00:00</QuotaDate><SalesQuota>556000.0000</SalesQuota><ModifiedDate>2011-07-17 00:00:00</ModifiedDate></SalesPersonQuotaHistory>
<SalesPersonQuotaHistory><BusinessEntityID>275</BusinessEntityID><QuotaDate>2011-12-01 00:00:00</QuotaDate><SalesQuota>502000.0000</SalesQuota><ModifiedDate>2011-10-17 00:00:00</ModifiedDate></SalesPersonQuotaHistory>
<SalesPersonQuotaHistory><BusinessEntityID>275</BusinessEntityID><QuotaDate>2012-02-29 00:00:00</QuotaDate><SalesQuota>550000.0000</SalesQuota><ModifiedDate>2012-01-15 00:00:00</ModifiedDate></SalesPersonQuotaHistory>
<SalesPersonQuotaHistory><BusinessEntityID>275</BusinessEntityID><QuotaDate>2012-05-30 00:00:00</QuotaDate><SalesQuota>1429000.0000</SalesQuota><ModifiedDate>2012-04-15 00:00:00</ModifiedDate></SalesPersonQuotaHistory>
<SalesPersonQuotaHistory><BusinessEntityID>275</BusinessEntityID><QuotaDate>2012-08-30 00:00:00</QuotaDate><SalesQuota>1324000.0000</SalesQuota><ModifiedDate>2012-07-16 00:00:00</ModifiedDate></SalesPersonQuotaHistory>
<SalesPersonQuotaHistory><BusinessEntityID>275</BusinessEntityID><QuotaDate>2012-11-30 00:00:00</QuotaDate><SalesQuota>729000.0000</SalesQuota><ModifiedDate>2012-10-16 00:00:00</ModifiedDate></SalesPersonQuotaHistory>
<SalesPersonQuotaHistory><BusinessEntityID>275</BusinessEntityID><QuotaDate>2013-02-28 00:00:00</QuotaDate><SalesQuota>1194000.0000</SalesQuota><ModifiedDate>2013-01-14 00:00:00</ModifiedDate></SalesPersonQuotaHistory>
<SalesPersonQuotaHistory><BusinessEntityID>275</BusinessEntityID><QuotaDate>2013-05-30 00:00:00</QuotaDate><SalesQuota>1575000.0000</SalesQuota><ModifiedDate>2013-04-15 00:00:00</ModifiedDate></SalesPersonQuotaHistory>
<SalesPersonQuotaHistory><BusinessEntityID>275</BusinessEntityID><QuotaDate>2013-08-30 00:00:00</QuotaDate><SalesQuota>1218000.0000</SalesQuota><ModifiedDate>2013-07-16 00:00:00</ModifiedDate></SalesPersonQuotaHistory>
<SalesPersonQuotaHistory><BusinessEntityID>275</BusinessEntityID><QuotaDate>2013-11-30 00:00:00</QuotaDate><SalesQuota>849000.0000</SalesQuota><ModifiedDate>2013-10-16 00:00:00</ModifiedDate></SalesPersonQuotaHistory>
<SalesPersonQuotaHistory><BusinessEntityID>275</BusinessEntityID><QuotaDate>2014-03-01 00:00:00</QuotaDate><SalesQuota>869000.0000</SalesQuota><ModifiedDate>2014-01-15 00:00:00</ModifiedDate></SalesPersonQuotaHistory>
<SalesPersonQuotaHistory><BusinessEntityID>276</BusinessEntityID><QuotaDate>2011-05-31 00:00:00</QuotaDate><SalesQuota>637000.0000</SalesQuota><ModifiedDate>2011-04-16 00:00:00</ModifiedDate></SalesPersonQuotaHistory>
<SalesPersonQuotaHistory><BusinessEntityID>276</BusinessEntityID><QuotaDate>2011-08-31 00:00:00</QuotaDate><SalesQuota>781000.0000</SalesQuota><ModifiedDate>2011-07-17 00:00:00</ModifiedDate></SalesPersonQuotaHistory>
<SalesPersonQuotaHistory><BusinessEntityID>276</BusinessEntityID><QuotaDate>2011-12-01 00:00:00</QuotaDate><SalesQuota>665000.0000</SalesQuota><ModifiedDate>2011-10-17 00:00:00</ModifiedDate></SalesPersonQuotaHistory>
<SalesPersonQuotaHistory><BusinessEntityID>276</BusinessEntityID><QuotaDate>2012-02-29 00:00:00</QuotaDate><SalesQuota>639000.0000</SalesQuota><ModifiedDate>2012-01-15 00:00:00</ModifiedDate></SalesPersonQuotaHistory>
<SalesPersonQuotaHistory><BusinessEntityID>276</BusinessEntityID><QuotaDate>2012-05-30 00:00:00</QuotaDate><SalesQuota>1355000.0000</SalesQuota><ModifiedDate>2012-04-15 00:00:00</ModifiedDate></SalesPersonQuotaHistory>
<SalesPersonQuotaHistory><BusinessEntityID>276</BusinessEntityID><QuotaDate>2012-08-30 00:00:00</QuotaDate><SalesQuota>1009000.0000</SalesQuota><ModifiedDate>2012-07-16 00:00:00</ModifiedDate></SalesPersonQuotaHistory>
<SalesPersonQuotaHistory><BusinessEntityID>276</BusinessEntityID><QuotaDate>2012-11-30 00:00:00</QuotaDate><SalesQuota>860000.0000</SalesQuota><ModifiedDate>2012-10-16 00:00:00</ModifiedDate></SalesPersonQuotaHistory>
<SalesPersonQuotaHistory><BusinessEntityID>276</BusinessEntityID><QuotaDate>2013-02-28 00:00:00</QuotaDate><SalesQuota>1021000.0000</SalesQuota><ModifiedDate>2013-01-14 00:00:00</ModifiedDate></SalesPersonQuotaHistory>
<SalesPersonQuotaHistory><BusinessEntityID>276</BusinessEntityID><QuotaDate>2013-05-30 00:00:00</QuotaDate><SalesQuota>1525000.0000</SalesQuota><ModifiedDate>2013-04-15 00:00:00</ModifiedDate></SalesPersonQuotaHistory>
<SalesPersonQuotaHistory><BusinessEntityID>276</BusinessEntityID><QuotaDate>2013-08-30 00:00:00</QuotaDate><SalesQuota>1276000.0000</SalesQuota><ModifiedDate>2013-07-16 00:00:00</ModifiedDate></SalesPersonQuotaHistory>
<SalesPersonQuotaHistory><BusinessEntityID>276</BusinessEntityID><QuotaDate>2013-11-30 00:00:00</QuotaDate><SalesQuota>894000.0000</SalesQuota><ModifiedDate>2013-10-16 00:00:00</ModifiedDate></SalesPersonQuotaHistory>
<SalesPersonQuotaHistory><BusinessEntityID>276</BusinessEntityID><QuotaDate>2014-03-01 00:00:00</QuotaDate><SalesQuota>1124000.0000</SalesQuota><ModifiedDate>2014-01-15 00:00:00</ModifiedDate></SalesPersonQuotaHistory>
<SalesPersonQuotaHistory><BusinessEntityID>277</BusinessEntityID><QuotaDate>2011-05-31 00:00:00</QuotaDate><SalesQuota>565000.0000</SalesQuota><ModifiedDate>2011-04-16 00:00:00</ModifiedDate></SalesPersonQuotaHistory>
<SalesPersonQuotaHistory><BusinessEntityID>277</BusinessEntityID><QuotaDate>2011-08-31 00:00:00</QuotaDate><SalesQuota>872000.0000</SalesQuota><ModifiedDate>2011-07-17 00:00:00</ModifiedDate></SalesPersonQuotaHistory>
<SalesPersonQuotaHistory><BusinessEntityID>277</BusinessEntityID><QuotaDate>2011-12-01 00:00:00</QuotaDate><SalesQuota>846000.0000</SalesQuota><ModifiedDate>2011-10-17 00:00:00</ModifiedDate></SalesPersonQuotaHistory>
<SalesPersonQuotaHistory><BusinessEntityID>277</BusinessEntityID><QuotaDate>2012-02-29 00:00:00</QuotaDate><SalesQuota>952000.0000</SalesQuota><ModifiedDate>2012-01-15 00:00:00</ModifiedDate></SalesPersonQuotaHistory>
<SalesPersonQuotaHistory><BusinessEntityID>277</BusinessEntityID><QuotaDate>2012-05-30 00:00:00</QuotaDate><SalesQuota>1600000.0000</SalesQuota><ModifiedDate>2012-04-15 00:00:00</ModifiedDate></SalesPersonQuotaHistory>
<SalesPersonQuotaHistory><BusinessEntityID>277</BusinessEntityID><QuotaDate>2012-08-30 00:00:00</QuotaDate><SalesQuota>1352000.0000</SalesQuota><ModifiedDate>2012-07-16 00:00:00</ModifiedDate></SalesPersonQuotaHistory>
<SalesPersonQuotaHistory><BusinessEntityID>277</BusinessEntityID><QuotaDate>2012-11-30 00:00:00</QuotaDate><SalesQuota>839000.0000</SalesQuota><ModifiedDate>2012-10-16 00:00:00</ModifiedDate></SalesPersonQuotaHistory>
<SalesPersonQuotaHistory><BusinessEntityID>277</BusinessEntityID><QuotaDate>2013-02-28 00:00:00</QuotaDate><SalesQuota>1369000.0000</SalesQuota><ModifiedDate>2013-01-14 00:00:00</ModifiedDate></SalesPersonQuotaHistory>
<SalesPersonQuotaHistory><BusinessEntityID>277</BusinessEntityID><QuotaDate>2013-05-30 00:00:00</QuotaDate><SalesQuota>1171000.0000</SalesQuota><ModifiedDate>2013-04-15 00:00:00</ModifiedDate></SalesPersonQuotaHistory>
<SalesPersonQuotaHistory><BusinessEntityID>277</BusinessEntityID><QuotaDate>2013-08-30 00:00:00</QuotaDate><SalesQuota>971000.0000</SalesQuota><ModifiedDate>2013-07-16 00:00:00</ModifiedDate></SalesPersonQuotaHistory>
<SalesPersonQuotaHistory><BusinessEntityID>277</BusinessEntityID><QuotaDate>2013-11-30 00:00:00</QuotaDate><SalesQuota>714000.0000</SalesQuota><ModifiedDate>2013-10-16 00:00:00</ModifiedDate></SalesPersonQuotaHistory>
<SalesPersonQuotaHistory><BusinessEntityID>277</BusinessEntityID><QuotaDate>2014-03-01 00:00:00</QuotaDate><SalesQuota>947000.0000</SalesQuota><ModifiedDate>2014-01-15 00:00:00</ModifiedDate></SalesPersonQuotaHistory>
<SalesPersonQuotaHistory><BusinessEntityID>278</BusinessEntityID><QuotaDate>2011-05-31 00:00:00</QuotaDate><SalesQuota>244000.0000</SalesQuota><ModifiedDate>2011-04-16 00:00:00</ModifiedDate></SalesPersonQuotaHistory>
<SalesPersonQuotaHistory><BusinessEntityID>278</BusinessEntityID><QuotaDate>2011-08-31 00:00:00</QuotaDate><SalesQuota>356000.0000</SalesQuota><ModifiedDate>2011-07-17 00:00:00</ModifiedDate></SalesPersonQuotaHistory>
<SalesPersonQuotaHistory><BusinessEntityID>278</BusinessEntityID><QuotaDate>2011-12-01 00:00:00</QuotaDate><SalesQuota>266000.0000</SalesQuota><ModifiedDate>2011-10-17 00:00:00</ModifiedDate></SalesPersonQuotaHistory>
<SalesPersonQuotaHistory><BusinessEntityID>278</BusinessEntityID><QuotaDate>2012-02-29 00:00:00</QuotaDate><SalesQuota>341000.0000</SalesQuota><ModifiedDate>2012-01-15 00:00:00</ModifiedDate></SalesPersonQuotaHistory>
<SalesPersonQuotaHistory><BusinessEntityID>278</BusinessEntityID><QuotaDate>2012-05-30 00:00:00</QuotaDate><SalesQuota>542000.0000</SalesQuota><ModifiedDate>2012-04-15 00:00:00</ModifiedDate></SalesPersonQuotaHistory>
<SalesPersonQuotaHistory><BusinessEntityID>278</BusinessEntityID><QuotaDate>2012-08-30 00:00:00</QuotaDate><SalesQuota>329000.0000</SalesQuota><ModifiedDate>2012-07-16 00:00:00</ModifiedDate></SalesPersonQuotaHistory>
<SalesPersonQuotaHistory><BusinessEntityID>278</BusinessEntityID><QuotaDate>2012-11-30 00:00:00</QuotaDate><SalesQuota>239000.0000</SalesQuota><ModifiedDate>2012-10-16 00:00:00</ModifiedDate></SalesPersonQuotaHistory>
<SalesPersonQuotaHistory><BusinessEntityID>278</BusinessEntityID><QuotaDate>2013-02-28 00:00:00</QuotaDate><SalesQuota>418000.0000</SalesQuota><ModifiedDate>2013-01-14 00:00:00</ModifiedDate></SalesPersonQuotaHistory>
<SalesPersonQuotaHistory><BusinessEntityID>278</BusinessEntityID><QuotaDate>2013-05-30 00:00:00</QuotaDate><SalesQuota>507000.0000</SalesQuota><ModifiedDate>2013-04-15 00:00:00</ModifiedDate></SalesPersonQuotaHistory>
<SalesPersonQuotaHistory><BusinessEntityID>278</BusinessEntityID><QuotaDate>2013-08-30 00:00:00</QuotaDate><SalesQuota>453000.0000</SalesQuota><ModifiedDate>2013-07-16 00:00:00</ModifiedDate></SalesPersonQuotaHistory>
<SalesPersonQuotaHistory><BusinessEntityID>278</BusinessEntityID><QuotaDate>2013-11-30 00:00:00</QuotaDate><SalesQuota>280000.0000</SalesQuota><ModifiedDate>2013-10-16 00:00:00</ModifiedDate></SalesPersonQuotaHistory>
<SalesPersonQuotaHistory><BusinessEntityID>278</BusinessEntityID><QuotaDate>2014-03-01 00:00:00</QuotaDate><SalesQuota>390000.0000</SalesQuota><ModifiedDate>2014-01-15 00:00:00</ModifiedDate></SalesPersonQuotaHistory>
<SalesPersonQuotaHistory><BusinessEntityID>279</BusinessEntityID><QuotaDate>2011-05-31 00:00:00</QuotaDate><SalesQuota>669000.0000</SalesQuota><ModifiedDate>2011-04-16 00:00:00</ModifiedDate></SalesPersonQuotaHistory>
<SalesPersonQuotaHistory><BusinessEntityID>279</BusinessEntityID><QuotaDate>2011-08-31 00:00:00</QuotaDate><SalesQuota>917000.0000</SalesQuota><ModifiedDate>2011-07-17 00:00:00</ModifiedDate></SalesPersonQuotaHistory>
<SalesPersonQuotaHistory><BusinessEntityID>279</BusinessEntityID><QuotaDate>2011-12-01 00:00:00</QuotaDate><SalesQuota>780000.0000</SalesQuota><ModifiedDate>2011-10-17 00:00:00</ModifiedDate></SalesPersonQuotaHistory>
<SalesPersonQuotaHistory><BusinessEntityID>279</BusinessEntityID><QuotaDate>2012-02-29 00:00:00</QuotaDate><SalesQuota>802000.0000</SalesQuota><ModifiedDate>2012-01-15 00:00:00</ModifiedDate></SalesPersonQuotaHistory>
<SalesPersonQuotaHistory><BusinessEntityID>279</BusinessEntityID><QuotaDate>2012-05-30 00:00:00</QuotaDate><SalesQuota>734000.0000</SalesQuota><ModifiedDate>2012-04-15 00:00:00</ModifiedDate></SalesPersonQuotaHistory>
<SalesPersonQuotaHistory><BusinessEntityID>279</BusinessEntityID><QuotaDate>2012-08-30 00:00:00</QuotaDate><SalesQuota>647000.0000</SalesQuota><ModifiedDate>2012-07-16 00:00:00</ModifiedDate></SalesPersonQuotaHistory>
<SalesPersonQuotaHistory><BusinessEntityID>279</BusinessEntityID><QuotaDate>2012-11-30 00:00:00</QuotaDate><SalesQuota>571000.0000</SalesQuota><ModifiedDate>2012-10-16 00:00:00</ModifiedDate></SalesPersonQuotaHistory>
<SalesPersonQuotaHistory><BusinessEntityID>279</BusinessEntityID><QuotaDate>2013-02-28 00:00:00</QuotaDate><SalesQuota>572000.0000</SalesQuota><ModifiedDate>2013-01-14 00:00:00</ModifiedDate></SalesPersonQuotaHistory>
<SalesPersonQuotaHistory><BusinessEntityID>279</BusinessEntityID><QuotaDate>2013-05-30 00:00:00</QuotaDate><SalesQuota>950000.0000</SalesQuota><ModifiedDate>2013-04-15 00:00:00</ModifiedDate></SalesPersonQuotaHistory>
<SalesPersonQuotaHistory><BusinessEntityID>279</BusinessEntityID><QuotaDate>2013-08-30 00:00:00</QuotaDate><SalesQuota>675000.0000</SalesQuota><ModifiedDate>2013-07-16 00:00:00</ModifiedDate></SalesPersonQuotaHistory>
<SalesPersonQuotaHistory><BusinessEntityID>279</BusinessEntityID><QuotaDate>2013-11-30 00:00:00</QuotaDate><SalesQuota>538000.0000</SalesQuota><ModifiedDate>2013-10-16 00:00:00</ModifiedDate></SalesPersonQuotaHistory>
<SalesPersonQuotaHistory><BusinessEntityID>279</BusinessEntityID><QuotaDate>2014-03-01 00:00:00</QuotaDate><SalesQuota>686000.0000</SalesQuota><ModifiedDate>2014-01-15 00:00:00</ModifiedDate></SalesPersonQuotaHistory>
<SalesPersonQuotaHistory><BusinessEntityID>280</BusinessEntityID><QuotaDate>2011-05-31 00:00:00</QuotaDate><SalesQuota>165000.0000</SalesQuota><ModifiedDate>2011-04-16 00:00:00</ModifiedDate></SalesPersonQuotaHistory>
<SalesPersonQuotaHistory><BusinessEntityID>280</BusinessEntityID><QuotaDate>2011-08-31 00:00:00</QuotaDate><SalesQuota>469000.0000</SalesQuota><ModifiedDate>2011-07-17 00:00:00</ModifiedDate></SalesPersonQuotaHistory>
<SalesPersonQuotaHistory><BusinessEntityID>280</BusinessEntityID><QuotaDate>2011-12-01 00:00:00</QuotaDate><SalesQuota>264000.0000</SalesQuota><ModifiedDate>2011-10-17 00:00:00</ModifiedDate></SalesPersonQuotaHistory>
<SalesPersonQuotaHistory><BusinessEntityID>280</BusinessEntityID><QuotaDate>2012-02-29 00:00:00</QuotaDate><SalesQuota>301000.0000</SalesQuota><ModifiedDate>2012-01-15 00:00:00</ModifiedDate></SalesPersonQuotaHistory>
<SalesPersonQuotaHistory><BusinessEntityID>280</BusinessEntityID><QuotaDate>2012-05-30 00:00:00</QuotaDate><SalesQuota>210000.0000</SalesQuota><ModifiedDate>2012-04-15 00:00:00</ModifiedDate></SalesPersonQuotaHistory>
<SalesPersonQuotaHistory><BusinessEntityID>280</BusinessEntityID><QuotaDate>2012-08-30 00:00:00</QuotaDate><SalesQuota>226000.0000</SalesQuota><ModifiedDate>2012-07-16 00:00:00</ModifiedDate></SalesPersonQuotaHistory>
<SalesPersonQuotaHistory><BusinessEntityID>280</BusinessEntityID><QuotaDate>2012-11-30 00:00:00</QuotaDate><SalesQuota>190000.0000</SalesQuota><ModifiedDate>2012-10-16 00:00:00</ModifiedDate></SalesPersonQuotaHistory>
<SalesPersonQuotaHistory><BusinessEntityID>280</BusinessEntityID><QuotaDate>2013-02-28 00:00:00</QuotaDate><SalesQuota>224000.0000</SalesQuota><ModifiedDate>2013-01-14 00:00:00</ModifiedDate></SalesPersonQuotaHistory>
<SalesPersonQuotaHistory><BusinessEntityID>280</BusinessEntityID><QuotaDate>2013-05-30 00:00:00</QuotaDate><SalesQuota>319000.0000</SalesQuota><ModifiedDate>2013-04-15 00:00:00</ModifiedDate></SalesPersonQuotaHistory>
<SalesPersonQuotaHistory><BusinessEntityID>280</BusinessEntityID><QuotaDate>2013-08-30 00:00:00</QuotaDate><SalesQuota>450000.0000</SalesQuota><ModifiedDate>2013-07-16 00:00:00</ModifiedDate></SalesPersonQuotaHistory>
<SalesPersonQuotaHistory><BusinessEntityID>280</BusinessEntityID><QuotaDate>2013-11-30 00:00:00</QuotaDate><SalesQuota>343000.0000</SalesQuota><ModifiedDate>2013-10-16 00:00:00</ModifiedDate></SalesPersonQuotaHistory>
<SalesPersonQuotaHistory><BusinessEntityID>280</BusinessEntityID><QuotaDate>2014-03-01 00:00:00</QuotaDate><SalesQuota>390000.0000</SalesQuota><ModifiedDate>2014-01-15 00:00:00</ModifiedDate></SalesPersonQuotaHistory>
<SalesPersonQuotaHistory><BusinessEntityID>281</BusinessEntityID><QuotaDate>2011-05-31 00:00:00</QuotaDate><SalesQuota>460000.0000</SalesQuota><ModifiedDate>2011-04-16 00:00:00</ModifiedDate></SalesPersonQuotaHistory>
<SalesPersonQuotaHistory><BusinessEntityID>281</BusinessEntityID><QuotaDate>2011-08-31 00:00:00</QuotaDate><SalesQuota>549000.0000</SalesQuota><ModifiedDate>2011-07-17 00:00:00</ModifiedDate></SalesPersonQuotaHistory>
<SalesPersonQuotaHistory><BusinessEntityID>281</BusinessEntityID><QuotaDate>2011-12-01 00:00:00</QuotaDate><SalesQuota>473000.0000</SalesQuota><ModifiedDate>2011-10-17 00:00:00</ModifiedDate></SalesPersonQuotaHistory>
<SalesPersonQuotaHistory><BusinessEntityID>281</BusinessEntityID><QuotaDate>2012-02-29 00:00:00</QuotaDate><SalesQuota>493000.0000</SalesQuota><ModifiedDate>2012-01-15 00:00:00</ModifiedDate></SalesPersonQuotaHistory>
<SalesPersonQuotaHistory><BusinessEntityID>281</BusinessEntityID><QuotaDate>2012-05-30 00:00:00</QuotaDate><SalesQuota>1034000.0000</SalesQuota><ModifiedDate>2012-04-15 00:00:00</ModifiedDate></SalesPersonQuotaHistory>
<SalesPersonQuotaHistory><BusinessEntityID>281</BusinessEntityID><QuotaDate>2012-08-30 00:00:00</QuotaDate><SalesQuota>813000.0000</SalesQuota><ModifiedDate>2012-07-16 00:00:00</ModifiedDate></SalesPersonQuotaHistory>
<SalesPersonQuotaHistory><BusinessEntityID>281</BusinessEntityID><QuotaDate>2012-11-30 00:00:00</QuotaDate><SalesQuota>470000.0000</SalesQuota><ModifiedDate>2012-10-16 00:00:00</ModifiedDate></SalesPersonQuotaHistory>
<SalesPersonQuotaHistory><BusinessEntityID>281</BusinessEntityID><QuotaDate>2013-02-28 00:00:00</QuotaDate><SalesQuota>555000.0000</SalesQuota><ModifiedDate>2013-01-14 00:00:00</ModifiedDate></SalesPersonQuotaHistory>
<SalesPersonQuotaHistory><BusinessEntityID>281</BusinessEntityID><QuotaDate>2013-05-30 00:00:00</QuotaDate><SalesQuota>935000.0000</SalesQuota><ModifiedDate>2013-04-15 00:00:00</ModifiedDate></SalesPersonQuotaHistory>
<SalesPersonQuotaHistory><BusinessEntityID>281</BusinessEntityID><QuotaDate>2013-08-30 00:00:00</QuotaDate><SalesQuota>684000.0000</SalesQuota><ModifiedDate>2013-07-16 00:00:00</ModifiedDate></SalesPersonQuotaHistory>
<SalesPersonQuotaHistory><BusinessEntityID>281</BusinessEntityID><QuotaDate>2013-11-30 00:00:00</QuotaDate><SalesQuota>614000.0000</SalesQuota><ModifiedDate>2013-10-16 00:00:00</ModifiedDate></SalesPersonQuotaHistory>
<SalesPersonQuotaHistory><BusinessEntityID>281</BusinessEntityID><QuotaDate>2014-03-01 00:00:00</QuotaDate><SalesQuota>724000.0000</SalesQuota><ModifiedDate>2014-01-15 00:00:00</ModifiedDate></SalesPersonQuotaHistory>
<SalesPersonQuotaHistory><BusinessEntityID>282</BusinessEntityID><QuotaDate>2011-05-31 00:00:00</QuotaDate><SalesQuota>525000.0000</SalesQuota><ModifiedDate>2011-04-16 00:00:00</ModifiedDate></SalesPersonQuotaHistory>
<SalesPersonQuotaHistory><BusinessEntityID>282</BusinessEntityID><QuotaDate>2011-08-31 00:00:00</QuotaDate><SalesQuota>767000.0000</SalesQuota><ModifiedDate>2011-07-17 00:00:00</ModifiedDate></SalesPersonQuotaHistory>
<SalesPersonQuotaHistory><BusinessEntityID>282</BusinessEntityID><QuotaDate>2011-12-01 00:00:00</QuotaDate><SalesQuota>583000.0000</SalesQuota><ModifiedDate>2011-10-17 00:00:00</ModifiedDate></SalesPersonQuotaHistory>
<SalesPersonQuotaHistory><BusinessEntityID>282</BusinessEntityID><QuotaDate>2012-02-29 00:00:00</QuotaDate><SalesQuota>583000.0000</SalesQuota><ModifiedDate>2012-01-15 00:00:00</ModifiedDate></SalesPersonQuotaHistory>
<SalesPersonQuotaHistory><BusinessEntityID>282</BusinessEntityID><QuotaDate>2012-05-30 00:00:00</QuotaDate><SalesQuota>496000.0000</SalesQuota><ModifiedDate>2012-04-15 00:00:00</ModifiedDate></SalesPersonQuotaHistory>
<SalesPersonQuotaHistory><BusinessEntityID>282</BusinessEntityID><QuotaDate>2012-08-30 00:00:00</QuotaDate><SalesQuota>452000.0000</SalesQuota><ModifiedDate>2012-07-16 00:00:00</ModifiedDate></SalesPersonQuotaHistory>
<SalesPersonQuotaHistory><BusinessEntityID>282</BusinessEntityID><QuotaDate>2012-11-30 00:00:00</QuotaDate><SalesQuota>288000.0000</SalesQuota><ModifiedDate>2012-10-16 00:00:00</ModifiedDate></SalesPersonQuotaHistory>
<SalesPersonQuotaHistory><BusinessEntityID>282</BusinessEntityID><QuotaDate>2013-02-28 00:00:00</QuotaDate><SalesQuota>247000.0000</SalesQuota><ModifiedDate>2013-01-14 00:00:00</ModifiedDate></SalesPersonQuotaHistory>
<SalesPersonQuotaHistory><BusinessEntityID>282</BusinessEntityID><QuotaDate>2013-05-30 00:00:00</QuotaDate><SalesQuota>1051000.0000</SalesQuota><ModifiedDate>2013-04-15 00:00:00</ModifiedDate></SalesPersonQuotaHistory>
<SalesPersonQuotaHistory><BusinessEntityID>282</BusinessEntityID><QuotaDate>2013-08-30 00:00:00</QuotaDate><SalesQuota>707000.0000</SalesQuota><ModifiedDate>2013-07-16 00:00:00</ModifiedDate></SalesPersonQuotaHistory>
<SalesPersonQuotaHistory><BusinessEntityID>282</BusinessEntityID><QuotaDate>2013-11-30 00:00:00</QuotaDate><SalesQuota>569000.0000</SalesQuota><ModifiedDate>2013-10-16 00:00:00</ModifiedDate></SalesPersonQuotaHistory>
<SalesPersonQuotaHistory><BusinessEntityID>282</BusinessEntityID><QuotaDate>2014-03-01 00:00:00</QuotaDate><SalesQuota>830000.0000</SalesQuota><ModifiedDate>2014-01-15 00:00:00</ModifiedDate></SalesPersonQuotaHistory>
<SalesPersonQuotaHistory><BusinessEntityID>283</BusinessEntityID><QuotaDate>2011-05-31 00:00:00</QuotaDate><SalesQuota>226000.0000</SalesQuota><ModifiedDate>2011-04-16 00:00:00</ModifiedDate></SalesPersonQuotaHistory>
<SalesPersonQuotaHistory><BusinessEntityID>283</BusinessEntityID><QuotaDate>2011-08-31 00:00:00</QuotaDate><SalesQuota>353000.0000</SalesQuota><ModifiedDate>2011-07-17 00:00:00</ModifiedDate></SalesPersonQuotaHistory>
<SalesPersonQuotaHistory><BusinessEntityID>283</BusinessEntityID><QuotaDate>2011-12-01 00:00:00</QuotaDate><SalesQuota>280000.0000</SalesQuota><ModifiedDate>2011-10-17 00:00:00</ModifiedDate></SalesPersonQuotaHistory>
<SalesPersonQuotaHistory><BusinessEntityID>283</BusinessEntityID><QuotaDate>2012-02-29 00:00:00</QuotaDate><SalesQuota>267000.0000</SalesQuota><ModifiedDate>2012-01-15 00:00:00</ModifiedDate></SalesPersonQuotaHistory>
<SalesPersonQuotaHistory><BusinessEntityID>283</BusinessEntityID><QuotaDate>2012-05-30 00:00:00</QuotaDate><SalesQuota>483000.0000</SalesQuota><ModifiedDate>2012-04-15 00:00:00</ModifiedDate></SalesPersonQuotaHistory>
<SalesPersonQuotaHistory><BusinessEntityID>283</BusinessEntityID><QuotaDate>2012-08-30 00:00:00</QuotaDate><SalesQuota>341000.0000</SalesQuota><ModifiedDate>2012-07-16 00:00:00</ModifiedDate></SalesPersonQuotaHistory>
<SalesPersonQuotaHistory><BusinessEntityID>283</BusinessEntityID><QuotaDate>2012-11-30 00:00:00</QuotaDate><SalesQuota>151000.0000</SalesQuota><ModifiedDate>2012-10-16 00:00:00</ModifiedDate></SalesPersonQuotaHistory>
<SalesPersonQuotaHistory><BusinessEntityID>283</BusinessEntityID><QuotaDate>2013-02-28 00:00:00</QuotaDate><SalesQuota>284000.0000</SalesQuota><ModifiedDate>2013-01-14 00:00:00</ModifiedDate></SalesPersonQuotaHistory>
<SalesPersonQuotaHistory><BusinessEntityID>283</BusinessEntityID><QuotaDate>2013-05-30 00:00:00</QuotaDate><SalesQuota>631000.0000</SalesQuota><ModifiedDate>2013-04-15 00:00:00</ModifiedDate></SalesPersonQuotaHistory>
<SalesPersonQuotaHistory><BusinessEntityID>283</BusinessEntityID><QuotaDate>2013-08-30 00:00:00</QuotaDate><SalesQuota>372000.0000</SalesQuota><ModifiedDate>2013-07-16 00:00:00</ModifiedDate></SalesPersonQuotaHistory>
<SalesPersonQuotaHistory><BusinessEntityID>283</BusinessEntityID><QuotaDate>2013-11-30 00:00:00</QuotaDate><SalesQuota>234000.0000</SalesQuota><ModifiedDate>2013-10-16 00:00:00</ModifiedDate></SalesPersonQuotaHistory>
<SalesPersonQuotaHistory><BusinessEntityID>283</BusinessEntityID><QuotaDate>2014-03-01 00:00:00</QuotaDate><SalesQuota>403000.0000</SalesQuota><ModifiedDate>2014-01-15 00:00:00</ModifiedDate></SalesPersonQuotaHistory>
<SalesPersonQuotaHistory><BusinessEntityID>284</BusinessEntityID><QuotaDate>2012-08-30 00:00:00</QuotaDate><SalesQuota>321000.0000</SalesQuota><ModifiedDate>2012-07-16 00:00:00</ModifiedDate></SalesPersonQuotaHistory>
<SalesPersonQuotaHistory><BusinessEntityID>284</BusinessEntityID><QuotaDate>2012-11-30 00:00:00</QuotaDate><SalesQuota>281000.0000</SalesQuota><ModifiedDate>2012-10-16 00:00:00</ModifiedDate></SalesPersonQuotaHistory>
<SalesPersonQuotaHistory><BusinessEntityID>284</BusinessEntityID><QuotaDate>2013-02-28 00:00:00</QuotaDate><SalesQuota>304000.0000</SalesQuota><ModifiedDate>2013-01-14 00:00:00</ModifiedDate></SalesPersonQuotaHistory>
<SalesPersonQuotaHistory><BusinessEntityID>284</BusinessEntityID><QuotaDate>2013-05-30 00:00:00</QuotaDate><SalesQuota>516000.0000</SalesQuota><ModifiedDate>2013-04-15 00:00:00</ModifiedDate></SalesPersonQuotaHistory>
<SalesPersonQuotaHistory><BusinessEntityID>284</BusinessEntityID><QuotaDate>2013-08-30 00:00:00</QuotaDate><SalesQuota>380000.0000</SalesQuota><ModifiedDate>2013-07-16 00:00:00</ModifiedDate></SalesPersonQuotaHistory>
<SalesPersonQuotaHistory><BusinessEntityID>284</BusinessEntityID><QuotaDate>2013-11-30 00:00:00</QuotaDate><SalesQuota>454000.0000</SalesQuota><ModifiedDate>2013-10-16 00:00:00</ModifiedDate></SalesPersonQuotaHistory>
<SalesPersonQuotaHistory><BusinessEntityID>284</BusinessEntityID><QuotaDate>2014-03-01 00:00:00</QuotaDate><SalesQuota>497000.0000</SalesQuota><ModifiedDate>2014-01-15 00:00:00</ModifiedDate></SalesPersonQuotaHistory>
<SalesPersonQuotaHistory><BusinessEntityID>285</BusinessEntityID><QuotaDate>2013-05-30 00:00:00</QuotaDate><SalesQuota>132000.0000</SalesQuota><ModifiedDate>2013-04-15 00:00:00</ModifiedDate></SalesPersonQuotaHistory>
<SalesPersonQuotaHistory><BusinessEntityID>285</BusinessEntityID><QuotaDate>2013-08-30 00:00:00</QuotaDate><SalesQuota>40000.0000</SalesQuota><ModifiedDate>2013-07-16 00:00:00</ModifiedDate></SalesPersonQuotaHistory>
<SalesPersonQuotaHistory><BusinessEntityID>285</BusinessEntityID><QuotaDate>2013-11-30 00:00:00</QuotaDate><SalesQuota>7000.0000</SalesQuota><ModifiedDate>2013-10-16 00:00:00</ModifiedDate></SalesPersonQuotaHistory>
<SalesPersonQuotaHistory><BusinessEntityID>285</BusinessEntityID><QuotaDate>2014-03-01 00:00:00</QuotaDate><SalesQuota>26000.0000</SalesQuota><ModifiedDate>2014-01-15 00:00:00</ModifiedDate></SalesPersonQuotaHistory>
<SalesPersonQuotaHistory><BusinessEntityID>286</BusinessEntityID><QuotaDate>2013-05-30 00:00:00</QuotaDate><SalesQuota>478000.0000</SalesQuota><ModifiedDate>2013-04-15 00:00:00</ModifiedDate></SalesPersonQuotaHistory>
<SalesPersonQuotaHistory><BusinessEntityID>286</BusinessEntityID><QuotaDate>2013-08-30 00:00:00</QuotaDate><SalesQuota>389000.0000</SalesQuota><ModifiedDate>2013-07-16 00:00:00</ModifiedDate></SalesPersonQuotaHistory>
<SalesPersonQuotaHistory><BusinessEntityID>286</BusinessEntityID><QuotaDate>2013-11-30 00:00:00</QuotaDate><SalesQuota>399000.0000</SalesQuota><ModifiedDate>2013-10-16 00:00:00</ModifiedDate></SalesPersonQuotaHistory>
<SalesPersonQuotaHistory><BusinessEntityID>286</BusinessEntityID><QuotaDate>2014-03-01 00:00:00</QuotaDate><SalesQuota>421000.0000</SalesQuota><ModifiedDate>2014-01-15 00:00:00</ModifiedDate></SalesPersonQuotaHistory>
<SalesPersonQuotaHistory><BusinessEntityID>287</BusinessEntityID><QuotaDate>2012-05-30 00:00:00</QuotaDate><SalesQuota>93000.0000</SalesQuota><ModifiedDate>2012-04-15 00:00:00</ModifiedDate></SalesPersonQuotaHistory>
<SalesPersonQuotaHistory><BusinessEntityID>287</BusinessEntityID><QuotaDate>2012-08-30 00:00:00</QuotaDate><SalesQuota>15000.0000</SalesQuota><ModifiedDate>2012-07-16 00:00:00</ModifiedDate></SalesPersonQuotaHistory>
<SalesPersonQuotaHistory><BusinessEntityID>287</BusinessEntityID><QuotaDate>2012-11-30 00:00:00</QuotaDate><SalesQuota>33000.0000</SalesQuota><ModifiedDate>2012-10-16 00:00:00</ModifiedDate></SalesPersonQuotaHistory>
<SalesPersonQuotaHistory><BusinessEntityID>287</BusinessEntityID><QuotaDate>2013-02-28 00:00:00</QuotaDate><SalesQuota>110000.0000</SalesQuota><ModifiedDate>2013-01-14 00:00:00</ModifiedDate></SalesPersonQuotaHistory>
<SalesPersonQuotaHistory><BusinessEntityID>287</BusinessEntityID><QuotaDate>2013-05-30 00:00:00</QuotaDate><SalesQuota>184000.0000</SalesQuota><ModifiedDate>2013-04-15 00:00:00</ModifiedDate></SalesPersonQuotaHistory>
<SalesPersonQuotaHistory><BusinessEntityID>287</BusinessEntityID><QuotaDate>2013-08-30 00:00:00</QuotaDate><SalesQuota>324000.0000</SalesQuota><ModifiedDate>2013-07-16 00:00:00</ModifiedDate></SalesPersonQuotaHistory>
<SalesPersonQuotaHistory><BusinessEntityID>287</BusinessEntityID><QuotaDate>2013-11-30 00:00:00</QuotaDate><SalesQuota>116000.0000</SalesQuota><ModifiedDate>2013-10-16 00:00:00</ModifiedDate></SalesPersonQuotaHistory>
<SalesPersonQuotaHistory><BusinessEntityID>287</BusinessEntityID><QuotaDate>2014-03-01 00:00:00</QuotaDate><SalesQuota>1000.0000</SalesQuota><ModifiedDate>2014-01-15 00:00:00</ModifiedDate></SalesPersonQuotaHistory>
<SalesPersonQuotaHistory><BusinessEntityID>288</BusinessEntityID><QuotaDate>2013-05-30 00:00:00</QuotaDate><SalesQuota>728000.0000</SalesQuota><ModifiedDate>2013-04-15 00:00:00</ModifiedDate></SalesPersonQuotaHistory>
<SalesPersonQuotaHistory><BusinessEntityID>288</BusinessEntityID><QuotaDate>2013-08-30 00:00:00</QuotaDate><SalesQuota>566000.0000</SalesQuota><ModifiedDate>2013-07-16 00:00:00</ModifiedDate></SalesPersonQuotaHistory>
<SalesPersonQuotaHistory><BusinessEntityID>288</BusinessEntityID><QuotaDate>2013-11-30 00:00:00</QuotaDate><SalesQuota>366000.0000</SalesQuota><ModifiedDate>2013-10-16 00:00:00</ModifiedDate></SalesPersonQuotaHistory>
<SalesPersonQuotaHistory><BusinessEntityID>288</BusinessEntityID><QuotaDate>2014-03-01 00:00:00</QuotaDate><SalesQuota>627000.0000</SalesQuota><ModifiedDate>2014-01-15 00:00:00</ModifiedDate></SalesPersonQuotaHistory>
<SalesPersonQuotaHistory><BusinessEntityID>289</BusinessEntityID><QuotaDate>2012-05-30 00:00:00</QuotaDate><SalesQuota>1898000.0000</SalesQuota><ModifiedDate>2012-04-15 00:00:00</ModifiedDate></SalesPersonQuotaHistory>
<SalesPersonQuotaHistory><BusinessEntityID>289</BusinessEntityID><QuotaDate>2012-08-30 00:00:00</QuotaDate><SalesQuota>1262000.0000</SalesQuota><ModifiedDate>2012-07-16 00:00:00</ModifiedDate></SalesPersonQuotaHistory>
<SalesPersonQuotaHistory><BusinessEntityID>289</BusinessEntityID><QuotaDate>2012-11-30 00:00:00</QuotaDate><SalesQuota>938000.0000</SalesQuota><ModifiedDate>2012-10-16 00:00:00</ModifiedDate></SalesPersonQuotaHistory>
<SalesPersonQuotaHistory><BusinessEntityID>289</BusinessEntityID><QuotaDate>2013-02-28 00:00:00</QuotaDate><SalesQuota>1279000.0000</SalesQuota><ModifiedDate>2013-01-14 00:00:00</ModifiedDate></SalesPersonQuotaHistory>
<SalesPersonQuotaHistory><BusinessEntityID>289</BusinessEntityID><QuotaDate>2013-05-30 00:00:00</QuotaDate><SalesQuota>1506000.0000</SalesQuota><ModifiedDate>2013-04-15 00:00:00</ModifiedDate></SalesPersonQuotaHistory>
<SalesPersonQuotaHistory><BusinessEntityID>289</BusinessEntityID><QuotaDate>2013-08-30 00:00:00</QuotaDate><SalesQuota>1419000.0000</SalesQuota><ModifiedDate>2013-07-16 00:00:00</ModifiedDate></SalesPersonQuotaHistory>
<SalesPersonQuotaHistory><BusinessEntityID>289</BusinessEntityID><QuotaDate>2013-11-30 00:00:00</QuotaDate><SalesQuota>883000.0000</SalesQuota><ModifiedDate>2013-10-16 00:00:00</ModifiedDate></SalesPersonQuotaHistory>
<SalesPersonQuotaHistory><BusinessEntityID>289</BusinessEntityID><QuotaDate>2014-03-01 00:00:00</QuotaDate><SalesQuota>1329000.0000</SalesQuota><ModifiedDate>2014-01-15 00:00:00</ModifiedDate></SalesPersonQuotaHistory>
<SalesPersonQuotaHistory><BusinessEntityID>290</BusinessEntityID><QuotaDate>2012-05-30 00:00:00</QuotaDate><SalesQuota>593000.0000</SalesQuota><ModifiedDate>2012-04-15 00:00:00</ModifiedDate></SalesPersonQuotaHistory>
<SalesPersonQuotaHistory><BusinessEntityID>290</BusinessEntityID><QuotaDate>2012-08-30 00:00:00</QuotaDate><SalesQuota>409000.0000</SalesQuota><ModifiedDate>2012-07-16 00:00:00</ModifiedDate></SalesPersonQuotaHistory>
<SalesPersonQuotaHistory><BusinessEntityID>290</BusinessEntityID><QuotaDate>2012-11-30 00:00:00</QuotaDate><SalesQuota>217000.0000</SalesQuota><ModifiedDate>2012-10-16 00:00:00</ModifiedDate></SalesPersonQuotaHistory>
<SalesPersonQuotaHistory><BusinessEntityID>290</BusinessEntityID><QuotaDate>2013-02-28 00:00:00</QuotaDate><SalesQuota>404000.0000</SalesQuota><ModifiedDate>2013-01-14 00:00:00</ModifiedDate></SalesPersonQuotaHistory>
<SalesPersonQuotaHistory><BusinessEntityID>290</BusinessEntityID><QuotaDate>2013-05-30 00:00:00</QuotaDate><SalesQuota>1262000.0000</SalesQuota><ModifiedDate>2013-04-15 00:00:00</ModifiedDate></SalesPersonQuotaHistory>
<SalesPersonQuotaHistory><BusinessEntityID>290</BusinessEntityID><QuotaDate>2013-08-30 00:00:00</QuotaDate><SalesQuota>1057000.0000</SalesQuota><ModifiedDate>2013-07-16 00:00:00</ModifiedDate></SalesPersonQuotaHistory>
<SalesPersonQuotaHistory><BusinessEntityID>290</BusinessEntityID><QuotaDate>2013-11-30 00:00:00</QuotaDate><SalesQuota>707000.0000</SalesQuota><ModifiedDate>2013-10-16 00:00:00</ModifiedDate></SalesPersonQuotaHistory>
<SalesPersonQuotaHistory><BusinessEntityID>290</BusinessEntityID><QuotaDate>2014-03-01 00:00:00</QuotaDate><SalesQuota>908000.0000</SalesQuota><ModifiedDate>2014-01-15 00:00:00</ModifiedDate></SalesPersonQuotaHistory>
</DataTable>
