<DataTable>
<SpecialOfferProduct><SpecialOfferID>1</SpecialOfferID><ProductID>680</ProductID><ModifiedDate>2011-04-01 00:00:00</ModifiedDate></SpecialOfferProduct>
<SpecialOfferProduct><SpecialOfferID>1</SpecialOfferID><ProductID>706</ProductID><ModifiedDate>2011-04-01 00:00:00</ModifiedDate></SpecialOfferProduct>
<SpecialOfferProduct><SpecialOfferID>1</SpecialOfferID><ProductID>707</ProductID><ModifiedDate>2011-04-01 00:00:00</ModifiedDate></SpecialOfferProduct>
<SpecialOfferProduct><SpecialOfferID>1</SpecialOfferID><ProductID>708</ProductID><ModifiedDate>2011-04-01 00:00:00</ModifiedDate></SpecialOfferProduct>
<SpecialOfferProduct><SpecialOfferID>1</SpecialOfferID><ProductID>709</ProductID><ModifiedDate>2011-04-01 00:00:00</ModifiedDate></SpecialOfferProduct>
<SpecialOfferProduct><SpecialOfferID>1</SpecialOfferID><ProductID>710</ProductID><ModifiedDate>2011-04-01 00:00:00</ModifiedDate></SpecialOfferProduct>
<SpecialOfferProduct><SpecialOfferID>1</SpecialOfferID><ProductID>711</ProductID><ModifiedDate>2011-04-01 00:00:00</ModifiedDate></SpecialOfferProduct>
<SpecialOfferProduct><SpecialOfferID>1</SpecialOfferID><ProductID>712</ProductID><ModifiedDate>2011-04-01 00:00:00</ModifiedDate></SpecialOfferProduct>
<SpecialOfferProduct><SpecialOfferID>1</SpecialOfferID><ProductID>713</ProductID><ModifiedDate>2011-04-01 00:00:00</ModifiedDate></SpecialOfferProduct>
<SpecialOfferProduct><SpecialOfferID>1</SpecialOfferID><ProductID>714</ProductID><ModifiedDate>2011-04-01 00:00:00</ModifiedDate></SpecialOfferProduct>
<SpecialOfferProduct><SpecialOfferID>1</SpecialOfferID><ProductID>715</ProductID><ModifiedDate>2011-04-01 00:00:00</ModifiedDate></SpecialOfferProduct>
<SpecialOfferProduct><SpecialOfferID>1</SpecialOfferID><ProductID>716</ProductID><ModifiedDate>2011-04-01 00:00:00</ModifiedDate></SpecialOfferProduct>
<SpecialOfferProduct><SpecialOfferID>1</SpecialOfferID><ProductID>717</ProductID><ModifiedDate>2011-04-01 00:00:00</ModifiedDate></SpecialOfferProduct>
<SpecialOfferProduct><SpecialOfferID>1</SpecialOfferID><ProductID>718</ProductID><ModifiedDate>2011-04-01 00:00:00</ModifiedDate></SpecialOfferProduct>
<SpecialOfferProduct><SpecialOfferID>1</SpecialOfferID><ProductID>719</ProductID><ModifiedDate>2011-04-01 00:00:00</ModifiedDate></SpecialOfferProduct>
<SpecialOfferProduct><SpecialOfferID>1</SpecialOfferID><ProductID>720</ProductID><ModifiedDate>2011-04-01 00:00:00</ModifiedDate></SpecialOfferProduct>
<SpecialOfferProduct><SpecialOfferID>1</SpecialOfferID><ProductID>721</ProductID><ModifiedDate>2011-04-01 00:00:00</ModifiedDate></SpecialOfferProduct>
<SpecialOfferProduct><SpecialOfferID>1</SpecialOfferID><ProductID>722</ProductID><ModifiedDate>2011-04-01 00:00:00</ModifiedDate></SpecialOfferProduct>
<SpecialOfferProduct><SpecialOfferID>1</SpecialOfferID><ProductID>723</ProductID><ModifiedDate>2011-04-01 00:00:00</ModifiedDate></SpecialOfferProduct>
<SpecialOfferProduct><SpecialOfferID>1</SpecialOfferID><ProductID>724</ProductID><ModifiedDate>2011-04-01 00:00:00</ModifiedDate></SpecialOfferProduct>
<SpecialOfferProduct><SpecialOfferID>1</SpecialOfferID><ProductID>725</ProductID><ModifiedDate>2011-04-01 00:00:00</ModifiedDate></SpecialOfferProduct>
<SpecialOfferProduct><SpecialOfferID>1</SpecialOfferID><ProductID>726</ProductID><ModifiedDate>2011-04-01 00:00:00</ModifiedDate></SpecialOfferProduct>
<SpecialOfferProduct><SpecialOfferID>1</SpecialOfferID><ProductID>727</ProductID><ModifiedDate>2011-04-01 00:00:00</ModifiedDate></SpecialOfferProduct>
<SpecialOfferProduct><SpecialOfferID>1</SpecialOfferID><ProductID>728</ProductID><ModifiedDate>2011-04-01 00:00:00</ModifiedDate></SpecialOfferProduct>
<SpecialOfferProduct><SpecialOfferID>1</SpecialOfferID><ProductID>729</ProductID><ModifiedDate>2011-04-01 00:00:00</ModifiedDate></SpecialOfferProduct>
<SpecialOfferProduct><SpecialOfferID>1</SpecialOfferID><ProductID>730</ProductID><ModifiedDate>2011-04-01 00:00:00</ModifiedDate></SpecialOfferProduct>
<SpecialOfferProduct><SpecialOfferID>1</SpecialOfferID><ProductID>731</ProductID><ModifiedDate>2011-04-01 00:00:00</ModifiedDate></SpecialOfferProduct>
<SpecialOfferProduct><SpecialOfferID>1</SpecialOfferID><ProductID>732</ProductID><ModifiedDate>2011-04-01 00:00:00</ModifiedDate></SpecialOfferProduct>
<SpecialOfferProduct><SpecialOfferID>1</SpecialOfferID><ProductID>733</ProductID><ModifiedDate>2011-04-01 00:00:00</ModifiedDate></SpecialOfferProduct>
<SpecialOfferProduct><SpecialOfferID>1</SpecialOfferID><ProductID>734</ProductID><ModifiedDate>2011-04-01 00:00:00</ModifiedDate></SpecialOfferProduct>
<SpecialOfferProduct><SpecialOfferID>1</SpecialOfferID><ProductID>735</ProductID><ModifiedDate>2011-04-01 00:00:00</ModifiedDate></SpecialOfferProduct>
<SpecialOfferProduct><SpecialOfferID>1</SpecialOfferID><ProductID>736</ProductID><ModifiedDate>2011-04-01 00:00:00</ModifiedDate></SpecialOfferProduct>
<SpecialOfferProduct><SpecialOfferID>1</SpecialOfferID><ProductID>737</ProductID><ModifiedDate>2011-04-01 00:00:00</ModifiedDate></SpecialOfferProduct>
<SpecialOfferProduct><SpecialOfferID>1</SpecialOfferID><ProductID>738</ProductID><ModifiedDate>2011-04-01 00:00:00</ModifiedDate></SpecialOfferProduct>
<SpecialOfferProduct><SpecialOfferID>1</SpecialOfferID><ProductID>739</ProductID><ModifiedDate>2011-04-01 00:00:00</ModifiedDate></SpecialOfferProduct>
<SpecialOfferProduct><SpecialOfferID>1</SpecialOfferID><ProductID>740</ProductID><ModifiedDate>2011-04-01 00:00:00</ModifiedDate></SpecialOfferProduct>
<SpecialOfferProduct><SpecialOfferID>1</SpecialOfferID><ProductID>741</ProductID><ModifiedDate>2011-04-01 00:00:00</ModifiedDate></SpecialOfferProduct>
<SpecialOfferProduct><SpecialOfferID>1</SpecialOfferID><ProductID>742</ProductID><ModifiedDate>2011-04-01 00:00:00</ModifiedDate></SpecialOfferProduct>
<SpecialOfferProduct><SpecialOfferID>1</SpecialOfferID><ProductID>743</ProductID><ModifiedDate>2011-04-01 00:00:00</ModifiedDate></SpecialOfferProduct>
<SpecialOfferProduct><SpecialOfferID>1</SpecialOfferID><ProductID>744</ProductID><ModifiedDate>2011-04-01 00:00:00</ModifiedDate></SpecialOfferProduct>
<SpecialOfferProduct><SpecialOfferID>1</SpecialOfferID><ProductID>745</ProductID><ModifiedDate>2011-04-01 00:00:00</ModifiedDate></SpecialOfferProduct>
<SpecialOfferProduct><SpecialOfferID>1</SpecialOfferID><ProductID>746</ProductID><ModifiedDate>2011-04-01 00:00:00</ModifiedDate></SpecialOfferProduct>
<SpecialOfferProduct><SpecialOfferID>1</SpecialOfferID><ProductID>747</ProductID><ModifiedDate>2011-04-01 00:00:00</ModifiedDate></SpecialOfferProduct>
<SpecialOfferProduct><SpecialOfferID>1</SpecialOfferID><ProductID>748</ProductID><ModifiedDate>2011-04-01 00:00:00</ModifiedDate></SpecialOfferProduct>
<SpecialOfferProduct><SpecialOfferID>1</SpecialOfferID><ProductID>749</ProductID><ModifiedDate>2011-04-01 00:00:00</ModifiedDate></SpecialOfferProduct>
<SpecialOfferProduct><SpecialOfferID>1</SpecialOfferID><ProductID>750</ProductID><ModifiedDate>2011-04-01 00:00:00</ModifiedDate></SpecialOfferProduct>
<SpecialOfferProduct><SpecialOfferID>1</SpecialOfferID><ProductID>751</ProductID><ModifiedDate>2011-04-01 00:00:00</ModifiedDate></SpecialOfferProduct>
<SpecialOfferProduct><SpecialOfferID>1</SpecialOfferID><ProductID>752</ProductID><ModifiedDate>2011-04-01 00:00:00</ModifiedDate></SpecialOfferProduct>
<SpecialOfferProduct><SpecialOfferID>1</SpecialOfferID><ProductID>753</ProductID><ModifiedDate>2011-04-01 00:00:00</ModifiedDate></SpecialOfferProduct>
<SpecialOfferProduct><SpecialOfferID>1</SpecialOfferID><ProductID>754</ProductID><ModifiedDate>2011-04-01 00:00:00</ModifiedDate></SpecialOfferProduct>
<SpecialOfferProduct><SpecialOfferID>1</SpecialOfferID><ProductID>755</ProductID><ModifiedDate>2011-04-01 00:00:00</ModifiedDate></SpecialOfferProduct>
<SpecialOfferProduct><SpecialOfferID>1</SpecialOfferID><ProductID>756</ProductID><ModifiedDate>2011-04-01 00:00:00</ModifiedDate></SpecialOfferProduct>
<SpecialOfferProduct><SpecialOfferID>1</SpecialOfferID><ProductID>757</ProductID><ModifiedDate>2011-04-01 00:00:00</ModifiedDate></SpecialOfferProduct>
<SpecialOfferProduct><SpecialOfferID>1</SpecialOfferID><ProductID>758</ProductID><ModifiedDate>2011-04-01 00:00:00</ModifiedDate></SpecialOfferProduct>
<SpecialOfferProduct><SpecialOfferID>1</SpecialOfferID><ProductID>759</ProductID><ModifiedDate>2011-04-01 00:00:00</ModifiedDate></SpecialOfferProduct>
<SpecialOfferProduct><SpecialOfferID>1</SpecialOfferID><ProductID>760</ProductID><ModifiedDate>2011-04-01 00:00:00</ModifiedDate></SpecialOfferProduct>
<SpecialOfferProduct><SpecialOfferID>1</SpecialOfferID><ProductID>761</ProductID><ModifiedDate>2011-04-01 00:00:00</ModifiedDate></SpecialOfferProduct>
<SpecialOfferProduct><SpecialOfferID>1</SpecialOfferID><ProductID>762</ProductID><ModifiedDate>2011-04-01 00:00:00</ModifiedDate></SpecialOfferProduct>
<SpecialOfferProduct><SpecialOfferID>1</SpecialOfferID><ProductID>763</ProductID><ModifiedDate>2011-04-01 00:00:00</ModifiedDate></SpecialOfferProduct>
<SpecialOfferProduct><SpecialOfferID>1</SpecialOfferID><ProductID>764</ProductID><ModifiedDate>2011-04-01 00:00:00</ModifiedDate></SpecialOfferProduct>
<SpecialOfferProduct><SpecialOfferID>1</SpecialOfferID><ProductID>765</ProductID><ModifiedDate>2011-04-01 00:00:00</ModifiedDate></SpecialOfferProduct>
<SpecialOfferProduct><SpecialOfferID>1</SpecialOfferID><ProductID>766</ProductID><ModifiedDate>2011-04-01 00:00:00</ModifiedDate></SpecialOfferProduct>
<SpecialOfferProduct><SpecialOfferID>1</SpecialOfferID><ProductID>767</ProductID><ModifiedDate>2011-04-01 00:00:00</ModifiedDate></SpecialOfferProduct>
<SpecialOfferProduct><SpecialOfferID>1</SpecialOfferID><ProductID>768</ProductID><ModifiedDate>2011-04-01 00:00:00</ModifiedDate></SpecialOfferProduct>
<SpecialOfferProduct><SpecialOfferID>1</SpecialOfferID><ProductID>769</ProductID><ModifiedDate>2011-04-01 00:00:00</ModifiedDate></SpecialOfferProduct>
<SpecialOfferProduct><SpecialOfferID>1</SpecialOfferID><ProductID>770</ProductID><ModifiedDate>2011-04-01 00:00:00</ModifiedDate></SpecialOfferProduct>
<SpecialOfferProduct><SpecialOfferID>1</SpecialOfferID><ProductID>771</ProductID><ModifiedDate>2011-04-01 00:00:00</ModifiedDate></SpecialOfferProduct>
<SpecialOfferProduct><SpecialOfferID>1</SpecialOfferID><ProductID>772</ProductID><ModifiedDate>2011-04-01 00:00:00</ModifiedDate></SpecialOfferProduct>
<SpecialOfferProduct><SpecialOfferID>1</SpecialOfferID><ProductID>773</ProductID><ModifiedDate>2011-04-01 00:00:00</ModifiedDate></SpecialOfferProduct>
<SpecialOfferProduct><SpecialOfferID>1</SpecialOfferID><ProductID>774</ProductID><ModifiedDate>2011-04-01 00:00:00</ModifiedDate></SpecialOfferProduct>
<SpecialOfferProduct><SpecialOfferID>1</SpecialOfferID><ProductID>775</ProductID><ModifiedDate>2011-04-01 00:00:00</ModifiedDate></SpecialOfferProduct>
<SpecialOfferProduct><SpecialOfferID>1</SpecialOfferID><ProductID>776</ProductID><ModifiedDate>2011-04-01 00:00:00</ModifiedDate></SpecialOfferProduct>
<SpecialOfferProduct><SpecialOfferID>1</SpecialOfferID><ProductID>777</ProductID><ModifiedDate>2011-04-01 00:00:00</ModifiedDate></SpecialOfferProduct>
<SpecialOfferProduct><SpecialOfferID>1</SpecialOfferID><ProductID>778</ProductID><ModifiedDate>2011-04-01 00:00:00</ModifiedDate></SpecialOfferProduct>
<SpecialOfferProduct><SpecialOfferID>1</SpecialOfferID><ProductID>779</ProductID><ModifiedDate>2011-04-01 00:00:00</ModifiedDate></SpecialOfferProduct>
<SpecialOfferProduct><SpecialOfferID>1</SpecialOfferID><ProductID>780</ProductID><ModifiedDate>2011-04-01 00:00:00</ModifiedDate></SpecialOfferProduct>
<SpecialOfferProduct><SpecialOfferID>1</SpecialOfferID><ProductID>781</ProductID><ModifiedDate>2011-04-01 00:00:00</ModifiedDate></SpecialOfferProduct>
<SpecialOfferProduct><SpecialOfferID>1</SpecialOfferID><ProductID>782</ProductID><ModifiedDate>2011-04-01 00:00:00</ModifiedDate></SpecialOfferProduct>
<SpecialOfferProduct><SpecialOfferID>1</SpecialOfferID><ProductID>783</ProductID><ModifiedDate>2011-04-01 00:00:00</ModifiedDate></SpecialOfferProduct>
<SpecialOfferProduct><SpecialOfferID>1</SpecialOfferID><ProductID>784</ProductID><ModifiedDate>2011-04-01 00:00:00</ModifiedDate></SpecialOfferProduct>
<SpecialOfferProduct><SpecialOfferID>1</SpecialOfferID><ProductID>785</ProductID><ModifiedDate>2011-04-01 00:00:00</ModifiedDate></SpecialOfferProduct>
<SpecialOfferProduct><SpecialOfferID>1</SpecialOfferID><ProductID>786</ProductID><ModifiedDate>2011-04-01 00:00:00</ModifiedDate></SpecialOfferProduct>
<SpecialOfferProduct><SpecialOfferID>1</SpecialOfferID><ProductID>787</ProductID><ModifiedDate>2011-04-01 00:00:00</ModifiedDate></SpecialOfferProduct>
<SpecialOfferProduct><SpecialOfferID>1</SpecialOfferID><ProductID>788</ProductID><ModifiedDate>2011-04-01 00:00:00</ModifiedDate></SpecialOfferProduct>
<SpecialOfferProduct><SpecialOfferID>1</SpecialOfferID><ProductID>789</ProductID><ModifiedDate>2011-04-01 00:00:00</ModifiedDate></SpecialOfferProduct>
<SpecialOfferProduct><SpecialOfferID>1</SpecialOfferID><ProductID>790</ProductID><ModifiedDate>2011-04-01 00:00:00</ModifiedDate></SpecialOfferProduct>
<SpecialOfferProduct><SpecialOfferID>1</SpecialOfferID><ProductID>791</ProductID><ModifiedDate>2011-04-01 00:00:00</ModifiedDate></SpecialOfferProduct>
<SpecialOfferProduct><SpecialOfferID>1</SpecialOfferID><ProductID>792</ProductID><ModifiedDate>2011-04-01 00:00:00</ModifiedDate></SpecialOfferProduct>
<SpecialOfferProduct><SpecialOfferID>1</SpecialOfferID><ProductID>793</ProductID><ModifiedDate>2011-04-01 00:00:00</ModifiedDate></SpecialOfferProduct>
<SpecialOfferProduct><SpecialOfferID>1</SpecialOfferID><ProductID>794</ProductID><ModifiedDate>2011-04-01 00:00:00</ModifiedDate></SpecialOfferProduct>
<SpecialOfferProduct><SpecialOfferID>1</SpecialOfferID><ProductID>795</ProductID><ModifiedDate>2011-04-01 00:00:00</ModifiedDate></SpecialOfferProduct>
<SpecialOfferProduct><SpecialOfferID>1</SpecialOfferID><ProductID>796</ProductID><ModifiedDate>2011-04-01 00:00:00</ModifiedDate></SpecialOfferProduct>
<SpecialOfferProduct><SpecialOfferID>1</SpecialOfferID><ProductID>797</ProductID><ModifiedDate>2011-04-01 00:00:00</ModifiedDate></SpecialOfferProduct>
<SpecialOfferProduct><SpecialOfferID>1</SpecialOfferID><ProductID>798</ProductID><ModifiedDate>2011-04-01 00:00:00</ModifiedDate></SpecialOfferProduct>
<SpecialOfferProduct><SpecialOfferID>1</SpecialOfferID><ProductID>799</ProductID><ModifiedDate>2011-04-01 00:00:00</ModifiedDate></SpecialOfferProduct>
<SpecialOfferProduct><SpecialOfferID>1</SpecialOfferID><ProductID>800</ProductID><ModifiedDate>2011-04-01 00:00:00</ModifiedDate></SpecialOfferProduct>
<SpecialOfferProduct><SpecialOfferID>1</SpecialOfferID><ProductID>801</ProductID><ModifiedDate>2011-04-01 00:00:00</ModifiedDate></SpecialOfferProduct>
<SpecialOfferProduct><SpecialOfferID>1</SpecialOfferID><ProductID>802</ProductID><ModifiedDate>2011-04-01 00:00:00</ModifiedDate></SpecialOfferProduct>
<SpecialOfferProduct><SpecialOfferID>1</SpecialOfferID><ProductID>803</ProductID><ModifiedDate>2011-04-01 00:00:00</ModifiedDate></SpecialOfferProduct>
<SpecialOfferProduct><SpecialOfferID>1</SpecialOfferID><ProductID>804</ProductID><ModifiedDate>2011-04-01 00:00:00</ModifiedDate></SpecialOfferProduct>
<SpecialOfferProduct><SpecialOfferID>1</SpecialOfferID><ProductID>805</ProductID><ModifiedDate>2011-04-01 00:00:00</ModifiedDate></SpecialOfferProduct>
<SpecialOfferProduct><SpecialOfferID>1</SpecialOfferID><ProductID>806</ProductID><ModifiedDate>2011-04-01 00:00:00</ModifiedDate></SpecialOfferProduct>
<SpecialOfferProduct><SpecialOfferID>1</SpecialOfferID><ProductID>807</ProductID><ModifiedDate>2011-04-01 00:00:00</ModifiedDate></SpecialOfferProduct>
<SpecialOfferProduct><SpecialOfferID>1</SpecialOfferID><ProductID>808</ProductID><ModifiedDate>2011-04-01 00:00:00</ModifiedDate></SpecialOfferProduct>
<SpecialOfferProduct><SpecialOfferID>1</SpecialOfferID><ProductID>809</ProductID><ModifiedDate>2011-04-01 00:00:00</ModifiedDate></SpecialOfferProduct>
<SpecialOfferProduct><SpecialOfferID>1</SpecialOfferID><ProductID>810</ProductID><ModifiedDate>2011-04-01 00:00:00</ModifiedDate></SpecialOfferProduct>
<SpecialOfferProduct><SpecialOfferID>1</SpecialOfferID><ProductID>811</ProductID><ModifiedDate>2011-04-01 00:00:00</ModifiedDate></SpecialOfferProduct>
<SpecialOfferProduct><SpecialOfferID>1</SpecialOfferID><ProductID>812</ProductID><ModifiedDate>2011-04-01 00:00:00</ModifiedDate></SpecialOfferProduct>
<SpecialOfferProduct><SpecialOfferID>1</SpecialOfferID><ProductID>813</ProductID><ModifiedDate>2011-04-01 00:00:00</ModifiedDate></SpecialOfferProduct>
<SpecialOfferProduct><SpecialOfferID>1</SpecialOfferID><ProductID>814</ProductID><ModifiedDate>2011-04-01 00:00:00</ModifiedDate></SpecialOfferProduct>
<SpecialOfferProduct><SpecialOfferID>1</SpecialOfferID><ProductID>815</ProductID><ModifiedDate>2011-04-01 00:00:00</ModifiedDate></SpecialOfferProduct>
<SpecialOfferProduct><SpecialOfferID>1</SpecialOfferID><ProductID>816</ProductID><ModifiedDate>2011-04-01 00:00:00</ModifiedDate></SpecialOfferProduct>
<SpecialOfferProduct><SpecialOfferID>1</SpecialOfferID><ProductID>817</ProductID><ModifiedDate>2011-04-01 00:00:00</ModifiedDate></SpecialOfferProduct>
<SpecialOfferProduct><SpecialOfferID>1</SpecialOfferID><ProductID>818</ProductID><ModifiedDate>2011-04-01 00:00:00</ModifiedDate></SpecialOfferProduct>
<SpecialOfferProduct><SpecialOfferID>1</SpecialOfferID><ProductID>819</ProductID><ModifiedDate>2011-04-01 00:00:00</ModifiedDate></SpecialOfferProduct>
<SpecialOfferProduct><SpecialOfferID>1</SpecialOfferID><ProductID>820</ProductID><ModifiedDate>2011-04-01 00:00:00</ModifiedDate></SpecialOfferProduct>
<SpecialOfferProduct><SpecialOfferID>1</SpecialOfferID><ProductID>821</ProductID><ModifiedDate>2011-04-01 00:00:00</ModifiedDate></SpecialOfferProduct>
<SpecialOfferProduct><SpecialOfferID>1</SpecialOfferID><ProductID>822</ProductID><ModifiedDate>2011-04-01 00:00:00</ModifiedDate></SpecialOfferProduct>
<SpecialOfferProduct><SpecialOfferID>1</SpecialOfferID><ProductID>823</ProductID><ModifiedDate>2011-04-01 00:00:00</ModifiedDate></SpecialOfferProduct>
<SpecialOfferProduct><SpecialOfferID>1</SpecialOfferID><ProductID>824</ProductID><ModifiedDate>2011-04-01 00:00:00</ModifiedDate></SpecialOfferProduct>
<SpecialOfferProduct><SpecialOfferID>1</SpecialOfferID><ProductID>825</ProductID><ModifiedDate>2011-04-01 00:00:00</ModifiedDate></SpecialOfferProduct>
<SpecialOfferProduct><SpecialOfferID>1</SpecialOfferID><ProductID>826</ProductID><ModifiedDate>2011-04-01 00:00:00</ModifiedDate></SpecialOfferProduct>
<SpecialOfferProduct><SpecialOfferID>1</SpecialOfferID><ProductID>827</ProductID><ModifiedDate>2011-04-01 00:00:00</ModifiedDate></SpecialOfferProduct>
<SpecialOfferProduct><SpecialOfferID>1</SpecialOfferID><ProductID>828</ProductID><ModifiedDate>2011-04-01 00:00:00</ModifiedDate></SpecialOfferProduct>
<SpecialOfferProduct><SpecialOfferID>1</SpecialOfferID><ProductID>829</ProductID><ModifiedDate>2011-04-01 00:00:00</ModifiedDate></SpecialOfferProduct>
<SpecialOfferProduct><SpecialOfferID>1</SpecialOfferID><ProductID>830</ProductID><ModifiedDate>2011-04-01 00:00:00</ModifiedDate></SpecialOfferProduct>
<SpecialOfferProduct><SpecialOfferID>1</SpecialOfferID><ProductID>831</ProductID><ModifiedDate>2011-04-01 00:00:00</ModifiedDate></SpecialOfferProduct>
<SpecialOfferProduct><SpecialOfferID>1</SpecialOfferID><ProductID>832</ProductID><ModifiedDate>2011-04-01 00:00:00</ModifiedDate></SpecialOfferProduct>
<SpecialOfferProduct><SpecialOfferID>1</SpecialOfferID><ProductID>833</ProductID><ModifiedDate>2011-04-01 00:00:00</ModifiedDate></SpecialOfferProduct>
<SpecialOfferProduct><SpecialOfferID>1</SpecialOfferID><ProductID>834</ProductID><ModifiedDate>2011-04-01 00:00:00</ModifiedDate></SpecialOfferProduct>
<SpecialOfferProduct><SpecialOfferID>1</SpecialOfferID><ProductID>835</ProductID><ModifiedDate>2011-04-01 00:00:00</ModifiedDate></SpecialOfferProduct>
<SpecialOfferProduct><SpecialOfferID>1</SpecialOfferID><ProductID>836</ProductID><ModifiedDate>2011-04-01 00:00:00</ModifiedDate></SpecialOfferProduct>
<SpecialOfferProduct><SpecialOfferID>1</SpecialOfferID><ProductID>837</ProductID><ModifiedDate>2011-04-01 00:00:00</ModifiedDate></SpecialOfferProduct>
<SpecialOfferProduct><SpecialOfferID>1</SpecialOfferID><ProductID>838</ProductID><ModifiedDate>2011-04-01 00:00:00</ModifiedDate></SpecialOfferProduct>
<SpecialOfferProduct><SpecialOfferID>1</SpecialOfferID><ProductID>839</ProductID><ModifiedDate>2011-04-01 00:00:00</ModifiedDate></SpecialOfferProduct>
<SpecialOfferProduct><SpecialOfferID>1</SpecialOfferID><ProductID>840</ProductID><ModifiedDate>2011-04-01 00:00:00</ModifiedDate></SpecialOfferProduct>
<SpecialOfferProduct><SpecialOfferID>1</SpecialOfferID><ProductID>841</ProductID><ModifiedDate>2011-04-01 00:00:00</ModifiedDate></SpecialOfferProduct>
<SpecialOfferProduct><SpecialOfferID>1</SpecialOfferID><ProductID>842</ProductID><ModifiedDate>2011-04-01 00:00:00</ModifiedDate></SpecialOfferProduct>
<SpecialOfferProduct><SpecialOfferID>1</SpecialOfferID><ProductID>843</ProductID><ModifiedDate>2011-04-01 00:00:00</ModifiedDate></SpecialOfferProduct>
<SpecialOfferProduct><SpecialOfferID>1</SpecialOfferID><ProductID>844</ProductID><ModifiedDate>2011-04-01 00:00:00</ModifiedDate></SpecialOfferProduct>
<SpecialOfferProduct><SpecialOfferID>1</SpecialOfferID><ProductID>845</ProductID><ModifiedDate>2011-04-01 00:00:00</ModifiedDate></SpecialOfferProduct>
<SpecialOfferProduct><SpecialOfferID>1</SpecialOfferID><ProductID>846</ProductID><ModifiedDate>2011-04-01 00:00:00</ModifiedDate></SpecialOfferProduct>
<SpecialOfferProduct><SpecialOfferID>1</SpecialOfferID><ProductID>847</ProductID><ModifiedDate>2011-04-01 00:00:00</ModifiedDate></SpecialOfferProduct>
<SpecialOfferProduct><SpecialOfferID>1</SpecialOfferID><ProductID>848</ProductID><ModifiedDate>2011-04-01 00:00:00</ModifiedDate></SpecialOfferProduct>
<SpecialOfferProduct><SpecialOfferID>1</SpecialOfferID><ProductID>849</ProductID><ModifiedDate>2011-04-01 00:00:00</ModifiedDate></SpecialOfferProduct>
<SpecialOfferProduct><SpecialOfferID>1</SpecialOfferID><ProductID>850</ProductID><ModifiedDate>2011-04-01 00:00:00</ModifiedDate></SpecialOfferProduct>
<SpecialOfferProduct><SpecialOfferID>1</SpecialOfferID><ProductID>851</ProductID><ModifiedDate>2011-04-01 00:00:00</ModifiedDate></SpecialOfferProduct>
<SpecialOfferProduct><SpecialOfferID>1</SpecialOfferID><ProductID>852</ProductID><ModifiedDate>2011-04-01 00:00:00</ModifiedDate></SpecialOfferProduct>
<SpecialOfferProduct><SpecialOfferID>1</SpecialOfferID><ProductID>853</ProductID><ModifiedDate>2011-04-01 00:00:00</ModifiedDate></SpecialOfferProduct>
<SpecialOfferProduct><SpecialOfferID>1</SpecialOfferID><ProductID>854</ProductID><ModifiedDate>2011-04-01 00:00:00</ModifiedDate></SpecialOfferProduct>
<SpecialOfferProduct><SpecialOfferID>1</SpecialOfferID><ProductID>855</ProductID><ModifiedDate>2011-04-01 00:00:00</ModifiedDate></SpecialOfferProduct>
<SpecialOfferProduct><SpecialOfferID>1</SpecialOfferID><ProductID>856</ProductID><ModifiedDate>2011-04-01 00:00:00</ModifiedDate></SpecialOfferProduct>
<SpecialOfferProduct><SpecialOfferID>1</SpecialOfferID><ProductID>857</ProductID><ModifiedDate>2011-04-01 00:00:00</ModifiedDate></SpecialOfferProduct>
<SpecialOfferProduct><SpecialOfferID>1</SpecialOfferID><ProductID>858</ProductID><ModifiedDate>2011-04-01 00:00:00</ModifiedDate></SpecialOfferProduct>
<SpecialOfferProduct><SpecialOfferID>1</SpecialOfferID><ProductID>859</ProductID><ModifiedDate>2011-04-01 00:00:00</ModifiedDate></SpecialOfferProduct>
<SpecialOfferProduct><SpecialOfferID>1</SpecialOfferID><ProductID>860</ProductID><ModifiedDate>2011-04-01 00:00:00</ModifiedDate></SpecialOfferProduct>
<SpecialOfferProduct><SpecialOfferID>1</SpecialOfferID><ProductID>861</ProductID><ModifiedDate>2011-04-01 00:00:00</ModifiedDate></SpecialOfferProduct>
<SpecialOfferProduct><SpecialOfferID>1</SpecialOfferID><ProductID>862</ProductID><ModifiedDate>2011-04-01 00:00:00</ModifiedDate></SpecialOfferProduct>
<SpecialOfferProduct><SpecialOfferID>1</SpecialOfferID><ProductID>863</ProductID><ModifiedDate>2011-04-01 00:00:00</ModifiedDate></SpecialOfferProduct>
<SpecialOfferProduct><SpecialOfferID>1</SpecialOfferID><ProductID>864</ProductID><ModifiedDate>2011-04-01 00:00:00</ModifiedDate></SpecialOfferProduct>
<SpecialOfferProduct><SpecialOfferID>1</SpecialOfferID><ProductID>865</ProductID><ModifiedDate>2011-04-01 00:00:00</ModifiedDate></SpecialOfferProduct>
<SpecialOfferProduct><SpecialOfferID>1</SpecialOfferID><ProductID>866</ProductID><ModifiedDate>2011-04-01 00:00:00</ModifiedDate></SpecialOfferProduct>
<SpecialOfferProduct><SpecialOfferID>1</SpecialOfferID><ProductID>867</ProductID><ModifiedDate>2011-04-01 00:00:00</ModifiedDate></SpecialOfferProduct>
<SpecialOfferProduct><SpecialOfferID>1</SpecialOfferID><ProductID>868</ProductID><ModifiedDate>2011-04-01 00:00:00</ModifiedDate></SpecialOfferProduct>
<SpecialOfferProduct><SpecialOfferID>1</SpecialOfferID><ProductID>869</ProductID><ModifiedDate>2011-04-01 00:00:00</ModifiedDate></SpecialOfferProduct>
<SpecialOfferProduct><SpecialOfferID>1</SpecialOfferID><ProductID>870</ProductID><ModifiedDate>2011-04-01 00:00:00</ModifiedDate></SpecialOfferProduct>
<SpecialOfferProduct><SpecialOfferID>1</SpecialOfferID><ProductID>871</ProductID><ModifiedDate>2011-04-01 00:00:00</ModifiedDate></SpecialOfferProduct>
<SpecialOfferProduct><SpecialOfferID>1</SpecialOfferID><ProductID>872</ProductID><ModifiedDate>2011-04-01 00:00:00</ModifiedDate></SpecialOfferProduct>
<SpecialOfferProduct><SpecialOfferID>1</SpecialOfferID><ProductID>873</ProductID><ModifiedDate>2011-04-01 00:00:00</ModifiedDate></SpecialOfferProduct>
<SpecialOfferProduct><SpecialOfferID>1</SpecialOfferID><ProductID>874</ProductID><ModifiedDate>2011-04-01 00:00:00</ModifiedDate></SpecialOfferProduct>
<SpecialOfferProduct><SpecialOfferID>1</SpecialOfferID><ProductID>875</ProductID><ModifiedDate>2011-04-01 00:00:00</ModifiedDate></SpecialOfferProduct>
<SpecialOfferProduct><SpecialOfferID>1</SpecialOfferID><ProductID>876</ProductID><ModifiedDate>2011-04-01 00:00:00</ModifiedDate></SpecialOfferProduct>
<SpecialOfferProduct><SpecialOfferID>1</SpecialOfferID><ProductID>877</ProductID><ModifiedDate>2011-04-01 00:00:00</ModifiedDate></SpecialOfferProduct>
<SpecialOfferProduct><SpecialOfferID>1</SpecialOfferID><ProductID>878</ProductID><ModifiedDate>2011-04-01 00:00:00</ModifiedDate></SpecialOfferProduct>
<SpecialOfferProduct><SpecialOfferID>1</SpecialOfferID><ProductID>879</ProductID><ModifiedDate>2011-04-01 00:00:00</ModifiedDate></SpecialOfferProduct>
<SpecialOfferProduct><SpecialOfferID>1</SpecialOfferID><ProductID>880</ProductID><ModifiedDate>2011-04-01 00:00:00</ModifiedDate></SpecialOfferProduct>
<SpecialOfferProduct><SpecialOfferID>1</SpecialOfferID><ProductID>881</ProductID><ModifiedDate>2011-04-01 00:00:00</ModifiedDate></SpecialOfferProduct>
<SpecialOfferProduct><SpecialOfferID>1</SpecialOfferID><ProductID>882</ProductID><ModifiedDate>2011-04-01 00:00:00</ModifiedDate></SpecialOfferProduct>
<SpecialOfferProduct><SpecialOfferID>1</SpecialOfferID><ProductID>883</ProductID><ModifiedDate>2011-04-01 00:00:00</ModifiedDate></SpecialOfferProduct>
<SpecialOfferProduct><SpecialOfferID>1</SpecialOfferID><ProductID>884</ProductID><ModifiedDate>2011-04-01 00:00:00</ModifiedDate></SpecialOfferProduct>
<SpecialOfferProduct><SpecialOfferID>1</SpecialOfferID><ProductID>885</ProductID><ModifiedDate>2011-04-01 00:00:00</ModifiedDate></SpecialOfferProduct>
<SpecialOfferProduct><SpecialOfferID>1</SpecialOfferID><ProductID>886</ProductID><ModifiedDate>2011-04-01 00:00:00</ModifiedDate></SpecialOfferProduct>
<SpecialOfferProduct><SpecialOfferID>1</SpecialOfferID><ProductID>887</ProductID><ModifiedDate>2011-04-01 00:00:00</ModifiedDate></SpecialOfferProduct>
<SpecialOfferProduct><SpecialOfferID>1</SpecialOfferID><ProductID>888</ProductID><ModifiedDate>2011-04-01 00:00:00</ModifiedDate></SpecialOfferProduct>
<SpecialOfferProduct><SpecialOfferID>1</SpecialOfferID><ProductID>889</ProductID><ModifiedDate>2011-04-01 00:00:00</ModifiedDate></SpecialOfferProduct>
<SpecialOfferProduct><SpecialOfferID>1</SpecialOfferID><ProductID>890</ProductID><ModifiedDate>2011-04-01 00:00:00</ModifiedDate></SpecialOfferProduct>
<SpecialOfferProduct><SpecialOfferID>1</SpecialOfferID><ProductID>891</ProductID><ModifiedDate>2011-04-01 00:00:00</ModifiedDate></SpecialOfferProduct>
<SpecialOfferProduct><SpecialOfferID>1</SpecialOfferID><ProductID>892</ProductID><ModifiedDate>2011-04-01 00:00:00</ModifiedDate></SpecialOfferProduct>
<SpecialOfferProduct><SpecialOfferID>1</SpecialOfferID><ProductID>893</ProductID><ModifiedDate>2011-04-01 00:00:00</ModifiedDate></SpecialOfferProduct>
<SpecialOfferProduct><SpecialOfferID>1</SpecialOfferID><ProductID>894</ProductID><ModifiedDate>2011-04-01 00:00:00</ModifiedDate></SpecialOfferProduct>
<SpecialOfferProduct><SpecialOfferID>1</SpecialOfferID><ProductID>895</ProductID><ModifiedDate>2011-04-01 00:00:00</ModifiedDate></SpecialOfferProduct>
<SpecialOfferProduct><SpecialOfferID>1</SpecialOfferID><ProductID>896</ProductID><ModifiedDate>2011-04-01 00:00:00</ModifiedDate></SpecialOfferProduct>
<SpecialOfferProduct><SpecialOfferID>1</SpecialOfferID><ProductID>897</ProductID><ModifiedDate>2011-04-01 00:00:00</ModifiedDate></SpecialOfferProduct>
<SpecialOfferProduct><SpecialOfferID>1</SpecialOfferID><ProductID>898</ProductID><ModifiedDate>2011-04-01 00:00:00</ModifiedDate></SpecialOfferProduct>
<SpecialOfferProduct><SpecialOfferID>1</SpecialOfferID><ProductID>899</ProductID><ModifiedDate>2011-04-01 00:00:00</ModifiedDate></SpecialOfferProduct>
<SpecialOfferProduct><SpecialOfferID>1</SpecialOfferID><ProductID>900</ProductID><ModifiedDate>2011-04-01 00:00:00</ModifiedDate></SpecialOfferProduct>
<SpecialOfferProduct><SpecialOfferID>1</SpecialOfferID><ProductID>901</ProductID><ModifiedDate>2011-04-01 00:00:00</ModifiedDate></SpecialOfferProduct>
<SpecialOfferProduct><SpecialOfferID>1</SpecialOfferID><ProductID>902</ProductID><ModifiedDate>2011-04-01 00:00:00</ModifiedDate></SpecialOfferProduct>
<SpecialOfferProduct><SpecialOfferID>1</SpecialOfferID><ProductID>903</ProductID><ModifiedDate>2011-04-01 00:00:00</ModifiedDate></SpecialOfferProduct>
<SpecialOfferProduct><SpecialOfferID>1</SpecialOfferID><ProductID>904</ProductID><ModifiedDate>2011-04-01 00:00:00</ModifiedDate></SpecialOfferProduct>
<SpecialOfferProduct><SpecialOfferID>1</SpecialOfferID><ProductID>905</ProductID><ModifiedDate>2011-04-01 00:00:00</ModifiedDate></SpecialOfferProduct>
<SpecialOfferProduct><SpecialOfferID>1</SpecialOfferID><ProductID>906</ProductID><ModifiedDate>2011-04-01 00:00:00</ModifiedDate></SpecialOfferProduct>
<SpecialOfferProduct><SpecialOfferID>1</SpecialOfferID><ProductID>907</ProductID><ModifiedDate>2011-04-01 00:00:00</ModifiedDate></SpecialOfferProduct>
<SpecialOfferProduct><SpecialOfferID>1</SpecialOfferID><ProductID>908</ProductID><ModifiedDate>2011-04-01 00:00:00</ModifiedDate></SpecialOfferProduct>
<SpecialOfferProduct><SpecialOfferID>1</SpecialOfferID><ProductID>909</ProductID><ModifiedDate>2011-04-01 00:00:00</ModifiedDate></SpecialOfferProduct>
<SpecialOfferProduct><SpecialOfferID>1</SpecialOfferID><ProductID>910</ProductID><ModifiedDate>2011-04-01 00:00:00</ModifiedDate></SpecialOfferProduct>
<SpecialOfferProduct><SpecialOfferID>1</SpecialOfferID><ProductID>911</ProductID><ModifiedDate>2011-04-01 00:00:00</ModifiedDate></SpecialOfferProduct>
<SpecialOfferProduct><SpecialOfferID>1</SpecialOfferID><ProductID>912</ProductID><ModifiedDate>2011-04-01 00:00:00</ModifiedDate></SpecialOfferProduct>
<SpecialOfferProduct><SpecialOfferID>1</SpecialOfferID><ProductID>913</ProductID><ModifiedDate>2011-04-01 00:00:00</ModifiedDate></SpecialOfferProduct>
<SpecialOfferProduct><SpecialOfferID>1</SpecialOfferID><ProductID>914</ProductID><ModifiedDate>2011-04-01 00:00:00</ModifiedDate></SpecialOfferProduct>
<SpecialOfferProduct><SpecialOfferID>1</SpecialOfferID><ProductID>915</ProductID><ModifiedDate>2011-04-01 00:00:00</ModifiedDate></SpecialOfferProduct>
<SpecialOfferProduct><SpecialOfferID>1</SpecialOfferID><ProductID>916</ProductID><ModifiedDate>2011-04-01 00:00:00</ModifiedDate></SpecialOfferProduct>
<SpecialOfferProduct><SpecialOfferID>1</SpecialOfferID><ProductID>917</ProductID><ModifiedDate>2011-04-01 00:00:00</ModifiedDate></SpecialOfferProduct>
<SpecialOfferProduct><SpecialOfferID>1</SpecialOfferID><ProductID>918</ProductID><ModifiedDate>2011-04-01 00:00:00</ModifiedDate></SpecialOfferProduct>
<SpecialOfferProduct><SpecialOfferID>1</SpecialOfferID><ProductID>919</ProductID><ModifiedDate>2011-04-01 00:00:00</ModifiedDate></SpecialOfferProduct>
<SpecialOfferProduct><SpecialOfferID>1</SpecialOfferID><ProductID>920</ProductID><ModifiedDate>2011-04-01 00:00:00</ModifiedDate></SpecialOfferProduct>
<SpecialOfferProduct><SpecialOfferID>1</SpecialOfferID><ProductID>921</ProductID><ModifiedDate>2011-04-01 00:00:00</ModifiedDate></SpecialOfferProduct>
<SpecialOfferProduct><SpecialOfferID>1</SpecialOfferID><ProductID>922</ProductID><ModifiedDate>2011-04-01 00:00:00</ModifiedDate></SpecialOfferProduct>
<SpecialOfferProduct><SpecialOfferID>1</SpecialOfferID><ProductID>923</ProductID><ModifiedDate>2011-04-01 00:00:00</ModifiedDate></SpecialOfferProduct>
<SpecialOfferProduct><SpecialOfferID>1</SpecialOfferID><ProductID>924</ProductID><ModifiedDate>2011-04-01 00:00:00</ModifiedDate></SpecialOfferProduct>
<SpecialOfferProduct><SpecialOfferID>1</SpecialOfferID><ProductID>925</ProductID><ModifiedDate>2011-04-01 00:00:00</ModifiedDate></SpecialOfferProduct>
<SpecialOfferProduct><SpecialOfferID>1</SpecialOfferID><ProductID>926</ProductID><ModifiedDate>2011-04-01 00:00:00</ModifiedDate></SpecialOfferProduct>
<SpecialOfferProduct><SpecialOfferID>1</SpecialOfferID><ProductID>927</ProductID><ModifiedDate>2011-04-01 00:00:00</ModifiedDate></SpecialOfferProduct>
<SpecialOfferProduct><SpecialOfferID>1</SpecialOfferID><ProductID>928</ProductID><ModifiedDate>2011-04-01 00:00:00</ModifiedDate></SpecialOfferProduct>
<SpecialOfferProduct><SpecialOfferID>1</SpecialOfferID><ProductID>929</ProductID><ModifiedDate>2011-04-01 00:00:00</ModifiedDate></SpecialOfferProduct>
<SpecialOfferProduct><SpecialOfferID>1</SpecialOfferID><ProductID>930</ProductID><ModifiedDate>2011-04-01 00:00:00</ModifiedDate></SpecialOfferProduct>
<SpecialOfferProduct><SpecialOfferID>1</SpecialOfferID><ProductID>931</ProductID><ModifiedDate>2011-04-01 00:00:00</ModifiedDate></SpecialOfferProduct>
<SpecialOfferProduct><SpecialOfferID>1</SpecialOfferID><ProductID>932</ProductID><ModifiedDate>2011-04-01 00:00:00</ModifiedDate></SpecialOfferProduct>
<SpecialOfferProduct><SpecialOfferID>1</SpecialOfferID><ProductID>933</ProductID><ModifiedDate>2011-04-01 00:00:00</ModifiedDate></SpecialOfferProduct>
<SpecialOfferProduct><SpecialOfferID>1</SpecialOfferID><ProductID>934</ProductID><ModifiedDate>2011-04-01 00:00:00</ModifiedDate></SpecialOfferProduct>
<SpecialOfferProduct><SpecialOfferID>1</SpecialOfferID><ProductID>935</ProductID><ModifiedDate>2011-04-01 00:00:00</ModifiedDate></SpecialOfferProduct>
<SpecialOfferProduct><SpecialOfferID>1</SpecialOfferID><ProductID>936</ProductID><ModifiedDate>2011-04-01 00:00:00</ModifiedDate></SpecialOfferProduct>
<SpecialOfferProduct><SpecialOfferID>1</SpecialOfferID><ProductID>937</ProductID><ModifiedDate>2011-04-01 00:00:00</ModifiedDate></SpecialOfferProduct>
<SpecialOfferProduct><SpecialOfferID>1</SpecialOfferID><ProductID>938</ProductID><ModifiedDate>2011-04-01 00:00:00</ModifiedDate></SpecialOfferProduct>
<SpecialOfferProduct><SpecialOfferID>1</SpecialOfferID><ProductID>939</ProductID><ModifiedDate>2011-04-01 00:00:00</ModifiedDate></SpecialOfferProduct>
<SpecialOfferProduct><SpecialOfferID>1</SpecialOfferID><ProductID>940</ProductID><ModifiedDate>2011-04-01 00:00:00</ModifiedDate></SpecialOfferProduct>
<SpecialOfferProduct><SpecialOfferID>1</SpecialOfferID><ProductID>941</ProductID><ModifiedDate>2011-04-01 00:00:00</ModifiedDate></SpecialOfferProduct>
<SpecialOfferProduct><SpecialOfferID>1</SpecialOfferID><ProductID>942</ProductID><ModifiedDate>2011-04-01 00:00:00</ModifiedDate></SpecialOfferProduct>
<SpecialOfferProduct><SpecialOfferID>1</SpecialOfferID><ProductID>943</ProductID><ModifiedDate>2011-04-01 00:00:00</ModifiedDate></SpecialOfferProduct>
<SpecialOfferProduct><SpecialOfferID>1</SpecialOfferID><ProductID>944</ProductID><ModifiedDate>2011-04-01 00:00:00</ModifiedDate></SpecialOfferProduct>
<SpecialOfferProduct><SpecialOfferID>1</SpecialOfferID><ProductID>945</ProductID><ModifiedDate>2011-04-01 00:00:00</ModifiedDate></SpecialOfferProduct>
<SpecialOfferProduct><SpecialOfferID>1</SpecialOfferID><ProductID>946</ProductID><ModifiedDate>2011-04-01 00:00:00</ModifiedDate></SpecialOfferProduct>
<SpecialOfferProduct><SpecialOfferID>1</SpecialOfferID><ProductID>947</ProductID><ModifiedDate>2011-04-01 00:00:00</ModifiedDate></SpecialOfferProduct>
<SpecialOfferProduct><SpecialOfferID>1</SpecialOfferID><ProductID>948</ProductID><ModifiedDate>2011-04-01 00:00:00</ModifiedDate></SpecialOfferProduct>
<SpecialOfferProduct><SpecialOfferID>1</SpecialOfferID><ProductID>949</ProductID><ModifiedDate>2011-04-01 00:00:00</ModifiedDate></SpecialOfferProduct>
<SpecialOfferProduct><SpecialOfferID>1</SpecialOfferID><ProductID>950</ProductID><ModifiedDate>2011-04-01 00:00:00</ModifiedDate></SpecialOfferProduct>
<SpecialOfferProduct><SpecialOfferID>1</SpecialOfferID><ProductID>951</ProductID><ModifiedDate>2011-04-01 00:00:00</ModifiedDate></SpecialOfferProduct>
<SpecialOfferProduct><SpecialOfferID>1</SpecialOfferID><ProductID>952</ProductID><ModifiedDate>2011-04-01 00:00:00</ModifiedDate></SpecialOfferProduct>
<SpecialOfferProduct><SpecialOfferID>1</SpecialOfferID><ProductID>953</ProductID><ModifiedDate>2011-04-01 00:00:00</ModifiedDate></SpecialOfferProduct>
<SpecialOfferProduct><SpecialOfferID>1</SpecialOfferID><ProductID>954</ProductID><ModifiedDate>2011-04-01 00:00:00</ModifiedDate></SpecialOfferProduct>
<SpecialOfferProduct><SpecialOfferID>1</SpecialOfferID><ProductID>955</ProductID><ModifiedDate>2011-04-01 00:00:00</ModifiedDate></SpecialOfferProduct>
<SpecialOfferProduct><SpecialOfferID>1</SpecialOfferID><ProductID>956</ProductID><ModifiedDate>2011-04-01 00:00:00</ModifiedDate></SpecialOfferProduct>
<SpecialOfferProduct><SpecialOfferID>1</SpecialOfferID><ProductID>957</ProductID><ModifiedDate>2011-04-01 00:00:00</ModifiedDate></SpecialOfferProduct>
<SpecialOfferProduct><SpecialOfferID>1</SpecialOfferID><ProductID>958</ProductID><ModifiedDate>2011-04-01 00:00:00</ModifiedDate></SpecialOfferProduct>
<SpecialOfferProduct><SpecialOfferID>1</SpecialOfferID><ProductID>959</ProductID><ModifiedDate>2011-04-01 00:00:00</ModifiedDate></SpecialOfferProduct>
<SpecialOfferProduct><SpecialOfferID>1</SpecialOfferID><ProductID>960</ProductID><ModifiedDate>2011-04-01 00:00:00</ModifiedDate></SpecialOfferProduct>
<SpecialOfferProduct><SpecialOfferID>1</SpecialOfferID><ProductID>961</ProductID><ModifiedDate>2011-04-01 00:00:00</ModifiedDate></SpecialOfferProduct>
<SpecialOfferProduct><SpecialOfferID>1</SpecialOfferID><ProductID>962</ProductID><ModifiedDate>2011-04-01 00:00:00</ModifiedDate></SpecialOfferProduct>
<SpecialOfferProduct><SpecialOfferID>1</SpecialOfferID><ProductID>963</ProductID><ModifiedDate>2011-04-01 00:00:00</ModifiedDate></SpecialOfferProduct>
<SpecialOfferProduct><SpecialOfferID>1</SpecialOfferID><ProductID>964</ProductID><ModifiedDate>2011-04-01 00:00:00</ModifiedDate></SpecialOfferProduct>
<SpecialOfferProduct><SpecialOfferID>1</SpecialOfferID><ProductID>965</ProductID><ModifiedDate>2011-04-01 00:00:00</ModifiedDate></SpecialOfferProduct>
<SpecialOfferProduct><SpecialOfferID>1</SpecialOfferID><ProductID>966</ProductID><ModifiedDate>2011-04-01 00:00:00</ModifiedDate></SpecialOfferProduct>
<SpecialOfferProduct><SpecialOfferID>1</SpecialOfferID><ProductID>967</ProductID><ModifiedDate>2011-04-01 00:00:00</ModifiedDate></SpecialOfferProduct>
<SpecialOfferProduct><SpecialOfferID>1</SpecialOfferID><ProductID>968</ProductID><ModifiedDate>2011-04-01 00:00:00</ModifiedDate></SpecialOfferProduct>
<SpecialOfferProduct><SpecialOfferID>1</SpecialOfferID><ProductID>969</ProductID><ModifiedDate>2011-04-01 00:00:00</ModifiedDate></SpecialOfferProduct>
<SpecialOfferProduct><SpecialOfferID>1</SpecialOfferID><ProductID>970</ProductID><ModifiedDate>2011-04-01 00:00:00</ModifiedDate></SpecialOfferProduct>
<SpecialOfferProduct><SpecialOfferID>1</SpecialOfferID><ProductID>971</ProductID><ModifiedDate>2011-04-01 00:00:00</ModifiedDate></SpecialOfferProduct>
<SpecialOfferProduct><SpecialOfferID>1</SpecialOfferID><ProductID>972</ProductID><ModifiedDate>2011-04-01 00:00:00</ModifiedDate></SpecialOfferProduct>
<SpecialOfferProduct><SpecialOfferID>1</SpecialOfferID><ProductID>973</ProductID><ModifiedDate>2011-04-01 00:00:00</ModifiedDate></SpecialOfferProduct>
<SpecialOfferProduct><SpecialOfferID>1</SpecialOfferID><ProductID>974</ProductID><ModifiedDate>2011-04-01 00:00:00</ModifiedDate></SpecialOfferProduct>
<SpecialOfferProduct><SpecialOfferID>1</SpecialOfferID><ProductID>975</ProductID><ModifiedDate>2011-04-01 00:00:00</ModifiedDate></SpecialOfferProduct>
<SpecialOfferProduct><SpecialOfferID>1</SpecialOfferID><ProductID>976</ProductID><ModifiedDate>2011-04-01 00:00:00</ModifiedDate></SpecialOfferProduct>
<SpecialOfferProduct><SpecialOfferID>1</SpecialOfferID><ProductID>977</ProductID><ModifiedDate>2011-04-01 00:00:00</ModifiedDate></SpecialOfferProduct>
<SpecialOfferProduct><SpecialOfferID>1</SpecialOfferID><ProductID>978</ProductID><ModifiedDate>2011-04-01 00:00:00</ModifiedDate></SpecialOfferProduct>
<SpecialOfferProduct><SpecialOfferID>1</SpecialOfferID><ProductID>979</ProductID><ModifiedDate>2011-04-01 00:00:00</ModifiedDate></SpecialOfferProduct>
<SpecialOfferProduct><SpecialOfferID>1</SpecialOfferID><ProductID>980</ProductID><ModifiedDate>2011-04-01 00:00:00</ModifiedDate></SpecialOfferProduct>
<SpecialOfferProduct><SpecialOfferID>1</SpecialOfferID><ProductID>981</ProductID><ModifiedDate>2011-04-01 00:00:00</ModifiedDate></SpecialOfferProduct>
<SpecialOfferProduct><SpecialOfferID>1</SpecialOfferID><ProductID>982</ProductID><ModifiedDate>2011-04-01 00:00:00</ModifiedDate></SpecialOfferProduct>
<SpecialOfferProduct><SpecialOfferID>1</SpecialOfferID><ProductID>983</ProductID><ModifiedDate>2011-04-01 00:00:00</ModifiedDate></SpecialOfferProduct>
<SpecialOfferProduct><SpecialOfferID>1</SpecialOfferID><ProductID>984</ProductID><ModifiedDate>2011-04-01 00:00:00</ModifiedDate></SpecialOfferProduct>
<SpecialOfferProduct><SpecialOfferID>1</SpecialOfferID><ProductID>985</ProductID><ModifiedDate>2011-04-01 00:00:00</ModifiedDate></SpecialOfferProduct>
<SpecialOfferProduct><SpecialOfferID>1</SpecialOfferID><ProductID>986</ProductID><ModifiedDate>2011-04-01 00:00:00</ModifiedDate></SpecialOfferProduct>
<SpecialOfferProduct><SpecialOfferID>1</SpecialOfferID><ProductID>987</ProductID><ModifiedDate>2011-04-01 00:00:00</ModifiedDate></SpecialOfferProduct>
<SpecialOfferProduct><SpecialOfferID>1</SpecialOfferID><ProductID>988</ProductID><ModifiedDate>2011-04-01 00:00:00</ModifiedDate></SpecialOfferProduct>
<SpecialOfferProduct><SpecialOfferID>1</SpecialOfferID><ProductID>989</ProductID><ModifiedDate>2011-04-01 00:00:00</ModifiedDate></SpecialOfferProduct>
<SpecialOfferProduct><SpecialOfferID>1</SpecialOfferID><ProductID>990</ProductID><ModifiedDate>2011-04-01 00:00:00</ModifiedDate></SpecialOfferProduct>
<SpecialOfferProduct><SpecialOfferID>1</SpecialOfferID><ProductID>991</ProductID><ModifiedDate>2011-04-01 00:00:00</ModifiedDate></SpecialOfferProduct>
<SpecialOfferProduct><SpecialOfferID>1</SpecialOfferID><ProductID>992</ProductID><ModifiedDate>2011-04-01 00:00:00</ModifiedDate></SpecialOfferProduct>
<SpecialOfferProduct><SpecialOfferID>1</SpecialOfferID><ProductID>993</ProductID><ModifiedDate>2011-04-01 00:00:00</ModifiedDate></SpecialOfferProduct>
<SpecialOfferProduct><SpecialOfferID>1</SpecialOfferID><ProductID>994</ProductID><ModifiedDate>2011-04-01 00:00:00</ModifiedDate></SpecialOfferProduct>
<SpecialOfferProduct><SpecialOfferID>1</SpecialOfferID><ProductID>995</ProductID><ModifiedDate>2011-04-01 00:00:00</ModifiedDate></SpecialOfferProduct>
<SpecialOfferProduct><SpecialOfferID>1</SpecialOfferID><ProductID>996</ProductID><ModifiedDate>2011-04-01 00:00:00</ModifiedDate></SpecialOfferProduct>
<SpecialOfferProduct><SpecialOfferID>1</SpecialOfferID><ProductID>997</ProductID><ModifiedDate>2011-04-01 00:00:00</ModifiedDate></SpecialOfferProduct>
<SpecialOfferProduct><SpecialOfferID>1</SpecialOfferID><ProductID>998</ProductID><ModifiedDate>2011-04-01 00:00:00</ModifiedDate></SpecialOfferProduct>
<SpecialOfferProduct><SpecialOfferID>1</SpecialOfferID><ProductID>999</ProductID><ModifiedDate>2011-04-01 00:00:00</ModifiedDate></SpecialOfferProduct>
<SpecialOfferProduct><SpecialOfferID>2</SpecialOfferID><ProductID>707</ProductID><ModifiedDate>2011-05-01 00:00:00</ModifiedDate></SpecialOfferProduct>
<SpecialOfferProduct><SpecialOfferID>2</SpecialOfferID><ProductID>708</ProductID><ModifiedDate>2011-05-01 00:00:00</ModifiedDate></SpecialOfferProduct>
<SpecialOfferProduct><SpecialOfferID>2</SpecialOfferID><ProductID>709</ProductID><ModifiedDate>2011-05-01 00:00:00</ModifiedDate></SpecialOfferProduct>
<SpecialOfferProduct><SpecialOfferID>2</SpecialOfferID><ProductID>711</ProductID><ModifiedDate>2011-05-01 00:00:00</ModifiedDate></SpecialOfferProduct>
<SpecialOfferProduct><SpecialOfferID>2</SpecialOfferID><ProductID>712</ProductID><ModifiedDate>2011-05-01 00:00:00</ModifiedDate></SpecialOfferProduct>
<SpecialOfferProduct><SpecialOfferID>2</SpecialOfferID><ProductID>714</ProductID><ModifiedDate>2011-05-01 00:00:00</ModifiedDate></SpecialOfferProduct>
<SpecialOfferProduct><SpecialOfferID>2</SpecialOfferID><ProductID>715</ProductID><ModifiedDate>2011-05-01 00:00:00</ModifiedDate></SpecialOfferProduct>
<SpecialOfferProduct><SpecialOfferID>2</SpecialOfferID><ProductID>716</ProductID><ModifiedDate>2011-05-01 00:00:00</ModifiedDate></SpecialOfferProduct>
<SpecialOfferProduct><SpecialOfferID>2</SpecialOfferID><ProductID>725</ProductID><ModifiedDate>2011-05-01 00:00:00</ModifiedDate></SpecialOfferProduct>
<SpecialOfferProduct><SpecialOfferID>2</SpecialOfferID><ProductID>730</ProductID><ModifiedDate>2011-05-01 00:00:00</ModifiedDate></SpecialOfferProduct>
<SpecialOfferProduct><SpecialOfferID>2</SpecialOfferID><ProductID>738</ProductID><ModifiedDate>2011-05-01 00:00:00</ModifiedDate></SpecialOfferProduct>
<SpecialOfferProduct><SpecialOfferID>2</SpecialOfferID><ProductID>748</ProductID><ModifiedDate>2011-05-01 00:00:00</ModifiedDate></SpecialOfferProduct>
<SpecialOfferProduct><SpecialOfferID>2</SpecialOfferID><ProductID>754</ProductID><ModifiedDate>2011-05-01 00:00:00</ModifiedDate></SpecialOfferProduct>
<SpecialOfferProduct><SpecialOfferID>2</SpecialOfferID><ProductID>760</ProductID><ModifiedDate>2011-05-01 00:00:00</ModifiedDate></SpecialOfferProduct>
<SpecialOfferProduct><SpecialOfferID>2</SpecialOfferID><ProductID>761</ProductID><ModifiedDate>2011-05-01 00:00:00</ModifiedDate></SpecialOfferProduct>
<SpecialOfferProduct><SpecialOfferID>2</SpecialOfferID><ProductID>762</ProductID><ModifiedDate>2011-05-01 00:00:00</ModifiedDate></SpecialOfferProduct>
<SpecialOfferProduct><SpecialOfferID>2</SpecialOfferID><ProductID>763</ProductID><ModifiedDate>2011-05-01 00:00:00</ModifiedDate></SpecialOfferProduct>
<SpecialOfferProduct><SpecialOfferID>2</SpecialOfferID><ProductID>765</ProductID><ModifiedDate>2011-05-01 00:00:00</ModifiedDate></SpecialOfferProduct>
<SpecialOfferProduct><SpecialOfferID>2</SpecialOfferID><ProductID>766</ProductID><ModifiedDate>2011-05-01 00:00:00</ModifiedDate></SpecialOfferProduct>
<SpecialOfferProduct><SpecialOfferID>2</SpecialOfferID><ProductID>768</ProductID><ModifiedDate>2011-05-01 00:00:00</ModifiedDate></SpecialOfferProduct>
<SpecialOfferProduct><SpecialOfferID>2</SpecialOfferID><ProductID>770</ProductID><ModifiedDate>2011-05-01 00:00:00</ModifiedDate></SpecialOfferProduct>
<SpecialOfferProduct><SpecialOfferID>2</SpecialOfferID><ProductID>772</ProductID><ModifiedDate>2011-05-01 00:00:00</ModifiedDate></SpecialOfferProduct>
<SpecialOfferProduct><SpecialOfferID>2</SpecialOfferID><ProductID>773</ProductID><ModifiedDate>2011-05-01 00:00:00</ModifiedDate></SpecialOfferProduct>
<SpecialOfferProduct><SpecialOfferID>2</SpecialOfferID><ProductID>775</ProductID><ModifiedDate>2011-05-01 00:00:00</ModifiedDate></SpecialOfferProduct>
<SpecialOfferProduct><SpecialOfferID>2</SpecialOfferID><ProductID>776</ProductID><ModifiedDate>2011-05-01 00:00:00</ModifiedDate></SpecialOfferProduct>
<SpecialOfferProduct><SpecialOfferID>2</SpecialOfferID><ProductID>777</ProductID><ModifiedDate>2011-05-01 00:00:00</ModifiedDate></SpecialOfferProduct>
<SpecialOfferProduct><SpecialOfferID>2</SpecialOfferID><ProductID>779</ProductID><ModifiedDate>2011-05-01 00:00:00</ModifiedDate></SpecialOfferProduct>
<SpecialOfferProduct><SpecialOfferID>2</SpecialOfferID><ProductID>780</ProductID><ModifiedDate>2011-05-01 00:00:00</ModifiedDate></SpecialOfferProduct>
<SpecialOfferProduct><SpecialOfferID>2</SpecialOfferID><ProductID>781</ProductID><ModifiedDate>2011-05-01 00:00:00</ModifiedDate></SpecialOfferProduct>
<SpecialOfferProduct><SpecialOfferID>2</SpecialOfferID><ProductID>782</ProductID><ModifiedDate>2011-05-01 00:00:00</ModifiedDate></SpecialOfferProduct>
<SpecialOfferProduct><SpecialOfferID>2</SpecialOfferID><ProductID>783</ProductID><ModifiedDate>2011-05-01 00:00:00</ModifiedDate></SpecialOfferProduct>
<SpecialOfferProduct><SpecialOfferID>2</SpecialOfferID><ProductID>784</ProductID><ModifiedDate>2011-05-01 00:00:00</ModifiedDate></SpecialOfferProduct>
<SpecialOfferProduct><SpecialOfferID>2</SpecialOfferID><ProductID>785</ProductID><ModifiedDate>2011-05-01 00:00:00</ModifiedDate></SpecialOfferProduct>
<SpecialOfferProduct><SpecialOfferID>2</SpecialOfferID><ProductID>786</ProductID><ModifiedDate>2011-05-01 00:00:00</ModifiedDate></SpecialOfferProduct>
<SpecialOfferProduct><SpecialOfferID>2</SpecialOfferID><ProductID>788</ProductID><ModifiedDate>2011-05-01 00:00:00</ModifiedDate></SpecialOfferProduct>
<SpecialOfferProduct><SpecialOfferID>2</SpecialOfferID><ProductID>789</ProductID><ModifiedDate>2011-05-01 00:00:00</ModifiedDate></SpecialOfferProduct>
<SpecialOfferProduct><SpecialOfferID>2</SpecialOfferID><ProductID>790</ProductID><ModifiedDate>2011-05-01 00:00:00</ModifiedDate></SpecialOfferProduct>
<SpecialOfferProduct><SpecialOfferID>2</SpecialOfferID><ProductID>793</ProductID><ModifiedDate>2011-05-01 00:00:00</ModifiedDate></SpecialOfferProduct>
<SpecialOfferProduct><SpecialOfferID>2</SpecialOfferID><ProductID>794</ProductID><ModifiedDate>2011-05-01 00:00:00</ModifiedDate></SpecialOfferProduct>
<SpecialOfferProduct><SpecialOfferID>2</SpecialOfferID><ProductID>797</ProductID><ModifiedDate>2011-05-01 00:00:00</ModifiedDate></SpecialOfferProduct>
<SpecialOfferProduct><SpecialOfferID>2</SpecialOfferID><ProductID>798</ProductID><ModifiedDate>2011-05-01 00:00:00</ModifiedDate></SpecialOfferProduct>
<SpecialOfferProduct><SpecialOfferID>2</SpecialOfferID><ProductID>801</ProductID><ModifiedDate>2011-05-01 00:00:00</ModifiedDate></SpecialOfferProduct>
<SpecialOfferProduct><SpecialOfferID>2</SpecialOfferID><ProductID>804</ProductID><ModifiedDate>2011-05-01 00:00:00</ModifiedDate></SpecialOfferProduct>
<SpecialOfferProduct><SpecialOfferID>2</SpecialOfferID><ProductID>806</ProductID><ModifiedDate>2011-05-01 00:00:00</ModifiedDate></SpecialOfferProduct>
<SpecialOfferProduct><SpecialOfferID>2</SpecialOfferID><ProductID>808</ProductID><ModifiedDate>2011-05-01 00:00:00</ModifiedDate></SpecialOfferProduct>
<SpecialOfferProduct><SpecialOfferID>2</SpecialOfferID><ProductID>809</ProductID><ModifiedDate>2011-05-01 00:00:00</ModifiedDate></SpecialOfferProduct>
<SpecialOfferProduct><SpecialOfferID>2</SpecialOfferID><ProductID>815</ProductID><ModifiedDate>2011-05-01 00:00:00</ModifiedDate></SpecialOfferProduct>
<SpecialOfferProduct><SpecialOfferID>2</SpecialOfferID><ProductID>824</ProductID><ModifiedDate>2011-05-01 00:00:00</ModifiedDate></SpecialOfferProduct>
<SpecialOfferProduct><SpecialOfferID>2</SpecialOfferID><ProductID>825</ProductID><ModifiedDate>2011-05-01 00:00:00</ModifiedDate></SpecialOfferProduct>
<SpecialOfferProduct><SpecialOfferID>2</SpecialOfferID><ProductID>832</ProductID><ModifiedDate>2011-05-01 00:00:00</ModifiedDate></SpecialOfferProduct>
<SpecialOfferProduct><SpecialOfferID>2</SpecialOfferID><ProductID>835</ProductID><ModifiedDate>2011-05-01 00:00:00</ModifiedDate></SpecialOfferProduct>
<SpecialOfferProduct><SpecialOfferID>2</SpecialOfferID><ProductID>841</ProductID><ModifiedDate>2011-05-01 00:00:00</ModifiedDate></SpecialOfferProduct>
<SpecialOfferProduct><SpecialOfferID>2</SpecialOfferID><ProductID>843</ProductID><ModifiedDate>2011-05-01 00:00:00</ModifiedDate></SpecialOfferProduct>
<SpecialOfferProduct><SpecialOfferID>2</SpecialOfferID><ProductID>844</ProductID><ModifiedDate>2011-05-01 00:00:00</ModifiedDate></SpecialOfferProduct>
<SpecialOfferProduct><SpecialOfferID>2</SpecialOfferID><ProductID>849</ProductID><ModifiedDate>2011-05-01 00:00:00</ModifiedDate></SpecialOfferProduct>
<SpecialOfferProduct><SpecialOfferID>2</SpecialOfferID><ProductID>852</ProductID><ModifiedDate>2011-05-01 00:00:00</ModifiedDate></SpecialOfferProduct>
<SpecialOfferProduct><SpecialOfferID>2</SpecialOfferID><ProductID>854</ProductID><ModifiedDate>2011-05-01 00:00:00</ModifiedDate></SpecialOfferProduct>
<SpecialOfferProduct><SpecialOfferID>2</SpecialOfferID><ProductID>855</ProductID><ModifiedDate>2011-05-01 00:00:00</ModifiedDate></SpecialOfferProduct>
<SpecialOfferProduct><SpecialOfferID>2</SpecialOfferID><ProductID>856</ProductID><ModifiedDate>2011-05-01 00:00:00</ModifiedDate></SpecialOfferProduct>
<SpecialOfferProduct><SpecialOfferID>2</SpecialOfferID><ProductID>858</ProductID><ModifiedDate>2011-05-01 00:00:00</ModifiedDate></SpecialOfferProduct>
<SpecialOfferProduct><SpecialOfferID>2</SpecialOfferID><ProductID>859</ProductID><ModifiedDate>2011-05-01 00:00:00</ModifiedDate></SpecialOfferProduct>
<SpecialOfferProduct><SpecialOfferID>2</SpecialOfferID><ProductID>860</ProductID><ModifiedDate>2011-05-01 00:00:00</ModifiedDate></SpecialOfferProduct>
<SpecialOfferProduct><SpecialOfferID>2</SpecialOfferID><ProductID>862</ProductID><ModifiedDate>2011-05-01 00:00:00</ModifiedDate></SpecialOfferProduct>
<SpecialOfferProduct><SpecialOfferID>2</SpecialOfferID><ProductID>863</ProductID><ModifiedDate>2011-05-01 00:00:00</ModifiedDate></SpecialOfferProduct>
<SpecialOfferProduct><SpecialOfferID>2</SpecialOfferID><ProductID>864</ProductID><ModifiedDate>2011-05-01 00:00:00</ModifiedDate></SpecialOfferProduct>
<SpecialOfferProduct><SpecialOfferID>2</SpecialOfferID><ProductID>865</ProductID><ModifiedDate>2011-05-01 00:00:00</ModifiedDate></SpecialOfferProduct>
<SpecialOfferProduct><SpecialOfferID>2</SpecialOfferID><ProductID>867</ProductID><ModifiedDate>2011-05-01 00:00:00</ModifiedDate></SpecialOfferProduct>
<SpecialOfferProduct><SpecialOfferID>2</SpecialOfferID><ProductID>869</ProductID><ModifiedDate>2011-05-01 00:00:00</ModifiedDate></SpecialOfferProduct>
<SpecialOfferProduct><SpecialOfferID>2</SpecialOfferID><ProductID>870</ProductID><ModifiedDate>2011-05-01 00:00:00</ModifiedDate></SpecialOfferProduct>
<SpecialOfferProduct><SpecialOfferID>2</SpecialOfferID><ProductID>873</ProductID><ModifiedDate>2011-05-01 00:00:00</ModifiedDate></SpecialOfferProduct>
<SpecialOfferProduct><SpecialOfferID>2</SpecialOfferID><ProductID>874</ProductID><ModifiedDate>2011-05-01 00:00:00</ModifiedDate></SpecialOfferProduct>
<SpecialOfferProduct><SpecialOfferID>2</SpecialOfferID><ProductID>875</ProductID><ModifiedDate>2011-05-01 00:00:00</ModifiedDate></SpecialOfferProduct>
<SpecialOfferProduct><SpecialOfferID>2</SpecialOfferID><ProductID>876</ProductID><ModifiedDate>2011-05-01 00:00:00</ModifiedDate></SpecialOfferProduct>
<SpecialOfferProduct><SpecialOfferID>2</SpecialOfferID><ProductID>877</ProductID><ModifiedDate>2011-05-01 00:00:00</ModifiedDate></SpecialOfferProduct>
<SpecialOfferProduct><SpecialOfferID>2</SpecialOfferID><ProductID>880</ProductID><ModifiedDate>2011-05-01 00:00:00</ModifiedDate></SpecialOfferProduct>
<SpecialOfferProduct><SpecialOfferID>2</SpecialOfferID><ProductID>881</ProductID><ModifiedDate>2011-05-01 00:00:00</ModifiedDate></SpecialOfferProduct>
<SpecialOfferProduct><SpecialOfferID>2</SpecialOfferID><ProductID>883</ProductID><ModifiedDate>2011-05-01 00:00:00</ModifiedDate></SpecialOfferProduct>
<SpecialOfferProduct><SpecialOfferID>2</SpecialOfferID><ProductID>884</ProductID><ModifiedDate>2011-05-01 00:00:00</ModifiedDate></SpecialOfferProduct>
<SpecialOfferProduct><SpecialOfferID>2</SpecialOfferID><ProductID>885</ProductID><ModifiedDate>2011-05-01 00:00:00</ModifiedDate></SpecialOfferProduct>
<SpecialOfferProduct><SpecialOfferID>2</SpecialOfferID><ProductID>889</ProductID><ModifiedDate>2011-05-01 00:00:00</ModifiedDate></SpecialOfferProduct>
<SpecialOfferProduct><SpecialOfferID>2</SpecialOfferID><ProductID>892</ProductID><ModifiedDate>2011-05-01 00:00:00</ModifiedDate></SpecialOfferProduct>
<SpecialOfferProduct><SpecialOfferID>2</SpecialOfferID><ProductID>893</ProductID><ModifiedDate>2011-05-01 00:00:00</ModifiedDate></SpecialOfferProduct>
<SpecialOfferProduct><SpecialOfferID>2</SpecialOfferID><ProductID>899</ProductID><ModifiedDate>2011-05-01 00:00:00</ModifiedDate></SpecialOfferProduct>
<SpecialOfferProduct><SpecialOfferID>2</SpecialOfferID><ProductID>904</ProductID><ModifiedDate>2011-05-01 00:00:00</ModifiedDate></SpecialOfferProduct>
<SpecialOfferProduct><SpecialOfferID>2</SpecialOfferID><ProductID>908</ProductID><ModifiedDate>2011-05-01 00:00:00</ModifiedDate></SpecialOfferProduct>
<SpecialOfferProduct><SpecialOfferID>2</SpecialOfferID><ProductID>909</ProductID><ModifiedDate>2011-05-01 00:00:00</ModifiedDate></SpecialOfferProduct>
<SpecialOfferProduct><SpecialOfferID>2</SpecialOfferID><ProductID>917</ProductID><ModifiedDate>2011-05-01 00:00:00</ModifiedDate></SpecialOfferProduct>
<SpecialOfferProduct><SpecialOfferID>2</SpecialOfferID><ProductID>925</ProductID><ModifiedDate>2011-05-01 00:00:00</ModifiedDate></SpecialOfferProduct>
<SpecialOfferProduct><SpecialOfferID>2</SpecialOfferID><ProductID>937</ProductID><ModifiedDate>2011-05-01 00:00:00</ModifiedDate></SpecialOfferProduct>
<SpecialOfferProduct><SpecialOfferID>2</SpecialOfferID><ProductID>944</ProductID><ModifiedDate>2011-05-01 00:00:00</ModifiedDate></SpecialOfferProduct>
<SpecialOfferProduct><SpecialOfferID>2</SpecialOfferID><ProductID>945</ProductID><ModifiedDate>2011-05-01 00:00:00</ModifiedDate></SpecialOfferProduct>
<SpecialOfferProduct><SpecialOfferID>2</SpecialOfferID><ProductID>948</ProductID><ModifiedDate>2011-05-01 00:00:00</ModifiedDate></SpecialOfferProduct>
<SpecialOfferProduct><SpecialOfferID>2</SpecialOfferID><ProductID>951</ProductID><ModifiedDate>2011-05-01 00:00:00</ModifiedDate></SpecialOfferProduct>
<SpecialOfferProduct><SpecialOfferID>2</SpecialOfferID><ProductID>952</ProductID><ModifiedDate>2011-05-01 00:00:00</ModifiedDate></SpecialOfferProduct>
<SpecialOfferProduct><SpecialOfferID>2</SpecialOfferID><ProductID>953</ProductID><ModifiedDate>2011-05-01 00:00:00</ModifiedDate></SpecialOfferProduct>
<SpecialOfferProduct><SpecialOfferID>2</SpecialOfferID><ProductID>954</ProductID><ModifiedDate>2011-05-01 00:00:00</ModifiedDate></SpecialOfferProduct>
<SpecialOfferProduct><SpecialOfferID>2</SpecialOfferID><ProductID>957</ProductID><ModifiedDate>2011-05-01 00:00:00</ModifiedDate></SpecialOfferProduct>
<SpecialOfferProduct><SpecialOfferID>2</SpecialOfferID><ProductID>961</ProductID><ModifiedDate>2011-05-01 00:00:00</ModifiedDate></SpecialOfferProduct>
<SpecialOfferProduct><SpecialOfferID>2</SpecialOfferID><ProductID>965</ProductID><ModifiedDate>2011-05-01 00:00:00</ModifiedDate></SpecialOfferProduct>
<SpecialOfferProduct><SpecialOfferID>2</SpecialOfferID><ProductID>966</ProductID><ModifiedDate>2011-05-01 00:00:00</ModifiedDate></SpecialOfferProduct>
<SpecialOfferProduct><SpecialOfferID>2</SpecialOfferID><ProductID>969</ProductID><ModifiedDate>2011-05-01 00:00:00</ModifiedDate></SpecialOfferProduct>
<SpecialOfferProduct><SpecialOfferID>2</SpecialOfferID><ProductID>970</ProductID><ModifiedDate>2011-05-01 00:00:00</ModifiedDate></SpecialOfferProduct>
<SpecialOfferProduct><SpecialOfferID>2</SpecialOfferID><ProductID>972</ProductID><ModifiedDate>2011-05-01 00:00:00</ModifiedDate></SpecialOfferProduct>
<SpecialOfferProduct><SpecialOfferID>2</SpecialOfferID><ProductID>973</ProductID><ModifiedDate>2011-05-01 00:00:00</ModifiedDate></SpecialOfferProduct>
<SpecialOfferProduct><SpecialOfferID>2</SpecialOfferID><ProductID>974</ProductID><ModifiedDate>2011-05-01 00:00:00</ModifiedDate></SpecialOfferProduct>
<SpecialOfferProduct><SpecialOfferID>2</SpecialOfferID><ProductID>976</ProductID><ModifiedDate>2011-05-01 00:00:00</ModifiedDate></SpecialOfferProduct>
<SpecialOfferProduct><SpecialOfferID>2</SpecialOfferID><ProductID>979</ProductID><ModifiedDate>2011-05-01 00:00:00</ModifiedDate></SpecialOfferProduct>
<SpecialOfferProduct><SpecialOfferID>2</SpecialOfferID><ProductID>981</ProductID><ModifiedDate>2011-05-01 00:00:00</ModifiedDate></SpecialOfferProduct>
<SpecialOfferProduct><SpecialOfferID>2</SpecialOfferID><ProductID>983</ProductID><ModifiedDate>2011-05-01 00:00:00</ModifiedDate></SpecialOfferProduct>
<SpecialOfferProduct><SpecialOfferID>2</SpecialOfferID><ProductID>998</ProductID><ModifiedDate>2011-05-01 00:00:00</ModifiedDate></SpecialOfferProduct>
<SpecialOfferProduct><SpecialOfferID>2</SpecialOfferID><ProductID>999</ProductID><ModifiedDate>2011-05-01 00:00:00</ModifiedDate></SpecialOfferProduct>
<SpecialOfferProduct><SpecialOfferID>3</SpecialOfferID><ProductID>707</ProductID><ModifiedDate>2011-05-01 00:00:00</ModifiedDate></SpecialOfferProduct>
<SpecialOfferProduct><SpecialOfferID>3</SpecialOfferID><ProductID>708</ProductID><ModifiedDate>2011-05-01 00:00:00</ModifiedDate></SpecialOfferProduct>
<SpecialOfferProduct><SpecialOfferID>3</SpecialOfferID><ProductID>709</ProductID><ModifiedDate>2011-05-01 00:00:00</ModifiedDate></SpecialOfferProduct>
<SpecialOfferProduct><SpecialOfferID>3</SpecialOfferID><ProductID>711</ProductID><ModifiedDate>2011-05-01 00:00:00</ModifiedDate></SpecialOfferProduct>
<SpecialOfferProduct><SpecialOfferID>3</SpecialOfferID><ProductID>712</ProductID><ModifiedDate>2011-05-01 00:00:00</ModifiedDate></SpecialOfferProduct>
<SpecialOfferProduct><SpecialOfferID>3</SpecialOfferID><ProductID>714</ProductID><ModifiedDate>2011-05-01 00:00:00</ModifiedDate></SpecialOfferProduct>
<SpecialOfferProduct><SpecialOfferID>3</SpecialOfferID><ProductID>715</ProductID><ModifiedDate>2011-05-01 00:00:00</ModifiedDate></SpecialOfferProduct>
<SpecialOfferProduct><SpecialOfferID>3</SpecialOfferID><ProductID>760</ProductID><ModifiedDate>2011-05-01 00:00:00</ModifiedDate></SpecialOfferProduct>
<SpecialOfferProduct><SpecialOfferID>3</SpecialOfferID><ProductID>761</ProductID><ModifiedDate>2011-05-01 00:00:00</ModifiedDate></SpecialOfferProduct>
<SpecialOfferProduct><SpecialOfferID>3</SpecialOfferID><ProductID>762</ProductID><ModifiedDate>2011-05-01 00:00:00</ModifiedDate></SpecialOfferProduct>
<SpecialOfferProduct><SpecialOfferID>3</SpecialOfferID><ProductID>763</ProductID><ModifiedDate>2011-05-01 00:00:00</ModifiedDate></SpecialOfferProduct>
<SpecialOfferProduct><SpecialOfferID>3</SpecialOfferID><ProductID>765</ProductID><ModifiedDate>2011-05-01 00:00:00</ModifiedDate></SpecialOfferProduct>
<SpecialOfferProduct><SpecialOfferID>3</SpecialOfferID><ProductID>770</ProductID><ModifiedDate>2011-05-01 00:00:00</ModifiedDate></SpecialOfferProduct>
<SpecialOfferProduct><SpecialOfferID>3</SpecialOfferID><ProductID>780</ProductID><ModifiedDate>2011-05-01 00:00:00</ModifiedDate></SpecialOfferProduct>
<SpecialOfferProduct><SpecialOfferID>3</SpecialOfferID><ProductID>782</ProductID><ModifiedDate>2011-05-01 00:00:00</ModifiedDate></SpecialOfferProduct>
<SpecialOfferProduct><SpecialOfferID>3</SpecialOfferID><ProductID>783</ProductID><ModifiedDate>2011-05-01 00:00:00</ModifiedDate></SpecialOfferProduct>
<SpecialOfferProduct><SpecialOfferID>3</SpecialOfferID><ProductID>789</ProductID><ModifiedDate>2011-05-01 00:00:00</ModifiedDate></SpecialOfferProduct>
<SpecialOfferProduct><SpecialOfferID>3</SpecialOfferID><ProductID>801</ProductID><ModifiedDate>2011-05-01 00:00:00</ModifiedDate></SpecialOfferProduct>
<SpecialOfferProduct><SpecialOfferID>3</SpecialOfferID><ProductID>806</ProductID><ModifiedDate>2011-05-01 00:00:00</ModifiedDate></SpecialOfferProduct>
<SpecialOfferProduct><SpecialOfferID>3</SpecialOfferID><ProductID>808</ProductID><ModifiedDate>2011-05-01 00:00:00</ModifiedDate></SpecialOfferProduct>
<SpecialOfferProduct><SpecialOfferID>3</SpecialOfferID><ProductID>824</ProductID><ModifiedDate>2011-05-01 00:00:00</ModifiedDate></SpecialOfferProduct>
<SpecialOfferProduct><SpecialOfferID>3</SpecialOfferID><ProductID>825</ProductID><ModifiedDate>2011-05-01 00:00:00</ModifiedDate></SpecialOfferProduct>
<SpecialOfferProduct><SpecialOfferID>3</SpecialOfferID><ProductID>835</ProductID><ModifiedDate>2011-05-01 00:00:00</ModifiedDate></SpecialOfferProduct>
<SpecialOfferProduct><SpecialOfferID>3</SpecialOfferID><ProductID>849</ProductID><ModifiedDate>2011-05-01 00:00:00</ModifiedDate></SpecialOfferProduct>
<SpecialOfferProduct><SpecialOfferID>3</SpecialOfferID><ProductID>852</ProductID><ModifiedDate>2011-05-01 00:00:00</ModifiedDate></SpecialOfferProduct>
<SpecialOfferProduct><SpecialOfferID>3</SpecialOfferID><ProductID>854</ProductID><ModifiedDate>2011-05-01 00:00:00</ModifiedDate></SpecialOfferProduct>
<SpecialOfferProduct><SpecialOfferID>3</SpecialOfferID><ProductID>856</ProductID><ModifiedDate>2011-05-01 00:00:00</ModifiedDate></SpecialOfferProduct>
<SpecialOfferProduct><SpecialOfferID>3</SpecialOfferID><ProductID>858</ProductID><ModifiedDate>2011-05-01 00:00:00</ModifiedDate></SpecialOfferProduct>
<SpecialOfferProduct><SpecialOfferID>3</SpecialOfferID><ProductID>859</ProductID><ModifiedDate>2011-05-01 00:00:00</ModifiedDate></SpecialOfferProduct>
<SpecialOfferProduct><SpecialOfferID>3</SpecialOfferID><ProductID>862</ProductID><ModifiedDate>2011-05-01 00:00:00</ModifiedDate></SpecialOfferProduct>
<SpecialOfferProduct><SpecialOfferID>3</SpecialOfferID><ProductID>863</ProductID><ModifiedDate>2011-05-01 00:00:00</ModifiedDate></SpecialOfferProduct>
<SpecialOfferProduct><SpecialOfferID>3</SpecialOfferID><ProductID>864</ProductID><ModifiedDate>2011-05-01 00:00:00</ModifiedDate></SpecialOfferProduct>
<SpecialOfferProduct><SpecialOfferID>3</SpecialOfferID><ProductID>865</ProductID><ModifiedDate>2011-05-01 00:00:00</ModifiedDate></SpecialOfferProduct>
<SpecialOfferProduct><SpecialOfferID>3</SpecialOfferID><ProductID>867</ProductID><ModifiedDate>2011-05-01 00:00:00</ModifiedDate></SpecialOfferProduct>
<SpecialOfferProduct><SpecialOfferID>3</SpecialOfferID><ProductID>869</ProductID><ModifiedDate>2011-05-01 00:00:00</ModifiedDate></SpecialOfferProduct>
<SpecialOfferProduct><SpecialOfferID>3</SpecialOfferID><ProductID>870</ProductID><ModifiedDate>2011-05-01 00:00:00</ModifiedDate></SpecialOfferProduct>
<SpecialOfferProduct><SpecialOfferID>3</SpecialOfferID><ProductID>875</ProductID><ModifiedDate>2011-05-01 00:00:00</ModifiedDate></SpecialOfferProduct>
<SpecialOfferProduct><SpecialOfferID>3</SpecialOfferID><ProductID>876</ProductID><ModifiedDate>2011-05-01 00:00:00</ModifiedDate></SpecialOfferProduct>
<SpecialOfferProduct><SpecialOfferID>3</SpecialOfferID><ProductID>877</ProductID><ModifiedDate>2011-05-01 00:00:00</ModifiedDate></SpecialOfferProduct>
<SpecialOfferProduct><SpecialOfferID>3</SpecialOfferID><ProductID>880</ProductID><ModifiedDate>2011-05-01 00:00:00</ModifiedDate></SpecialOfferProduct>
<SpecialOfferProduct><SpecialOfferID>3</SpecialOfferID><ProductID>881</ProductID><ModifiedDate>2011-05-01 00:00:00</ModifiedDate></SpecialOfferProduct>
<SpecialOfferProduct><SpecialOfferID>3</SpecialOfferID><ProductID>883</ProductID><ModifiedDate>2011-05-01 00:00:00</ModifiedDate></SpecialOfferProduct>
<SpecialOfferProduct><SpecialOfferID>3</SpecialOfferID><ProductID>884</ProductID><ModifiedDate>2011-05-01 00:00:00</ModifiedDate></SpecialOfferProduct>
<SpecialOfferProduct><SpecialOfferID>3</SpecialOfferID><ProductID>886</ProductID><ModifiedDate>2011-05-01 00:00:00</ModifiedDate></SpecialOfferProduct>
<SpecialOfferProduct><SpecialOfferID>3</SpecialOfferID><ProductID>892</ProductID><ModifiedDate>2011-05-01 00:00:00</ModifiedDate></SpecialOfferProduct>
<SpecialOfferProduct><SpecialOfferID>3</SpecialOfferID><ProductID>893</ProductID><ModifiedDate>2011-05-01 00:00:00</ModifiedDate></SpecialOfferProduct>
<SpecialOfferProduct><SpecialOfferID>3</SpecialOfferID><ProductID>957</ProductID><ModifiedDate>2011-05-01 00:00:00</ModifiedDate></SpecialOfferProduct>
<SpecialOfferProduct><SpecialOfferID>3</SpecialOfferID><ProductID>966</ProductID><ModifiedDate>2011-05-01 00:00:00</ModifiedDate></SpecialOfferProduct>
<SpecialOfferProduct><SpecialOfferID>3</SpecialOfferID><ProductID>969</ProductID><ModifiedDate>2011-05-01 00:00:00</ModifiedDate></SpecialOfferProduct>
<SpecialOfferProduct><SpecialOfferID>3</SpecialOfferID><ProductID>972</ProductID><ModifiedDate>2011-05-01 00:00:00</ModifiedDate></SpecialOfferProduct>
<SpecialOfferProduct><SpecialOfferID>3</SpecialOfferID><ProductID>973</ProductID><ModifiedDate>2011-05-01 00:00:00</ModifiedDate></SpecialOfferProduct>
<SpecialOfferProduct><SpecialOfferID>3</SpecialOfferID><ProductID>974</ProductID><ModifiedDate>2011-05-01 00:00:00</ModifiedDate></SpecialOfferProduct>
<SpecialOfferProduct><SpecialOfferID>3</SpecialOfferID><ProductID>976</ProductID><ModifiedDate>2011-05-01 00:00:00</ModifiedDate></SpecialOfferProduct>
<SpecialOfferProduct><SpecialOfferID>3</SpecialOfferID><ProductID>979</ProductID><ModifiedDate>2011-05-01 00:00:00</ModifiedDate></SpecialOfferProduct>
<SpecialOfferProduct><SpecialOfferID>3</SpecialOfferID><ProductID>998</ProductID><ModifiedDate>2011-05-01 00:00:00</ModifiedDate></SpecialOfferProduct>
<SpecialOfferProduct><SpecialOfferID>4</SpecialOfferID><ProductID>709</ProductID><ModifiedDate>2011-05-01 00:00:00</ModifiedDate></SpecialOfferProduct>
<SpecialOfferProduct><SpecialOfferID>4</SpecialOfferID><ProductID>712</ProductID><ModifiedDate>2011-05-01 00:00:00</ModifiedDate></SpecialOfferProduct>
<SpecialOfferProduct><SpecialOfferID>4</SpecialOfferID><ProductID>715</ProductID><ModifiedDate>2011-05-01 00:00:00</ModifiedDate></SpecialOfferProduct>
<SpecialOfferProduct><SpecialOfferID>4</SpecialOfferID><ProductID>794</ProductID><ModifiedDate>2011-05-01 00:00:00</ModifiedDate></SpecialOfferProduct>
<SpecialOfferProduct><SpecialOfferID>4</SpecialOfferID><ProductID>852</ProductID><ModifiedDate>2011-05-01 00:00:00</ModifiedDate></SpecialOfferProduct>
<SpecialOfferProduct><SpecialOfferID>4</SpecialOfferID><ProductID>862</ProductID><ModifiedDate>2011-05-01 00:00:00</ModifiedDate></SpecialOfferProduct>
<SpecialOfferProduct><SpecialOfferID>4</SpecialOfferID><ProductID>863</ProductID><ModifiedDate>2011-05-01 00:00:00</ModifiedDate></SpecialOfferProduct>
<SpecialOfferProduct><SpecialOfferID>4</SpecialOfferID><ProductID>864</ProductID><ModifiedDate>2011-05-01 00:00:00</ModifiedDate></SpecialOfferProduct>
<SpecialOfferProduct><SpecialOfferID>4</SpecialOfferID><ProductID>867</ProductID><ModifiedDate>2011-05-01 00:00:00</ModifiedDate></SpecialOfferProduct>
<SpecialOfferProduct><SpecialOfferID>4</SpecialOfferID><ProductID>869</ProductID><ModifiedDate>2011-05-01 00:00:00</ModifiedDate></SpecialOfferProduct>
<SpecialOfferProduct><SpecialOfferID>4</SpecialOfferID><ProductID>870</ProductID><ModifiedDate>2011-05-01 00:00:00</ModifiedDate></SpecialOfferProduct>
<SpecialOfferProduct><SpecialOfferID>4</SpecialOfferID><ProductID>875</ProductID><ModifiedDate>2011-05-01 00:00:00</ModifiedDate></SpecialOfferProduct>
<SpecialOfferProduct><SpecialOfferID>4</SpecialOfferID><ProductID>876</ProductID><ModifiedDate>2011-05-01 00:00:00</ModifiedDate></SpecialOfferProduct>
<SpecialOfferProduct><SpecialOfferID>4</SpecialOfferID><ProductID>877</ProductID><ModifiedDate>2011-05-01 00:00:00</ModifiedDate></SpecialOfferProduct>
<SpecialOfferProduct><SpecialOfferID>4</SpecialOfferID><ProductID>884</ProductID><ModifiedDate>2011-05-01 00:00:00</ModifiedDate></SpecialOfferProduct>
<SpecialOfferProduct><SpecialOfferID>4</SpecialOfferID><ProductID>954</ProductID><ModifiedDate>2011-05-01 00:00:00</ModifiedDate></SpecialOfferProduct>
<SpecialOfferProduct><SpecialOfferID>4</SpecialOfferID><ProductID>976</ProductID><ModifiedDate>2011-05-01 00:00:00</ModifiedDate></SpecialOfferProduct>
<SpecialOfferProduct><SpecialOfferID>5</SpecialOfferID><ProductID>863</ProductID><ModifiedDate>2011-05-01 00:00:00</ModifiedDate></SpecialOfferProduct>
<SpecialOfferProduct><SpecialOfferID>5</SpecialOfferID><ProductID>869</ProductID><ModifiedDate>2011-05-01 00:00:00</ModifiedDate></SpecialOfferProduct>
<SpecialOfferProduct><SpecialOfferID>7</SpecialOfferID><ProductID>771</ProductID><ModifiedDate>2012-03-14 00:00:00</ModifiedDate></SpecialOfferProduct>
<SpecialOfferProduct><SpecialOfferID>7</SpecialOfferID><ProductID>772</ProductID><ModifiedDate>2012-03-14 00:00:00</ModifiedDate></SpecialOfferProduct>
<SpecialOfferProduct><SpecialOfferID>7</SpecialOfferID><ProductID>773</ProductID><ModifiedDate>2012-03-14 00:00:00</ModifiedDate></SpecialOfferProduct>
<SpecialOfferProduct><SpecialOfferID>7</SpecialOfferID><ProductID>774</ProductID><ModifiedDate>2012-03-14 00:00:00</ModifiedDate></SpecialOfferProduct>
<SpecialOfferProduct><SpecialOfferID>7</SpecialOfferID><ProductID>775</ProductID><ModifiedDate>2012-03-14 00:00:00</ModifiedDate></SpecialOfferProduct>
<SpecialOfferProduct><SpecialOfferID>7</SpecialOfferID><ProductID>776</ProductID><ModifiedDate>2012-03-14 00:00:00</ModifiedDate></SpecialOfferProduct>
<SpecialOfferProduct><SpecialOfferID>7</SpecialOfferID><ProductID>777</ProductID><ModifiedDate>2012-03-14 00:00:00</ModifiedDate></SpecialOfferProduct>
<SpecialOfferProduct><SpecialOfferID>7</SpecialOfferID><ProductID>778</ProductID><ModifiedDate>2012-03-14 00:00:00</ModifiedDate></SpecialOfferProduct>
<SpecialOfferProduct><SpecialOfferID>8</SpecialOfferID><ProductID>707</ProductID><ModifiedDate>2012-04-30 00:00:00</ModifiedDate></SpecialOfferProduct>
<SpecialOfferProduct><SpecialOfferID>8</SpecialOfferID><ProductID>708</ProductID><ModifiedDate>2012-04-30 00:00:00</ModifiedDate></SpecialOfferProduct>
<SpecialOfferProduct><SpecialOfferID>8</SpecialOfferID><ProductID>711</ProductID><ModifiedDate>2012-04-30 00:00:00</ModifiedDate></SpecialOfferProduct>
<SpecialOfferProduct><SpecialOfferID>9</SpecialOfferID><ProductID>762</ProductID><ModifiedDate>2012-04-30 00:00:00</ModifiedDate></SpecialOfferProduct>
<SpecialOfferProduct><SpecialOfferID>10</SpecialOfferID><ProductID>928</ProductID><ModifiedDate>2013-04-14 00:00:00</ModifiedDate></SpecialOfferProduct>
<SpecialOfferProduct><SpecialOfferID>10</SpecialOfferID><ProductID>929</ProductID><ModifiedDate>2013-04-14 00:00:00</ModifiedDate></SpecialOfferProduct>
<SpecialOfferProduct><SpecialOfferID>10</SpecialOfferID><ProductID>930</ProductID><ModifiedDate>2013-04-14 00:00:00</ModifiedDate></SpecialOfferProduct>
<SpecialOfferProduct><SpecialOfferID>11</SpecialOfferID><ProductID>707</ProductID><ModifiedDate>2013-04-30 00:00:00</ModifiedDate></SpecialOfferProduct>
<SpecialOfferProduct><SpecialOfferID>11</SpecialOfferID><ProductID>708</ProductID><ModifiedDate>2013-04-30 00:00:00</ModifiedDate></SpecialOfferProduct>
<SpecialOfferProduct><SpecialOfferID>11</SpecialOfferID><ProductID>711</ProductID><ModifiedDate>2013-04-30 00:00:00</ModifiedDate></SpecialOfferProduct>
<SpecialOfferProduct><SpecialOfferID>12</SpecialOfferID><ProductID>722</ProductID><ModifiedDate>2013-04-30 00:00:00</ModifiedDate></SpecialOfferProduct>
<SpecialOfferProduct><SpecialOfferID>12</SpecialOfferID><ProductID>723</ProductID><ModifiedDate>2013-04-30 00:00:00</ModifiedDate></SpecialOfferProduct>
<SpecialOfferProduct><SpecialOfferID>12</SpecialOfferID><ProductID>724</ProductID><ModifiedDate>2013-04-30 00:00:00</ModifiedDate></SpecialOfferProduct>
<SpecialOfferProduct><SpecialOfferID>12</SpecialOfferID><ProductID>725</ProductID><ModifiedDate>2013-04-30 00:00:00</ModifiedDate></SpecialOfferProduct>
<SpecialOfferProduct><SpecialOfferID>12</SpecialOfferID><ProductID>726</ProductID><ModifiedDate>2013-04-30 00:00:00</ModifiedDate></SpecialOfferProduct>
<SpecialOfferProduct><SpecialOfferID>12</SpecialOfferID><ProductID>727</ProductID><ModifiedDate>2013-04-30 00:00:00</ModifiedDate></SpecialOfferProduct>
<SpecialOfferProduct><SpecialOfferID>12</SpecialOfferID><ProductID>728</ProductID><ModifiedDate>2013-04-30 00:00:00</ModifiedDate></SpecialOfferProduct>
<SpecialOfferProduct><SpecialOfferID>12</SpecialOfferID><ProductID>729</ProductID><ModifiedDate>2013-04-30 00:00:00</ModifiedDate></SpecialOfferProduct>
<SpecialOfferProduct><SpecialOfferID>12</SpecialOfferID><ProductID>730</ProductID><ModifiedDate>2013-04-30 00:00:00</ModifiedDate></SpecialOfferProduct>
<SpecialOfferProduct><SpecialOfferID>12</SpecialOfferID><ProductID>736</ProductID><ModifiedDate>2013-04-30 00:00:00</ModifiedDate></SpecialOfferProduct>
<SpecialOfferProduct><SpecialOfferID>12</SpecialOfferID><ProductID>737</ProductID><ModifiedDate>2013-04-30 00:00:00</ModifiedDate></SpecialOfferProduct>
<SpecialOfferProduct><SpecialOfferID>12</SpecialOfferID><ProductID>738</ProductID><ModifiedDate>2013-04-30 00:00:00</ModifiedDate></SpecialOfferProduct>
<SpecialOfferProduct><SpecialOfferID>13</SpecialOfferID><ProductID>958</ProductID><ModifiedDate>2013-04-30 00:00:00</ModifiedDate></SpecialOfferProduct>
<SpecialOfferProduct><SpecialOfferID>13</SpecialOfferID><ProductID>959</ProductID><ModifiedDate>2013-04-30 00:00:00</ModifiedDate></SpecialOfferProduct>
<SpecialOfferProduct><SpecialOfferID>13</SpecialOfferID><ProductID>960</ProductID><ModifiedDate>2013-04-30 00:00:00</ModifiedDate></SpecialOfferProduct>
<SpecialOfferProduct><SpecialOfferID>13</SpecialOfferID><ProductID>961</ProductID><ModifiedDate>2013-04-30 00:00:00</ModifiedDate></SpecialOfferProduct>
<SpecialOfferProduct><SpecialOfferID>13</SpecialOfferID><ProductID>962</ProductID><ModifiedDate>2013-04-30 00:00:00</ModifiedDate></SpecialOfferProduct>
<SpecialOfferProduct><SpecialOfferID>13</SpecialOfferID><ProductID>963</ProductID><ModifiedDate>2013-04-30 00:00:00</ModifiedDate></SpecialOfferProduct>
<SpecialOfferProduct><SpecialOfferID>13</SpecialOfferID><ProductID>964</ProductID><ModifiedDate>2013-04-30 00:00:00</ModifiedDate></SpecialOfferProduct>
<SpecialOfferProduct><SpecialOfferID>13</SpecialOfferID><ProductID>965</ProductID><ModifiedDate>2013-04-30 00:00:00</ModifiedDate></SpecialOfferProduct>
<SpecialOfferProduct><SpecialOfferID>13</SpecialOfferID><ProductID>978</ProductID><ModifiedDate>2013-04-30 00:00:00</ModifiedDate></SpecialOfferProduct>
<SpecialOfferProduct><SpecialOfferID>13</SpecialOfferID><ProductID>979</ProductID><ModifiedDate>2013-04-30 00:00:00</ModifiedDate></SpecialOfferProduct>
<SpecialOfferProduct><SpecialOfferID>14</SpecialOfferID><ProductID>954</ProductID><ModifiedDate>2013-04-30 00:00:00</ModifiedDate></SpecialOfferProduct>
<SpecialOfferProduct><SpecialOfferID>14</SpecialOfferID><ProductID>955</ProductID><ModifiedDate>2013-04-30 00:00:00</ModifiedDate></SpecialOfferProduct>
<SpecialOfferProduct><SpecialOfferID>14</SpecialOfferID><ProductID>956</ProductID><ModifiedDate>2013-04-30 00:00:00</ModifiedDate></SpecialOfferProduct>
<SpecialOfferProduct><SpecialOfferID>14</SpecialOfferID><ProductID>957</ProductID><ModifiedDate>2013-04-30 00:00:00</ModifiedDate></SpecialOfferProduct>
<SpecialOfferProduct><SpecialOfferID>15</SpecialOfferID><ProductID>935</ProductID><ModifiedDate>2013-06-14 00:00:00</ModifiedDate></SpecialOfferProduct>
<SpecialOfferProduct><SpecialOfferID>15</SpecialOfferID><ProductID>936</ProductID><ModifiedDate>2013-06-14 00:00:00</ModifiedDate></SpecialOfferProduct>
<SpecialOfferProduct><SpecialOfferID>15</SpecialOfferID><ProductID>937</ProductID><ModifiedDate>2013-06-14 00:00:00</ModifiedDate></SpecialOfferProduct>
<SpecialOfferProduct><SpecialOfferID>15</SpecialOfferID><ProductID>938</ProductID><ModifiedDate>2013-06-14 00:00:00</ModifiedDate></SpecialOfferProduct>
<SpecialOfferProduct><SpecialOfferID>15</SpecialOfferID><ProductID>939</ProductID><ModifiedDate>2013-06-14 00:00:00</ModifiedDate></SpecialOfferProduct>
<SpecialOfferProduct><SpecialOfferID>15</SpecialOfferID><ProductID>940</ProductID><ModifiedDate>2013-06-14 00:00:00</ModifiedDate></SpecialOfferProduct>
<SpecialOfferProduct><SpecialOfferID>15</SpecialOfferID><ProductID>941</ProductID><ModifiedDate>2013-06-14 00:00:00</ModifiedDate></SpecialOfferProduct>
<SpecialOfferProduct><SpecialOfferID>16</SpecialOfferID><ProductID>782</ProductID><ModifiedDate>2014-03-01 00:00:00</ModifiedDate></SpecialOfferProduct>
<SpecialOfferProduct><SpecialOfferID>16</SpecialOfferID><ProductID>784</ProductID><ModifiedDate>2014-03-01 00:00:00</ModifiedDate></SpecialOfferProduct>
<SpecialOfferProduct><SpecialOfferID>16</SpecialOfferID><ProductID>984</ProductID><ModifiedDate>2014-03-01 00:00:00</ModifiedDate></SpecialOfferProduct>
<SpecialOfferProduct><SpecialOfferID>16</SpecialOfferID><ProductID>985</ProductID><ModifiedDate>2014-03-01 00:00:00</ModifiedDate></SpecialOfferProduct>
<SpecialOfferProduct><SpecialOfferID>16</SpecialOfferID><ProductID>986</ProductID><ModifiedDate>2014-03-01 00:00:00</ModifiedDate></SpecialOfferProduct>
<SpecialOfferProduct><SpecialOfferID>16</SpecialOfferID><ProductID>987</ProductID><ModifiedDate>2014-03-01 00:00:00</ModifiedDate></SpecialOfferProduct>
<SpecialOfferProduct><SpecialOfferID>16</SpecialOfferID><ProductID>988</ProductID><ModifiedDate>2014-03-01 00:00:00</ModifiedDate></SpecialOfferProduct>
</DataTable>
