<DataTable>
<ScrapReason><ScrapReasonID>1</ScrapReasonID><Name>Brake assembly not as ordered</Name><ModifiedDate>2008-04-30 00:00:00</ModifiedDate></ScrapReason>
<ScrapReason><ScrapReasonID>2</ScrapReasonID><Name>Color incorrect</Name><ModifiedDate>2008-04-30 00:00:00</ModifiedDate></ScrapReason>
<ScrapReason><ScrapReasonID>3</ScrapReasonID><Name>Gouge in metal</Name><ModifiedDate>2008-04-30 00:00:00</ModifiedDate></ScrapReason>
<ScrapReason><ScrapReasonID>4</ScrapReasonID><Name>Drill pattern incorrect</Name><ModifiedDate>2008-04-30 00:00:00</ModifiedDate></ScrapReason>
<ScrapReason><ScrapReasonID>5</ScrapReasonID><Name>Drill size too large</Name><ModifiedDate>2008-04-30 00:00:00</ModifiedDate></ScrapReason>
<ScrapReason><ScrapReasonID>6</ScrapReasonID><Name>Drill size too small</Name><ModifiedDate>2008-04-30 00:00:00</ModifiedDate></ScrapReason>
<ScrapReason><ScrapReasonID>7</ScrapReasonID><Name>Handling damage</Name><ModifiedDate>2008-04-30 00:00:00</ModifiedDate></ScrapReason>
<ScrapReason><ScrapReasonID>8</ScrapReasonID><Name>Paint process failed</Name><ModifiedDate>2008-04-30 00:00:00</ModifiedDate></ScrapReason>
<ScrapReason><ScrapReasonID>9</ScrapReasonID><Name>Primer process failed</Name><ModifiedDate>2008-04-30 00:00:00</ModifiedDate></ScrapReason>
<ScrapReason><ScrapReasonID>10</ScrapReasonID><Name>Seat assembly not as ordered</Name><ModifiedDate>2008-04-30 00:00:00</ModifiedDate></ScrapReason>
<ScrapReason><ScrapReasonID>11</ScrapReasonID><Name>Stress test failed</Name><ModifiedDate>2008-04-30 00:00:00</ModifiedDate></ScrapReason>
<ScrapReason><ScrapReasonID>12</ScrapReasonID><Name>Thermoform temperature too high</Name><ModifiedDate>2008-04-30 00:00:00</ModifiedDate></ScrapReason>
<ScrapReason><ScrapReasonID>13</ScrapReasonID><Name>Thermoform temperature too low</Name><ModifiedDate>2008-04-30 00:00:00</ModifiedDate></ScrapReason>
<ScrapReason><ScrapReasonID>14</ScrapReasonID><Name>Trim length too long</Name><ModifiedDate>2008-04-30 00:00:00</ModifiedDate></ScrapReason>
<ScrapReason><ScrapReasonID>15</ScrapReasonID><Name>Trim length too short</Name><ModifiedDate>2008-04-30 00:00:00</ModifiedDate></ScrapReason>
<ScrapReason><ScrapReasonID>16</ScrapReasonID><Name>Wheel misaligned</Name><ModifiedDate>2008-04-30 00:00:00</ModifiedDate></ScrapReason>
</DataTable>
