<DataTable>
<ProductCategory><ProductCategoryID>1</ProductCategoryID><Name>Bikes</Name><ModifiedDate>2008-04-30 00:00:00</ModifiedDate></ProductCategory>
<ProductCategory><ProductCategoryID>2</ProductCategoryID><Name>Components</Name><ModifiedDate>2008-04-30 00:00:00</ModifiedDate></ProductCategory>
<ProductCategory><ProductCategoryID>3</ProductCategoryID><Name>Clothing</Name><ModifiedDate>2008-04-30 00:00:00</ModifiedDate></ProductCategory>
<ProductCategory><ProductCategoryID>4</ProductCategoryID><Name>Accessories</Name><ModifiedDate>2008-04-30 00:00:00</ModifiedDate></ProductCategory>
</DataTable>
