<DataTable>
<StateProvince><StateProvinceID>1</StateProvinceID><StateProvinceCode>AB </StateProvinceCode><CountryRegionCode>CA</CountryRegionCode><IsOnlyStateProvinceFlag>False</IsOnlyStateProvinceFlag><Name>Alberta</Name><TerritoryID>6</TerritoryID><ModifiedDate>2014-02-08 10:17:21</ModifiedDate></StateProvince>
<StateProvince><StateProvinceID>2</StateProvinceID><StateProvinceCode>AK </StateProvinceCode><CountryRegionCode>US</CountryRegionCode><IsOnlyStateProvinceFlag>False</IsOnlyStateProvinceFlag><Name>Alaska</Name><TerritoryID>1</TerritoryID><ModifiedDate>2014-02-08 10:17:21</ModifiedDate></StateProvince>
<StateProvince><StateProvinceID>3</StateProvinceID><StateProvinceCode>AL </StateProvinceCode><CountryRegionCode>US</CountryRegionCode><IsOnlyStateProvinceFlag>False</IsOnlyStateProvinceFlag><Name>Alabama</Name><TerritoryID>5</TerritoryID><ModifiedDate>2014-02-08 10:17:21</ModifiedDate></StateProvince>
<StateProvince><StateProvinceID>4</StateProvinceID><StateProvinceCode>AR </StateProvinceCode><CountryRegionCode>US</CountryRegionCode><IsOnlyStateProvinceFlag>False</IsOnlyStateProvinceFlag><Name>Arkansas</Name><TerritoryID>3</TerritoryID><ModifiedDate>2014-02-08 10:17:21</ModifiedDate></StateProvince>
<StateProvince><StateProvinceID>5</StateProvinceID><StateProvinceCode>AS </StateProvinceCode><CountryRegionCode>AS</CountryRegionCode><IsOnlyStateProvinceFlag>True</IsOnlyStateProvinceFlag><Name>American Samoa</Name><TerritoryID>1</TerritoryID><ModifiedDate>2014-02-08 10:17:21</ModifiedDate></StateProvince>
<StateProvince><StateProvinceID>6</StateProvinceID><StateProvinceCode>AZ </StateProvinceCode><CountryRegionCode>US</CountryRegionCode><IsOnlyStateProvinceFlag>False</IsOnlyStateProvinceFlag><Name>Arizona</Name><TerritoryID>4</TerritoryID><ModifiedDate>2014-02-08 10:17:21</ModifiedDate></StateProvince>
<StateProvince><StateProvinceID>7</StateProvinceID><StateProvinceCode>BC </StateProvinceCode><CountryRegionCode>CA</CountryRegionCode><IsOnlyStateProvinceFlag>False</IsOnlyStateProvinceFlag><Name>British Columbia</Name><TerritoryID>6</TerritoryID><ModifiedDate>2014-02-08 10:17:21</ModifiedDate></StateProvince>
<StateProvince><StateProvinceID>8</StateProvinceID><StateProvinceCode>BY </StateProvinceCode><CountryRegionCode>DE</CountryRegionCode><IsOnlyStateProvinceFlag>False</IsOnlyStateProvinceFlag><Name>Bayern</Name><TerritoryID>8</TerritoryID><ModifiedDate>2014-02-08 10:17:21</ModifiedDate></StateProvince>
<StateProvince><StateProvinceID>9</StateProvinceID><StateProvinceCode>CA </StateProvinceCode><CountryRegionCode>US</CountryRegionCode><IsOnlyStateProvinceFlag>False</IsOnlyStateProvinceFlag><Name>California</Name><TerritoryID>4</TerritoryID><ModifiedDate>2014-02-08 10:17:21</ModifiedDate></StateProvince>
<StateProvince><StateProvinceID>10</StateProvinceID><StateProvinceCode>CO </StateProvinceCode><CountryRegionCode>US</CountryRegionCode><IsOnlyStateProvinceFlag>False</IsOnlyStateProvinceFlag><Name>Colorado</Name><TerritoryID>3</TerritoryID><ModifiedDate>2014-02-08 10:17:21</ModifiedDate></StateProvince>
<StateProvince><StateProvinceID>11</StateProvinceID><StateProvinceCode>CT </StateProvinceCode><CountryRegionCode>US</CountryRegionCode><IsOnlyStateProvinceFlag>False</IsOnlyStateProvinceFlag><Name>Connecticut</Name><TerritoryID>2</TerritoryID><ModifiedDate>2014-02-08 10:17:21</ModifiedDate></StateProvince>
<StateProvince><StateProvinceID>12</StateProvinceID><StateProvinceCode>DC </StateProvinceCode><CountryRegionCode>US</CountryRegionCode><IsOnlyStateProvinceFlag>False</IsOnlyStateProvinceFlag><Name>District of Columbia</Name><TerritoryID>2</TerritoryID><ModifiedDate>2014-02-08 10:17:21</ModifiedDate></StateProvince>
<StateProvince><StateProvinceID>13</StateProvinceID><StateProvinceCode>DE </StateProvinceCode><CountryRegionCode>US</CountryRegionCode><IsOnlyStateProvinceFlag>False</IsOnlyStateProvinceFlag><Name>Delaware</Name><TerritoryID>2</TerritoryID><ModifiedDate>2014-02-08 10:17:21</ModifiedDate></StateProvince>
<StateProvince><StateProvinceID>14</StateProvinceID><StateProvinceCode>ENG</StateProvinceCode><CountryRegionCode>GB</CountryRegionCode><IsOnlyStateProvinceFlag>True</IsOnlyStateProvinceFlag><Name>England</Name><TerritoryID>10</TerritoryID><ModifiedDate>2014-02-08 10:17:21</ModifiedDate></StateProvince>
<StateProvince><StateProvinceID>15</StateProvinceID><StateProvinceCode>FL </StateProvinceCode><CountryRegionCode>US</CountryRegionCode><IsOnlyStateProvinceFlag>False</IsOnlyStateProvinceFlag><Name>Florida</Name><TerritoryID>5</TerritoryID><ModifiedDate>2014-02-08 10:17:21</ModifiedDate></StateProvince>
<StateProvince><StateProvinceID>16</StateProvinceID><StateProvinceCode>FM </StateProvinceCode><CountryRegionCode>FM</CountryRegionCode><IsOnlyStateProvinceFlag>True</IsOnlyStateProvinceFlag><Name>Micronesia</Name><TerritoryID>9</TerritoryID><ModifiedDate>2014-02-08 10:17:21</ModifiedDate></StateProvince>
<StateProvince><StateProvinceID>17</StateProvinceID><StateProvinceCode>GA </StateProvinceCode><CountryRegionCode>US</CountryRegionCode><IsOnlyStateProvinceFlag>False</IsOnlyStateProvinceFlag><Name>Georgia</Name><TerritoryID>5</TerritoryID><ModifiedDate>2014-02-08 10:17:21</ModifiedDate></StateProvince>
<StateProvince><StateProvinceID>18</StateProvinceID><StateProvinceCode>GU </StateProvinceCode><CountryRegionCode>US</CountryRegionCode><IsOnlyStateProvinceFlag>False</IsOnlyStateProvinceFlag><Name>Guam</Name><TerritoryID>4</TerritoryID><ModifiedDate>2014-02-08 10:17:21</ModifiedDate></StateProvince>
<StateProvince><StateProvinceID>19</StateProvinceID><StateProvinceCode>HE </StateProvinceCode><CountryRegionCode>DE</CountryRegionCode><IsOnlyStateProvinceFlag>False</IsOnlyStateProvinceFlag><Name>Hessen</Name><TerritoryID>8</TerritoryID><ModifiedDate>2014-02-08 10:17:21</ModifiedDate></StateProvince>
<StateProvince><StateProvinceID>20</StateProvinceID><StateProvinceCode>HH </StateProvinceCode><CountryRegionCode>DE</CountryRegionCode><IsOnlyStateProvinceFlag>False</IsOnlyStateProvinceFlag><Name>Hamburg</Name><TerritoryID>8</TerritoryID><ModifiedDate>2014-02-08 10:17:21</ModifiedDate></StateProvince>
<StateProvince><StateProvinceID>21</StateProvinceID><StateProvinceCode>HI </StateProvinceCode><CountryRegionCode>US</CountryRegionCode><IsOnlyStateProvinceFlag>False</IsOnlyStateProvinceFlag><Name>Hawaii</Name><TerritoryID>1</TerritoryID><ModifiedDate>2014-02-08 10:17:21</ModifiedDate></StateProvince>
<StateProvince><StateProvinceID>22</StateProvinceID><StateProvinceCode>IA </StateProvinceCode><CountryRegionCode>US</CountryRegionCode><IsOnlyStateProvinceFlag>False</IsOnlyStateProvinceFlag><Name>Iowa</Name><TerritoryID>3</TerritoryID><ModifiedDate>2014-02-08 10:17:21</ModifiedDate></StateProvince>
<StateProvince><StateProvinceID>23</StateProvinceID><StateProvinceCode>ID </StateProvinceCode><CountryRegionCode>US</CountryRegionCode><IsOnlyStateProvinceFlag>False</IsOnlyStateProvinceFlag><Name>Idaho</Name><TerritoryID>1</TerritoryID><ModifiedDate>2014-02-08 10:17:21</ModifiedDate></StateProvince>
<StateProvince><StateProvinceID>24</StateProvinceID><StateProvinceCode>IL </StateProvinceCode><CountryRegionCode>US</CountryRegionCode><IsOnlyStateProvinceFlag>False</IsOnlyStateProvinceFlag><Name>Illinois</Name><TerritoryID>3</TerritoryID><ModifiedDate>2014-02-08 10:17:21</ModifiedDate></StateProvince>
<StateProvince><StateProvinceID>25</StateProvinceID><StateProvinceCode>IN </StateProvinceCode><CountryRegionCode>US</CountryRegionCode><IsOnlyStateProvinceFlag>False</IsOnlyStateProvinceFlag><Name>Indiana</Name><TerritoryID>2</TerritoryID><ModifiedDate>2014-02-08 10:17:21</ModifiedDate></StateProvince>
<StateProvince><StateProvinceID>26</StateProvinceID><StateProvinceCode>KS </StateProvinceCode><CountryRegionCode>US</CountryRegionCode><IsOnlyStateProvinceFlag>False</IsOnlyStateProvinceFlag><Name>Kansas</Name><TerritoryID>3</TerritoryID><ModifiedDate>2014-02-08 10:17:21</ModifiedDate></StateProvince>
<StateProvince><StateProvinceID>27</StateProvinceID><StateProvinceCode>KY </StateProvinceCode><CountryRegionCode>US</CountryRegionCode><IsOnlyStateProvinceFlag>False</IsOnlyStateProvinceFlag><Name>Kentucky</Name><TerritoryID>5</TerritoryID><ModifiedDate>2014-02-08 10:17:21</ModifiedDate></StateProvince>
<StateProvince><StateProvinceID>28</StateProvinceID><StateProvinceCode>LA </StateProvinceCode><CountryRegionCode>US</CountryRegionCode><IsOnlyStateProvinceFlag>False</IsOnlyStateProvinceFlag><Name>Louisiana</Name><TerritoryID>3</TerritoryID><ModifiedDate>2014-02-08 10:17:21</ModifiedDate></StateProvince>
<StateProvince><StateProvinceID>29</StateProvinceID><StateProvinceCode>LB </StateProvinceCode><CountryRegionCode>CA</CountryRegionCode><IsOnlyStateProvinceFlag>False</IsOnlyStateProvinceFlag><Name>Labrador</Name><TerritoryID>6</TerritoryID><ModifiedDate>2014-02-08 10:17:21</ModifiedDate></StateProvince>
<StateProvince><StateProvinceID>30</StateProvinceID><StateProvinceCode>MA </StateProvinceCode><CountryRegionCode>US</CountryRegionCode><IsOnlyStateProvinceFlag>False</IsOnlyStateProvinceFlag><Name>Massachusetts</Name><TerritoryID>2</TerritoryID><ModifiedDate>2014-02-08 10:17:21</ModifiedDate></StateProvince>
<StateProvince><StateProvinceID>31</StateProvinceID><StateProvinceCode>MB </StateProvinceCode><CountryRegionCode>CA</CountryRegionCode><IsOnlyStateProvinceFlag>False</IsOnlyStateProvinceFlag><Name>Manitoba</Name><TerritoryID>6</TerritoryID><ModifiedDate>2014-02-08 10:17:21</ModifiedDate></StateProvince>
<StateProvince><StateProvinceID>32</StateProvinceID><StateProvinceCode>MD </StateProvinceCode><CountryRegionCode>US</CountryRegionCode><IsOnlyStateProvinceFlag>False</IsOnlyStateProvinceFlag><Name>Maryland</Name><TerritoryID>2</TerritoryID><ModifiedDate>2014-02-08 10:17:21</ModifiedDate></StateProvince>
<StateProvince><StateProvinceID>33</StateProvinceID><StateProvinceCode>ME </StateProvinceCode><CountryRegionCode>US</CountryRegionCode><IsOnlyStateProvinceFlag>False</IsOnlyStateProvinceFlag><Name>Maine</Name><TerritoryID>2</TerritoryID><ModifiedDate>2014-02-08 10:17:21</ModifiedDate></StateProvince>
<StateProvince><StateProvinceID>34</StateProvinceID><StateProvinceCode>MH </StateProvinceCode><CountryRegionCode>MH</CountryRegionCode><IsOnlyStateProvinceFlag>True</IsOnlyStateProvinceFlag><Name>Marshall Islands</Name><TerritoryID>9</TerritoryID><ModifiedDate>2014-02-08 10:17:21</ModifiedDate></StateProvince>
<StateProvince><StateProvinceID>35</StateProvinceID><StateProvinceCode>MI </StateProvinceCode><CountryRegionCode>US</CountryRegionCode><IsOnlyStateProvinceFlag>False</IsOnlyStateProvinceFlag><Name>Michigan</Name><TerritoryID>3</TerritoryID><ModifiedDate>2014-02-08 10:17:21</ModifiedDate></StateProvince>
<StateProvince><StateProvinceID>36</StateProvinceID><StateProvinceCode>MN </StateProvinceCode><CountryRegionCode>US</CountryRegionCode><IsOnlyStateProvinceFlag>False</IsOnlyStateProvinceFlag><Name>Minnesota</Name><TerritoryID>3</TerritoryID><ModifiedDate>2014-02-08 10:17:21</ModifiedDate></StateProvince>
<StateProvince><StateProvinceID>37</StateProvinceID><StateProvinceCode>MO </StateProvinceCode><CountryRegionCode>US</CountryRegionCode><IsOnlyStateProvinceFlag>False</IsOnlyStateProvinceFlag><Name>Missouri</Name><TerritoryID>3</TerritoryID><ModifiedDate>2014-02-08 10:17:21</ModifiedDate></StateProvince>
<StateProvince><StateProvinceID>38</StateProvinceID><StateProvinceCode>MP </StateProvinceCode><CountryRegionCode>MP</CountryRegionCode><IsOnlyStateProvinceFlag>True</IsOnlyStateProvinceFlag><Name>Northern Mariana Islands</Name><TerritoryID>9</TerritoryID><ModifiedDate>2014-02-08 10:17:21</ModifiedDate></StateProvince>
<StateProvince><StateProvinceID>39</StateProvinceID><StateProvinceCode>MS </StateProvinceCode><CountryRegionCode>US</CountryRegionCode><IsOnlyStateProvinceFlag>False</IsOnlyStateProvinceFlag><Name>Mississippi</Name><TerritoryID>5</TerritoryID><ModifiedDate>2014-02-08 10:17:21</ModifiedDate></StateProvince>
<StateProvince><StateProvinceID>40</StateProvinceID><StateProvinceCode>MT </StateProvinceCode><CountryRegionCode>US</CountryRegionCode><IsOnlyStateProvinceFlag>False</IsOnlyStateProvinceFlag><Name>Montana</Name><TerritoryID>1</TerritoryID><ModifiedDate>2014-02-08 10:17:21</ModifiedDate></StateProvince>
<StateProvince><StateProvinceID>41</StateProvinceID><StateProvinceCode>NB </StateProvinceCode><CountryRegionCode>CA</CountryRegionCode><IsOnlyStateProvinceFlag>False</IsOnlyStateProvinceFlag><Name>Brunswick</Name><TerritoryID>6</TerritoryID><ModifiedDate>2014-02-08 10:17:21</ModifiedDate></StateProvince>
<StateProvince><StateProvinceID>42</StateProvinceID><StateProvinceCode>NC </StateProvinceCode><CountryRegionCode>US</CountryRegionCode><IsOnlyStateProvinceFlag>False</IsOnlyStateProvinceFlag><Name>North Carolina</Name><TerritoryID>5</TerritoryID><ModifiedDate>2014-02-08 10:17:21</ModifiedDate></StateProvince>
<StateProvince><StateProvinceID>43</StateProvinceID><StateProvinceCode>ND </StateProvinceCode><CountryRegionCode>US</CountryRegionCode><IsOnlyStateProvinceFlag>False</IsOnlyStateProvinceFlag><Name>North Dakota</Name><TerritoryID>3</TerritoryID><ModifiedDate>2014-02-08 10:17:21</ModifiedDate></StateProvince>
<StateProvince><StateProvinceID>44</StateProvinceID><StateProvinceCode>NE </StateProvinceCode><CountryRegionCode>US</CountryRegionCode><IsOnlyStateProvinceFlag>False</IsOnlyStateProvinceFlag><Name>Nebraska</Name><TerritoryID>3</TerritoryID><ModifiedDate>2014-02-08 10:17:21</ModifiedDate></StateProvince>
<StateProvince><StateProvinceID>45</StateProvinceID><StateProvinceCode>NF </StateProvinceCode><CountryRegionCode>CA</CountryRegionCode><IsOnlyStateProvinceFlag>False</IsOnlyStateProvinceFlag><Name>Newfoundland</Name><TerritoryID>6</TerritoryID><ModifiedDate>2014-02-08 10:17:21</ModifiedDate></StateProvince>
<StateProvince><StateProvinceID>46</StateProvinceID><StateProvinceCode>NH </StateProvinceCode><CountryRegionCode>US</CountryRegionCode><IsOnlyStateProvinceFlag>False</IsOnlyStateProvinceFlag><Name>New Hampshire</Name><TerritoryID>2</TerritoryID><ModifiedDate>2014-02-08 10:17:21</ModifiedDate></StateProvince>
<StateProvince><StateProvinceID>47</StateProvinceID><StateProvinceCode>NJ </StateProvinceCode><CountryRegionCode>US</CountryRegionCode><IsOnlyStateProvinceFlag>False</IsOnlyStateProvinceFlag><Name>New Jersey</Name><TerritoryID>2</TerritoryID><ModifiedDate>2014-02-08 10:17:21</ModifiedDate></StateProvince>
<StateProvince><StateProvinceID>48</StateProvinceID><StateProvinceCode>NM </StateProvinceCode><CountryRegionCode>US</CountryRegionCode><IsOnlyStateProvinceFlag>False</IsOnlyStateProvinceFlag><Name>New Mexico</Name><TerritoryID>4</TerritoryID><ModifiedDate>2014-02-08 10:17:21</ModifiedDate></StateProvince>
<StateProvince><StateProvinceID>49</StateProvinceID><StateProvinceCode>NS </StateProvinceCode><CountryRegionCode>CA</CountryRegionCode><IsOnlyStateProvinceFlag>False</IsOnlyStateProvinceFlag><Name>Nova Scotia</Name><TerritoryID>6</TerritoryID><ModifiedDate>2014-02-08 10:17:21</ModifiedDate></StateProvince>
<StateProvince><StateProvinceID>50</StateProvinceID><StateProvinceCode>NSW</StateProvinceCode><CountryRegionCode>AU</CountryRegionCode><IsOnlyStateProvinceFlag>False</IsOnlyStateProvinceFlag><Name>New South Wales</Name><TerritoryID>9</TerritoryID><ModifiedDate>2014-02-08 10:17:21</ModifiedDate></StateProvince>
<StateProvince><StateProvinceID>51</StateProvinceID><StateProvinceCode>NT </StateProvinceCode><CountryRegionCode>CA</CountryRegionCode><IsOnlyStateProvinceFlag>False</IsOnlyStateProvinceFlag><Name>Northwest Territories</Name><TerritoryID>6</TerritoryID><ModifiedDate>2014-02-08 10:17:21</ModifiedDate></StateProvince>
<StateProvince><StateProvinceID>52</StateProvinceID><StateProvinceCode>NV </StateProvinceCode><CountryRegionCode>US</CountryRegionCode><IsOnlyStateProvinceFlag>False</IsOnlyStateProvinceFlag><Name>Nevada</Name><TerritoryID>1</TerritoryID><ModifiedDate>2014-02-08 10:17:21</ModifiedDate></StateProvince>
<StateProvince><StateProvinceID>53</StateProvinceID><StateProvinceCode>NW </StateProvinceCode><CountryRegionCode>DE</CountryRegionCode><IsOnlyStateProvinceFlag>False</IsOnlyStateProvinceFlag><Name>Nordrhein-Westfalen</Name><TerritoryID>8</TerritoryID><ModifiedDate>2014-02-08 10:17:21</ModifiedDate></StateProvince>
<StateProvince><StateProvinceID>54</StateProvinceID><StateProvinceCode>NY </StateProvinceCode><CountryRegionCode>US</CountryRegionCode><IsOnlyStateProvinceFlag>False</IsOnlyStateProvinceFlag><Name>New York</Name><TerritoryID>2</TerritoryID><ModifiedDate>2014-02-08 10:17:21</ModifiedDate></StateProvince>
<StateProvince><StateProvinceID>55</StateProvinceID><StateProvinceCode>OH </StateProvinceCode><CountryRegionCode>US</CountryRegionCode><IsOnlyStateProvinceFlag>False</IsOnlyStateProvinceFlag><Name>Ohio</Name><TerritoryID>2</TerritoryID><ModifiedDate>2014-02-08 10:17:21</ModifiedDate></StateProvince>
<StateProvince><StateProvinceID>56</StateProvinceID><StateProvinceCode>OK </StateProvinceCode><CountryRegionCode>US</CountryRegionCode><IsOnlyStateProvinceFlag>False</IsOnlyStateProvinceFlag><Name>Oklahoma</Name><TerritoryID>3</TerritoryID><ModifiedDate>2014-02-08 10:17:21</ModifiedDate></StateProvince>
<StateProvince><StateProvinceID>57</StateProvinceID><StateProvinceCode>ON </StateProvinceCode><CountryRegionCode>CA</CountryRegionCode><IsOnlyStateProvinceFlag>False</IsOnlyStateProvinceFlag><Name>Ontario</Name><TerritoryID>6</TerritoryID><ModifiedDate>2014-02-08 10:17:21</ModifiedDate></StateProvince>
<StateProvince><StateProvinceID>58</StateProvinceID><StateProvinceCode>OR </StateProvinceCode><CountryRegionCode>US</CountryRegionCode><IsOnlyStateProvinceFlag>False</IsOnlyStateProvinceFlag><Name>Oregon</Name><TerritoryID>1</TerritoryID><ModifiedDate>2014-02-08 10:17:21</ModifiedDate></StateProvince>
<StateProvince><StateProvinceID>59</StateProvinceID><StateProvinceCode>PA </StateProvinceCode><CountryRegionCode>US</CountryRegionCode><IsOnlyStateProvinceFlag>False</IsOnlyStateProvinceFlag><Name>Pennsylvania</Name><TerritoryID>2</TerritoryID><ModifiedDate>2014-02-08 10:17:21</ModifiedDate></StateProvince>
<StateProvince><StateProvinceID>60</StateProvinceID><StateProvinceCode>PE </StateProvinceCode><CountryRegionCode>CA</CountryRegionCode><IsOnlyStateProvinceFlag>False</IsOnlyStateProvinceFlag><Name>Prince Edward Island</Name><TerritoryID>6</TerritoryID><ModifiedDate>2014-02-08 10:17:21</ModifiedDate></StateProvince>
<StateProvince><StateProvinceID>61</StateProvinceID><StateProvinceCode>PR </StateProvinceCode><CountryRegionCode>US</CountryRegionCode><IsOnlyStateProvinceFlag>False</IsOnlyStateProvinceFlag><Name>Puerto Rico</Name><TerritoryID>5</TerritoryID><ModifiedDate>2014-02-08 10:17:21</ModifiedDate></StateProvince>
<StateProvince><StateProvinceID>62</StateProvinceID><StateProvinceCode>PW </StateProvinceCode><CountryRegionCode>PW</CountryRegionCode><IsOnlyStateProvinceFlag>True</IsOnlyStateProvinceFlag><Name>Palau</Name><TerritoryID>9</TerritoryID><ModifiedDate>2014-02-08 10:17:21</ModifiedDate></StateProvince>
<StateProvince><StateProvinceID>63</StateProvinceID><StateProvinceCode>QC </StateProvinceCode><CountryRegionCode>CA</CountryRegionCode><IsOnlyStateProvinceFlag>False</IsOnlyStateProvinceFlag><Name>Quebec</Name><TerritoryID>6</TerritoryID><ModifiedDate>2014-02-08 10:17:21</ModifiedDate></StateProvince>
<StateProvince><StateProvinceID>64</StateProvinceID><StateProvinceCode>QLD</StateProvinceCode><CountryRegionCode>AU</CountryRegionCode><IsOnlyStateProvinceFlag>False</IsOnlyStateProvinceFlag><Name>Queensland</Name><TerritoryID>9</TerritoryID><ModifiedDate>2014-02-08 10:17:21</ModifiedDate></StateProvince>
<StateProvince><StateProvinceID>65</StateProvinceID><StateProvinceCode>RI </StateProvinceCode><CountryRegionCode>US</CountryRegionCode><IsOnlyStateProvinceFlag>False</IsOnlyStateProvinceFlag><Name>Rhode Island</Name><TerritoryID>2</TerritoryID><ModifiedDate>2014-02-08 10:17:21</ModifiedDate></StateProvince>
<StateProvince><StateProvinceID>66</StateProvinceID><StateProvinceCode>SA </StateProvinceCode><CountryRegionCode>AU</CountryRegionCode><IsOnlyStateProvinceFlag>False</IsOnlyStateProvinceFlag><Name>South Australia</Name><TerritoryID>9</TerritoryID><ModifiedDate>2014-02-08 10:17:21</ModifiedDate></StateProvince>
<StateProvince><StateProvinceID>67</StateProvinceID><StateProvinceCode>SC </StateProvinceCode><CountryRegionCode>US</CountryRegionCode><IsOnlyStateProvinceFlag>False</IsOnlyStateProvinceFlag><Name>South Carolina</Name><TerritoryID>5</TerritoryID><ModifiedDate>2014-02-08 10:17:21</ModifiedDate></StateProvince>
<StateProvince><StateProvinceID>68</StateProvinceID><StateProvinceCode>SD </StateProvinceCode><CountryRegionCode>US</CountryRegionCode><IsOnlyStateProvinceFlag>False</IsOnlyStateProvinceFlag><Name>South Dakota</Name><TerritoryID>3</TerritoryID><ModifiedDate>2014-02-08 10:17:21</ModifiedDate></StateProvince>
<StateProvince><StateProvinceID>69</StateProvinceID><StateProvinceCode>SK </StateProvinceCode><CountryRegionCode>CA</CountryRegionCode><IsOnlyStateProvinceFlag>False</IsOnlyStateProvinceFlag><Name>Saskatchewan</Name><TerritoryID>6</TerritoryID><ModifiedDate>2014-02-08 10:17:21</ModifiedDate></StateProvince>
<StateProvince><StateProvinceID>70</StateProvinceID><StateProvinceCode>SL </StateProvinceCode><CountryRegionCode>DE</CountryRegionCode><IsOnlyStateProvinceFlag>False</IsOnlyStateProvinceFlag><Name>Saarland</Name><TerritoryID>8</TerritoryID><ModifiedDate>2014-02-08 10:17:21</ModifiedDate></StateProvince>
<StateProvince><StateProvinceID>71</StateProvinceID><StateProvinceCode>TAS</StateProvinceCode><CountryRegionCode>AU</CountryRegionCode><IsOnlyStateProvinceFlag>False</IsOnlyStateProvinceFlag><Name>Tasmania</Name><TerritoryID>9</TerritoryID><ModifiedDate>2014-02-08 10:17:21</ModifiedDate></StateProvince>
<StateProvince><StateProvinceID>72</StateProvinceID><StateProvinceCode>TN </StateProvinceCode><CountryRegionCode>US</CountryRegionCode><IsOnlyStateProvinceFlag>False</IsOnlyStateProvinceFlag><Name>Tennessee</Name><TerritoryID>5</TerritoryID><ModifiedDate>2014-02-08 10:17:21</ModifiedDate></StateProvince>
<StateProvince><StateProvinceID>73</StateProvinceID><StateProvinceCode>TX </StateProvinceCode><CountryRegionCode>US</CountryRegionCode><IsOnlyStateProvinceFlag>False</IsOnlyStateProvinceFlag><Name>Texas</Name><TerritoryID>4</TerritoryID><ModifiedDate>2014-02-08 10:17:21</ModifiedDate></StateProvince>
<StateProvince><StateProvinceID>74</StateProvinceID><StateProvinceCode>UT </StateProvinceCode><CountryRegionCode>US</CountryRegionCode><IsOnlyStateProvinceFlag>False</IsOnlyStateProvinceFlag><Name>Utah</Name><TerritoryID>1</TerritoryID><ModifiedDate>2014-02-08 10:17:21</ModifiedDate></StateProvince>
<StateProvince><StateProvinceID>75</StateProvinceID><StateProvinceCode>VA </StateProvinceCode><CountryRegionCode>US</CountryRegionCode><IsOnlyStateProvinceFlag>False</IsOnlyStateProvinceFlag><Name>Virginia</Name><TerritoryID>5</TerritoryID><ModifiedDate>2014-02-08 10:17:21</ModifiedDate></StateProvince>
<StateProvince><StateProvinceID>76</StateProvinceID><StateProvinceCode>VI </StateProvinceCode><CountryRegionCode>VI</CountryRegionCode><IsOnlyStateProvinceFlag>True</IsOnlyStateProvinceFlag><Name>Virgin Islands</Name><TerritoryID>5</TerritoryID><ModifiedDate>2014-02-08 10:17:21</ModifiedDate></StateProvince>
<StateProvince><StateProvinceID>77</StateProvinceID><StateProvinceCode>VIC</StateProvinceCode><CountryRegionCode>AU</CountryRegionCode><IsOnlyStateProvinceFlag>False</IsOnlyStateProvinceFlag><Name>Victoria</Name><TerritoryID>9</TerritoryID><ModifiedDate>2014-02-08 10:17:21</ModifiedDate></StateProvince>
<StateProvince><StateProvinceID>78</StateProvinceID><StateProvinceCode>VT </StateProvinceCode><CountryRegionCode>US</CountryRegionCode><IsOnlyStateProvinceFlag>False</IsOnlyStateProvinceFlag><Name>Vermont</Name><TerritoryID>2</TerritoryID><ModifiedDate>2014-02-08 10:17:21</ModifiedDate></StateProvince>
<StateProvince><StateProvinceID>79</StateProvinceID><StateProvinceCode>WA </StateProvinceCode><CountryRegionCode>US</CountryRegionCode><IsOnlyStateProvinceFlag>False</IsOnlyStateProvinceFlag><Name>Washington</Name><TerritoryID>1</TerritoryID><ModifiedDate>2014-02-08 10:17:21</ModifiedDate></StateProvince>
<StateProvince><StateProvinceID>80</StateProvinceID><StateProvinceCode>WI </StateProvinceCode><CountryRegionCode>US</CountryRegionCode><IsOnlyStateProvinceFlag>False</IsOnlyStateProvinceFlag><Name>Wisconsin</Name><TerritoryID>3</TerritoryID><ModifiedDate>2014-02-08 10:17:21</ModifiedDate></StateProvince>
<StateProvince><StateProvinceID>81</StateProvinceID><StateProvinceCode>WV </StateProvinceCode><CountryRegionCode>US</CountryRegionCode><IsOnlyStateProvinceFlag>False</IsOnlyStateProvinceFlag><Name>West Virginia</Name><TerritoryID>5</TerritoryID><ModifiedDate>2014-02-08 10:17:21</ModifiedDate></StateProvince>
<StateProvince><StateProvinceID>82</StateProvinceID><StateProvinceCode>WY </StateProvinceCode><CountryRegionCode>US</CountryRegionCode><IsOnlyStateProvinceFlag>False</IsOnlyStateProvinceFlag><Name>Wyoming</Name><TerritoryID>1</TerritoryID><ModifiedDate>2014-02-08 10:17:21</ModifiedDate></StateProvince>
<StateProvince><StateProvinceID>83</StateProvinceID><StateProvinceCode>YT </StateProvinceCode><CountryRegionCode>CA</CountryRegionCode><IsOnlyStateProvinceFlag>False</IsOnlyStateProvinceFlag><Name>Yukon Territory</Name><TerritoryID>6</TerritoryID><ModifiedDate>2014-02-08 10:17:21</ModifiedDate></StateProvince>
<StateProvince><StateProvinceID>84</StateProvinceID><StateProvinceCode>FR </StateProvinceCode><CountryRegionCode>FR</CountryRegionCode><IsOnlyStateProvinceFlag>True</IsOnlyStateProvinceFlag><Name>France</Name><TerritoryID>7</TerritoryID><ModifiedDate>2008-04-30 00:00:00</ModifiedDate></StateProvince>
<StateProvince><StateProvinceID>85</StateProvinceID><StateProvinceCode>BB </StateProvinceCode><CountryRegionCode>DE</CountryRegionCode><IsOnlyStateProvinceFlag>False</IsOnlyStateProvinceFlag><Name>Brandenburg</Name><TerritoryID>8</TerritoryID><ModifiedDate>2008-04-30 00:00:00</ModifiedDate></StateProvince>
<StateProvince><StateProvinceID>86</StateProvinceID><StateProvinceCode>SN </StateProvinceCode><CountryRegionCode>DE</CountryRegionCode><IsOnlyStateProvinceFlag>False</IsOnlyStateProvinceFlag><Name>Saxony</Name><TerritoryID>8</TerritoryID><ModifiedDate>2008-04-30 00:00:00</ModifiedDate></StateProvince>
<StateProvince><StateProvinceID>87</StateProvinceID><StateProvinceCode>01 </StateProvinceCode><CountryRegionCode>FR</CountryRegionCode><IsOnlyStateProvinceFlag>False</IsOnlyStateProvinceFlag><Name>Ain</Name><TerritoryID>7</TerritoryID><ModifiedDate>2008-04-30 00:00:00</ModifiedDate></StateProvince>
<StateProvince><StateProvinceID>88</StateProvinceID><StateProvinceCode>02 </StateProvinceCode><CountryRegionCode>FR</CountryRegionCode><IsOnlyStateProvinceFlag>False</IsOnlyStateProvinceFlag><Name>Aisne</Name><TerritoryID>7</TerritoryID><ModifiedDate>2008-04-30 00:00:00</ModifiedDate></StateProvince>
<StateProvince><StateProvinceID>89</StateProvinceID><StateProvinceCode>03 </StateProvinceCode><CountryRegionCode>FR</CountryRegionCode><IsOnlyStateProvinceFlag>False</IsOnlyStateProvinceFlag><Name>Allier</Name><TerritoryID>7</TerritoryID><ModifiedDate>2008-04-30 00:00:00</ModifiedDate></StateProvince>
<StateProvince><StateProvinceID>90</StateProvinceID><StateProvinceCode>04 </StateProvinceCode><CountryRegionCode>FR</CountryRegionCode><IsOnlyStateProvinceFlag>False</IsOnlyStateProvinceFlag><Name>Alpes-de-Haute Provence</Name><TerritoryID>7</TerritoryID><ModifiedDate>2008-04-30 00:00:00</ModifiedDate></StateProvince>
<StateProvince><StateProvinceID>91</StateProvinceID><StateProvinceCode>05 </StateProvinceCode><CountryRegionCode>FR</CountryRegionCode><IsOnlyStateProvinceFlag>False</IsOnlyStateProvinceFlag><Name>Alpes (Haute)</Name><TerritoryID>7</TerritoryID><ModifiedDate>2008-04-30 00:00:00</ModifiedDate></StateProvince>
<StateProvince><StateProvinceID>92</StateProvinceID><StateProvinceCode>06 </StateProvinceCode><CountryRegionCode>FR</CountryRegionCode><IsOnlyStateProvinceFlag>False</IsOnlyStateProvinceFlag><Name>Alpes-Maritimes</Name><TerritoryID>7</TerritoryID><ModifiedDate>2008-04-30 00:00:00</ModifiedDate></StateProvince>
<StateProvince><StateProvinceID>93</StateProvinceID><StateProvinceCode>07 </StateProvinceCode><CountryRegionCode>FR</CountryRegionCode><IsOnlyStateProvinceFlag>False</IsOnlyStateProvinceFlag><Name>Ard&#232;che</Name><TerritoryID>7</TerritoryID><ModifiedDate>2008-04-30 00:00:00</ModifiedDate></StateProvince>
<StateProvince><StateProvinceID>94</StateProvinceID><StateProvinceCode>08 </StateProvinceCode><CountryRegionCode>FR</CountryRegionCode><IsOnlyStateProvinceFlag>False</IsOnlyStateProvinceFlag><Name>Ardennes</Name><TerritoryID>7</TerritoryID><ModifiedDate>2008-04-30 00:00:00</ModifiedDate></StateProvince>
<StateProvince><StateProvinceID>95</StateProvinceID><StateProvinceCode>09 </StateProvinceCode><CountryRegionCode>FR</CountryRegionCode><IsOnlyStateProvinceFlag>False</IsOnlyStateProvinceFlag><Name>Ari&#232;ge</Name><TerritoryID>7</TerritoryID><ModifiedDate>2008-04-30 00:00:00</ModifiedDate></StateProvince>
<StateProvince><StateProvinceID>96</StateProvinceID><StateProvinceCode>10 </StateProvinceCode><CountryRegionCode>FR</CountryRegionCode><IsOnlyStateProvinceFlag>False</IsOnlyStateProvinceFlag><Name>Aube</Name><TerritoryID>7</TerritoryID><ModifiedDate>2008-04-30 00:00:00</ModifiedDate></StateProvince>
<StateProvince><StateProvinceID>97</StateProvinceID><StateProvinceCode>11 </StateProvinceCode><CountryRegionCode>FR</CountryRegionCode><IsOnlyStateProvinceFlag>False</IsOnlyStateProvinceFlag><Name>Aude</Name><TerritoryID>7</TerritoryID><ModifiedDate>2008-04-30 00:00:00</ModifiedDate></StateProvince>
<StateProvince><StateProvinceID>98</StateProvinceID><StateProvinceCode>12 </StateProvinceCode><CountryRegionCode>FR</CountryRegionCode><IsOnlyStateProvinceFlag>False</IsOnlyStateProvinceFlag><Name>Aveyron</Name><TerritoryID>7</TerritoryID><ModifiedDate>2008-04-30 00:00:00</ModifiedDate></StateProvince>
<StateProvince><StateProvinceID>99</StateProvinceID><StateProvinceCode>13 </StateProvinceCode><CountryRegionCode>FR</CountryRegionCode><IsOnlyStateProvinceFlag>False</IsOnlyStateProvinceFlag><Name>Bouches du Rh&#244;ne</Name><TerritoryID>7</TerritoryID><ModifiedDate>2008-04-30 00:00:00</ModifiedDate></StateProvince>
<StateProvince><StateProvinceID>100</StateProvinceID><StateProvinceCode>14 </StateProvinceCode><CountryRegionCode>FR</CountryRegionCode><IsOnlyStateProvinceFlag>False</IsOnlyStateProvinceFlag><Name>Calvados</Name><TerritoryID>7</TerritoryID><ModifiedDate>2008-04-30 00:00:00</ModifiedDate></StateProvince>
<StateProvince><StateProvinceID>101</StateProvinceID><StateProvinceCode>15 </StateProvinceCode><CountryRegionCode>FR</CountryRegionCode><IsOnlyStateProvinceFlag>False</IsOnlyStateProvinceFlag><Name>Cantal</Name><TerritoryID>7</TerritoryID><ModifiedDate>2008-04-30 00:00:00</ModifiedDate></StateProvince>
<StateProvince><StateProvinceID>102</StateProvinceID><StateProvinceCode>16 </StateProvinceCode><CountryRegionCode>FR</CountryRegionCode><IsOnlyStateProvinceFlag>False</IsOnlyStateProvinceFlag><Name>Charente</Name><TerritoryID>7</TerritoryID><ModifiedDate>2008-04-30 00:00:00</ModifiedDate></StateProvince>
<StateProvince><StateProvinceID>103</StateProvinceID><StateProvinceCode>17 </StateProvinceCode><CountryRegionCode>FR</CountryRegionCode><IsOnlyStateProvinceFlag>False</IsOnlyStateProvinceFlag><Name>Charente-Maritime</Name><TerritoryID>7</TerritoryID><ModifiedDate>2008-04-30 00:00:00</ModifiedDate></StateProvince>
<StateProvince><StateProvinceID>104</StateProvinceID><StateProvinceCode>18 </StateProvinceCode><CountryRegionCode>FR</CountryRegionCode><IsOnlyStateProvinceFlag>False</IsOnlyStateProvinceFlag><Name>Cher</Name><TerritoryID>7</TerritoryID><ModifiedDate>2008-04-30 00:00:00</ModifiedDate></StateProvince>
<StateProvince><StateProvinceID>105</StateProvinceID><StateProvinceCode>19 </StateProvinceCode><CountryRegionCode>FR</CountryRegionCode><IsOnlyStateProvinceFlag>False</IsOnlyStateProvinceFlag><Name>Corr&#232;ze</Name><TerritoryID>7</TerritoryID><ModifiedDate>2008-04-30 00:00:00</ModifiedDate></StateProvince>
<StateProvince><StateProvinceID>106</StateProvinceID><StateProvinceCode>20 </StateProvinceCode><CountryRegionCode>FR</CountryRegionCode><IsOnlyStateProvinceFlag>False</IsOnlyStateProvinceFlag><Name>Corse</Name><TerritoryID>7</TerritoryID><ModifiedDate>2008-04-30 00:00:00</ModifiedDate></StateProvince>
<StateProvince><StateProvinceID>107</StateProvinceID><StateProvinceCode>21 </StateProvinceCode><CountryRegionCode>FR</CountryRegionCode><IsOnlyStateProvinceFlag>False</IsOnlyStateProvinceFlag><Name>C&#244;te d&#39;Or</Name><TerritoryID>7</TerritoryID><ModifiedDate>2008-04-30 00:00:00</ModifiedDate></StateProvince>
<StateProvince><StateProvinceID>108</StateProvinceID><StateProvinceCode>22 </StateProvinceCode><CountryRegionCode>FR</CountryRegionCode><IsOnlyStateProvinceFlag>False</IsOnlyStateProvinceFlag><Name>C&#244;tes-d&#39;Armor</Name><TerritoryID>7</TerritoryID><ModifiedDate>2008-04-30 00:00:00</ModifiedDate></StateProvince>
<StateProvince><StateProvinceID>109</StateProvinceID><StateProvinceCode>23 </StateProvinceCode><CountryRegionCode>FR</CountryRegionCode><IsOnlyStateProvinceFlag>False</IsOnlyStateProvinceFlag><Name>Creuse</Name><TerritoryID>7</TerritoryID><ModifiedDate>2008-04-30 00:00:00</ModifiedDate></StateProvince>
<StateProvince><StateProvinceID>110</StateProvinceID><StateProvinceCode>24 </StateProvinceCode><CountryRegionCode>FR</CountryRegionCode><IsOnlyStateProvinceFlag>False</IsOnlyStateProvinceFlag><Name>Dordogne</Name><TerritoryID>7</TerritoryID><ModifiedDate>2008-04-30 00:00:00</ModifiedDate></StateProvince>
<StateProvince><StateProvinceID>111</StateProvinceID><StateProvinceCode>25 </StateProvinceCode><CountryRegionCode>FR</CountryRegionCode><IsOnlyStateProvinceFlag>False</IsOnlyStateProvinceFlag><Name>Toubs</Name><TerritoryID>7</TerritoryID><ModifiedDate>2008-04-30 00:00:00</ModifiedDate></StateProvince>
<StateProvince><StateProvinceID>112</StateProvinceID><StateProvinceCode>26 </StateProvinceCode><CountryRegionCode>FR</CountryRegionCode><IsOnlyStateProvinceFlag>False</IsOnlyStateProvinceFlag><Name>Dr&#244;me</Name><TerritoryID>7</TerritoryID><ModifiedDate>2008-04-30 00:00:00</ModifiedDate></StateProvince>
<StateProvince><StateProvinceID>113</StateProvinceID><StateProvinceCode>27 </StateProvinceCode><CountryRegionCode>FR</CountryRegionCode><IsOnlyStateProvinceFlag>False</IsOnlyStateProvinceFlag><Name>Eure</Name><TerritoryID>7</TerritoryID><ModifiedDate>2008-04-30 00:00:00</ModifiedDate></StateProvince>
<StateProvince><StateProvinceID>114</StateProvinceID><StateProvinceCode>28 </StateProvinceCode><CountryRegionCode>FR</CountryRegionCode><IsOnlyStateProvinceFlag>False</IsOnlyStateProvinceFlag><Name>Eure et Loir</Name><TerritoryID>7</TerritoryID><ModifiedDate>2008-04-30 00:00:00</ModifiedDate></StateProvince>
<StateProvince><StateProvinceID>115</StateProvinceID><StateProvinceCode>29 </StateProvinceCode><CountryRegionCode>FR</CountryRegionCode><IsOnlyStateProvinceFlag>False</IsOnlyStateProvinceFlag><Name>Finist&#232;re</Name><TerritoryID>7</TerritoryID><ModifiedDate>2008-04-30 00:00:00</ModifiedDate></StateProvince>
<StateProvince><StateProvinceID>116</StateProvinceID><StateProvinceCode>30 </StateProvinceCode><CountryRegionCode>FR</CountryRegionCode><IsOnlyStateProvinceFlag>False</IsOnlyStateProvinceFlag><Name>Gard</Name><TerritoryID>7</TerritoryID><ModifiedDate>2008-04-30 00:00:00</ModifiedDate></StateProvince>
<StateProvince><StateProvinceID>117</StateProvinceID><StateProvinceCode>31 </StateProvinceCode><CountryRegionCode>FR</CountryRegionCode><IsOnlyStateProvinceFlag>False</IsOnlyStateProvinceFlag><Name>Garonne (Haute)</Name><TerritoryID>7</TerritoryID><ModifiedDate>2008-04-30 00:00:00</ModifiedDate></StateProvince>
<StateProvince><StateProvinceID>118</StateProvinceID><StateProvinceCode>32 </StateProvinceCode><CountryRegionCode>FR</CountryRegionCode><IsOnlyStateProvinceFlag>False</IsOnlyStateProvinceFlag><Name>Gers</Name><TerritoryID>7</TerritoryID><ModifiedDate>2008-04-30 00:00:00</ModifiedDate></StateProvince>
<StateProvince><StateProvinceID>119</StateProvinceID><StateProvinceCode>33 </StateProvinceCode><CountryRegionCode>FR</CountryRegionCode><IsOnlyStateProvinceFlag>False</IsOnlyStateProvinceFlag><Name>Gironde</Name><TerritoryID>7</TerritoryID><ModifiedDate>2008-04-30 00:00:00</ModifiedDate></StateProvince>
<StateProvince><StateProvinceID>120</StateProvinceID><StateProvinceCode>34 </StateProvinceCode><CountryRegionCode>FR</CountryRegionCode><IsOnlyStateProvinceFlag>False</IsOnlyStateProvinceFlag><Name>H&#233;rault</Name><TerritoryID>7</TerritoryID><ModifiedDate>2008-04-30 00:00:00</ModifiedDate></StateProvince>
<StateProvince><StateProvinceID>121</StateProvinceID><StateProvinceCode>35 </StateProvinceCode><CountryRegionCode>FR</CountryRegionCode><IsOnlyStateProvinceFlag>False</IsOnlyStateProvinceFlag><Name>Ille et Vilaine</Name><TerritoryID>7</TerritoryID><ModifiedDate>2008-04-30 00:00:00</ModifiedDate></StateProvince>
<StateProvince><StateProvinceID>122</StateProvinceID><StateProvinceCode>36 </StateProvinceCode><CountryRegionCode>FR</CountryRegionCode><IsOnlyStateProvinceFlag>False</IsOnlyStateProvinceFlag><Name>Indre</Name><TerritoryID>7</TerritoryID><ModifiedDate>2008-04-30 00:00:00</ModifiedDate></StateProvince>
<StateProvince><StateProvinceID>123</StateProvinceID><StateProvinceCode>37 </StateProvinceCode><CountryRegionCode>FR</CountryRegionCode><IsOnlyStateProvinceFlag>False</IsOnlyStateProvinceFlag><Name>Indre et Loire</Name><TerritoryID>7</TerritoryID><ModifiedDate>2008-04-30 00:00:00</ModifiedDate></StateProvince>
<StateProvince><StateProvinceID>124</StateProvinceID><StateProvinceCode>38 </StateProvinceCode><CountryRegionCode>FR</CountryRegionCode><IsOnlyStateProvinceFlag>False</IsOnlyStateProvinceFlag><Name>Is&#232;re</Name><TerritoryID>7</TerritoryID><ModifiedDate>2008-04-30 00:00:00</ModifiedDate></StateProvince>
<StateProvince><StateProvinceID>125</StateProvinceID><StateProvinceCode>39 </StateProvinceCode><CountryRegionCode>FR</CountryRegionCode><IsOnlyStateProvinceFlag>False</IsOnlyStateProvinceFlag><Name>Jura</Name><TerritoryID>7</TerritoryID><ModifiedDate>2008-04-30 00:00:00</ModifiedDate></StateProvince>
<StateProvince><StateProvinceID>126</StateProvinceID><StateProvinceCode>40 </StateProvinceCode><CountryRegionCode>FR</CountryRegionCode><IsOnlyStateProvinceFlag>False</IsOnlyStateProvinceFlag><Name>Landes</Name><TerritoryID>7</TerritoryID><ModifiedDate>2008-04-30 00:00:00</ModifiedDate></StateProvince>
<StateProvince><StateProvinceID>127</StateProvinceID><StateProvinceCode>41 </StateProvinceCode><CountryRegionCode>FR</CountryRegionCode><IsOnlyStateProvinceFlag>False</IsOnlyStateProvinceFlag><Name>Loir et Cher</Name><TerritoryID>7</TerritoryID><ModifiedDate>2008-04-30 00:00:00</ModifiedDate></StateProvince>
<StateProvince><StateProvinceID>128</StateProvinceID><StateProvinceCode>42 </StateProvinceCode><CountryRegionCode>FR</CountryRegionCode><IsOnlyStateProvinceFlag>False</IsOnlyStateProvinceFlag><Name>Loire</Name><TerritoryID>7</TerritoryID><ModifiedDate>2008-04-30 00:00:00</ModifiedDate></StateProvince>
<StateProvince><StateProvinceID>129</StateProvinceID><StateProvinceCode>43 </StateProvinceCode><CountryRegionCode>FR</CountryRegionCode><IsOnlyStateProvinceFlag>False</IsOnlyStateProvinceFlag><Name>Loire (Haute)</Name><TerritoryID>7</TerritoryID><ModifiedDate>2008-04-30 00:00:00</ModifiedDate></StateProvince>
<StateProvince><StateProvinceID>130</StateProvinceID><StateProvinceCode>44 </StateProvinceCode><CountryRegionCode>FR</CountryRegionCode><IsOnlyStateProvinceFlag>False</IsOnlyStateProvinceFlag><Name>Loire Atlantique</Name><TerritoryID>7</TerritoryID><ModifiedDate>2008-04-30 00:00:00</ModifiedDate></StateProvince>
<StateProvince><StateProvinceID>131</StateProvinceID><StateProvinceCode>45 </StateProvinceCode><CountryRegionCode>FR</CountryRegionCode><IsOnlyStateProvinceFlag>False</IsOnlyStateProvinceFlag><Name>Loiret</Name><TerritoryID>7</TerritoryID><ModifiedDate>2008-04-30 00:00:00</ModifiedDate></StateProvince>
<StateProvince><StateProvinceID>132</StateProvinceID><StateProvinceCode>46 </StateProvinceCode><CountryRegionCode>FR</CountryRegionCode><IsOnlyStateProvinceFlag>False</IsOnlyStateProvinceFlag><Name>Lot</Name><TerritoryID>7</TerritoryID><ModifiedDate>2008-04-30 00:00:00</ModifiedDate></StateProvince>
<StateProvince><StateProvinceID>133</StateProvinceID><StateProvinceCode>47 </StateProvinceCode><CountryRegionCode>FR</CountryRegionCode><IsOnlyStateProvinceFlag>False</IsOnlyStateProvinceFlag><Name>Lot et Garonne</Name><TerritoryID>7</TerritoryID><ModifiedDate>2008-04-30 00:00:00</ModifiedDate></StateProvince>
<StateProvince><StateProvinceID>134</StateProvinceID><StateProvinceCode>48 </StateProvinceCode><CountryRegionCode>FR</CountryRegionCode><IsOnlyStateProvinceFlag>False</IsOnlyStateProvinceFlag><Name>Loz&#232;re</Name><TerritoryID>7</TerritoryID><ModifiedDate>2008-04-30 00:00:00</ModifiedDate></StateProvince>
<StateProvince><StateProvinceID>135</StateProvinceID><StateProvinceCode>49 </StateProvinceCode><CountryRegionCode>FR</CountryRegionCode><IsOnlyStateProvinceFlag>False</IsOnlyStateProvinceFlag><Name>Maine et Loire</Name><TerritoryID>7</TerritoryID><ModifiedDate>2008-04-30 00:00:00</ModifiedDate></StateProvince>
<StateProvince><StateProvinceID>136</StateProvinceID><StateProvinceCode>50 </StateProvinceCode><CountryRegionCode>FR</CountryRegionCode><IsOnlyStateProvinceFlag>False</IsOnlyStateProvinceFlag><Name>Manche</Name><TerritoryID>7</TerritoryID><ModifiedDate>2008-04-30 00:00:00</ModifiedDate></StateProvince>
<StateProvince><StateProvinceID>137</StateProvinceID><StateProvinceCode>51 </StateProvinceCode><CountryRegionCode>FR</CountryRegionCode><IsOnlyStateProvinceFlag>False</IsOnlyStateProvinceFlag><Name>Marne</Name><TerritoryID>7</TerritoryID><ModifiedDate>2008-04-30 00:00:00</ModifiedDate></StateProvince>
<StateProvince><StateProvinceID>138</StateProvinceID><StateProvinceCode>52 </StateProvinceCode><CountryRegionCode>FR</CountryRegionCode><IsOnlyStateProvinceFlag>False</IsOnlyStateProvinceFlag><Name>Marne (Haute)</Name><TerritoryID>7</TerritoryID><ModifiedDate>2008-04-30 00:00:00</ModifiedDate></StateProvince>
<StateProvince><StateProvinceID>139</StateProvinceID><StateProvinceCode>53 </StateProvinceCode><CountryRegionCode>FR</CountryRegionCode><IsOnlyStateProvinceFlag>False</IsOnlyStateProvinceFlag><Name>Mayenne</Name><TerritoryID>7</TerritoryID><ModifiedDate>2008-04-30 00:00:00</ModifiedDate></StateProvince>
<StateProvince><StateProvinceID>140</StateProvinceID><StateProvinceCode>54 </StateProvinceCode><CountryRegionCode>FR</CountryRegionCode><IsOnlyStateProvinceFlag>False</IsOnlyStateProvinceFlag><Name>Meurthe et Moselle</Name><TerritoryID>7</TerritoryID><ModifiedDate>2008-04-30 00:00:00</ModifiedDate></StateProvince>
<StateProvince><StateProvinceID>141</StateProvinceID><StateProvinceCode>55 </StateProvinceCode><CountryRegionCode>FR</CountryRegionCode><IsOnlyStateProvinceFlag>False</IsOnlyStateProvinceFlag><Name>Meuse</Name><TerritoryID>7</TerritoryID><ModifiedDate>2008-04-30 00:00:00</ModifiedDate></StateProvince>
<StateProvince><StateProvinceID>142</StateProvinceID><StateProvinceCode>56 </StateProvinceCode><CountryRegionCode>FR</CountryRegionCode><IsOnlyStateProvinceFlag>False</IsOnlyStateProvinceFlag><Name>Morbihan</Name><TerritoryID>7</TerritoryID><ModifiedDate>2008-04-30 00:00:00</ModifiedDate></StateProvince>
<StateProvince><StateProvinceID>143</StateProvinceID><StateProvinceCode>57 </StateProvinceCode><CountryRegionCode>FR</CountryRegionCode><IsOnlyStateProvinceFlag>False</IsOnlyStateProvinceFlag><Name>Moselle</Name><TerritoryID>7</TerritoryID><ModifiedDate>2008-04-30 00:00:00</ModifiedDate></StateProvince>
<StateProvince><StateProvinceID>144</StateProvinceID><StateProvinceCode>58 </StateProvinceCode><CountryRegionCode>FR</CountryRegionCode><IsOnlyStateProvinceFlag>False</IsOnlyStateProvinceFlag><Name>Ni&#232;vre</Name><TerritoryID>7</TerritoryID><ModifiedDate>2008-04-30 00:00:00</ModifiedDate></StateProvince>
<StateProvince><StateProvinceID>145</StateProvinceID><StateProvinceCode>59 </StateProvinceCode><CountryRegionCode>FR</CountryRegionCode><IsOnlyStateProvinceFlag>False</IsOnlyStateProvinceFlag><Name>Nord</Name><TerritoryID>7</TerritoryID><ModifiedDate>2008-04-30 00:00:00</ModifiedDate></StateProvince>
<StateProvince><StateProvinceID>146</StateProvinceID><StateProvinceCode>60 </StateProvinceCode><CountryRegionCode>FR</CountryRegionCode><IsOnlyStateProvinceFlag>False</IsOnlyStateProvinceFlag><Name>Oise</Name><TerritoryID>7</TerritoryID><ModifiedDate>2008-04-30 00:00:00</ModifiedDate></StateProvince>
<StateProvince><StateProvinceID>147</StateProvinceID><StateProvinceCode>61 </StateProvinceCode><CountryRegionCode>FR</CountryRegionCode><IsOnlyStateProvinceFlag>False</IsOnlyStateProvinceFlag><Name>Orne</Name><TerritoryID>7</TerritoryID><ModifiedDate>2008-04-30 00:00:00</ModifiedDate></StateProvince>
<StateProvince><StateProvinceID>148</StateProvinceID><StateProvinceCode>62 </StateProvinceCode><CountryRegionCode>FR</CountryRegionCode><IsOnlyStateProvinceFlag>False</IsOnlyStateProvinceFlag><Name>Pas de Calais</Name><TerritoryID>7</TerritoryID><ModifiedDate>2008-04-30 00:00:00</ModifiedDate></StateProvince>
<StateProvince><StateProvinceID>149</StateProvinceID><StateProvinceCode>63 </StateProvinceCode><CountryRegionCode>FR</CountryRegionCode><IsOnlyStateProvinceFlag>False</IsOnlyStateProvinceFlag><Name>Puy de D&#244;me</Name><TerritoryID>7</TerritoryID><ModifiedDate>2008-04-30 00:00:00</ModifiedDate></StateProvince>
<StateProvince><StateProvinceID>150</StateProvinceID><StateProvinceCode>64 </StateProvinceCode><CountryRegionCode>FR</CountryRegionCode><IsOnlyStateProvinceFlag>False</IsOnlyStateProvinceFlag><Name>Pyr&#233;n&#233;es Atlantiques</Name><TerritoryID>7</TerritoryID><ModifiedDate>2008-04-30 00:00:00</ModifiedDate></StateProvince>
<StateProvince><StateProvinceID>151</StateProvinceID><StateProvinceCode>65 </StateProvinceCode><CountryRegionCode>FR</CountryRegionCode><IsOnlyStateProvinceFlag>False</IsOnlyStateProvinceFlag><Name>Pyr&#233;n&#233;es (Hautes)</Name><TerritoryID>7</TerritoryID><ModifiedDate>2008-04-30 00:00:00</ModifiedDate></StateProvince>
<StateProvince><StateProvinceID>152</StateProvinceID><StateProvinceCode>66 </StateProvinceCode><CountryRegionCode>FR</CountryRegionCode><IsOnlyStateProvinceFlag>False</IsOnlyStateProvinceFlag><Name>Pyr&#233;n&#233;es Orientales</Name><TerritoryID>7</TerritoryID><ModifiedDate>2008-04-30 00:00:00</ModifiedDate></StateProvince>
<StateProvince><StateProvinceID>153</StateProvinceID><StateProvinceCode>67 </StateProvinceCode><CountryRegionCode>FR</CountryRegionCode><IsOnlyStateProvinceFlag>False</IsOnlyStateProvinceFlag><Name>Rhin (Bas)</Name><TerritoryID>7</TerritoryID><ModifiedDate>2008-04-30 00:00:00</ModifiedDate></StateProvince>
<StateProvince><StateProvinceID>154</StateProvinceID><StateProvinceCode>68 </StateProvinceCode><CountryRegionCode>FR</CountryRegionCode><IsOnlyStateProvinceFlag>False</IsOnlyStateProvinceFlag><Name>Rhin (Haut)</Name><TerritoryID>7</TerritoryID><ModifiedDate>2008-04-30 00:00:00</ModifiedDate></StateProvince>
<StateProvince><StateProvinceID>155</StateProvinceID><StateProvinceCode>69 </StateProvinceCode><CountryRegionCode>FR</CountryRegionCode><IsOnlyStateProvinceFlag>False</IsOnlyStateProvinceFlag><Name>Rh&#244;ne</Name><TerritoryID>7</TerritoryID><ModifiedDate>2008-04-30 00:00:00</ModifiedDate></StateProvince>
<StateProvince><StateProvinceID>156</StateProvinceID><StateProvinceCode>70 </StateProvinceCode><CountryRegionCode>FR</CountryRegionCode><IsOnlyStateProvinceFlag>False</IsOnlyStateProvinceFlag><Name>Sa&#244;ne (Haute)</Name><TerritoryID>7</TerritoryID><ModifiedDate>2008-04-30 00:00:00</ModifiedDate></StateProvince>
<StateProvince><StateProvinceID>157</StateProvinceID><StateProvinceCode>71 </StateProvinceCode><CountryRegionCode>FR</CountryRegionCode><IsOnlyStateProvinceFlag>False</IsOnlyStateProvinceFlag><Name>Sa&#244;ne et Loire</Name><TerritoryID>7</TerritoryID><ModifiedDate>2008-04-30 00:00:00</ModifiedDate></StateProvince>
<StateProvince><StateProvinceID>158</StateProvinceID><StateProvinceCode>72 </StateProvinceCode><CountryRegionCode>FR</CountryRegionCode><IsOnlyStateProvinceFlag>False</IsOnlyStateProvinceFlag><Name>Sarthe</Name><TerritoryID>7</TerritoryID><ModifiedDate>2008-04-30 00:00:00</ModifiedDate></StateProvince>
<StateProvince><StateProvinceID>159</StateProvinceID><StateProvinceCode>73 </StateProvinceCode><CountryRegionCode>FR</CountryRegionCode><IsOnlyStateProvinceFlag>False</IsOnlyStateProvinceFlag><Name>Savoie</Name><TerritoryID>7</TerritoryID><ModifiedDate>2008-04-30 00:00:00</ModifiedDate></StateProvince>
<StateProvince><StateProvinceID>160</StateProvinceID><StateProvinceCode>74 </StateProvinceCode><CountryRegionCode>FR</CountryRegionCode><IsOnlyStateProvinceFlag>False</IsOnlyStateProvinceFlag><Name>Savoie Haute</Name><TerritoryID>7</TerritoryID><ModifiedDate>2008-04-30 00:00:00</ModifiedDate></StateProvince>
<StateProvince><StateProvinceID>161</StateProvinceID><StateProvinceCode>75 </StateProvinceCode><CountryRegionCode>FR</CountryRegionCode><IsOnlyStateProvinceFlag>False</IsOnlyStateProvinceFlag><Name>Seine (Paris)</Name><TerritoryID>7</TerritoryID><ModifiedDate>2008-04-30 00:00:00</ModifiedDate></StateProvince>
<StateProvince><StateProvinceID>162</StateProvinceID><StateProvinceCode>76 </StateProvinceCode><CountryRegionCode>FR</CountryRegionCode><IsOnlyStateProvinceFlag>False</IsOnlyStateProvinceFlag><Name>Seine Maritime</Name><TerritoryID>7</TerritoryID><ModifiedDate>2008-04-30 00:00:00</ModifiedDate></StateProvince>
<StateProvince><StateProvinceID>163</StateProvinceID><StateProvinceCode>77 </StateProvinceCode><CountryRegionCode>FR</CountryRegionCode><IsOnlyStateProvinceFlag>False</IsOnlyStateProvinceFlag><Name>Seine et Marne</Name><TerritoryID>7</TerritoryID><ModifiedDate>2008-04-30 00:00:00</ModifiedDate></StateProvince>
<StateProvince><StateProvinceID>164</StateProvinceID><StateProvinceCode>78 </StateProvinceCode><CountryRegionCode>FR</CountryRegionCode><IsOnlyStateProvinceFlag>False</IsOnlyStateProvinceFlag><Name>Yveline</Name><TerritoryID>7</TerritoryID><ModifiedDate>2008-04-30 00:00:00</ModifiedDate></StateProvince>
<StateProvince><StateProvinceID>165</StateProvinceID><StateProvinceCode>79 </StateProvinceCode><CountryRegionCode>FR</CountryRegionCode><IsOnlyStateProvinceFlag>False</IsOnlyStateProvinceFlag><Name>S&#232;vres (Deux)</Name><TerritoryID>7</TerritoryID><ModifiedDate>2008-04-30 00:00:00</ModifiedDate></StateProvince>
<StateProvince><StateProvinceID>166</StateProvinceID><StateProvinceCode>80 </StateProvinceCode><CountryRegionCode>FR</CountryRegionCode><IsOnlyStateProvinceFlag>False</IsOnlyStateProvinceFlag><Name>Somme</Name><TerritoryID>7</TerritoryID><ModifiedDate>2008-04-30 00:00:00</ModifiedDate></StateProvince>
<StateProvince><StateProvinceID>167</StateProvinceID><StateProvinceCode>81 </StateProvinceCode><CountryRegionCode>FR</CountryRegionCode><IsOnlyStateProvinceFlag>False</IsOnlyStateProvinceFlag><Name>Tarne</Name><TerritoryID>7</TerritoryID><ModifiedDate>2008-04-30 00:00:00</ModifiedDate></StateProvince>
<StateProvince><StateProvinceID>168</StateProvinceID><StateProvinceCode>82 </StateProvinceCode><CountryRegionCode>FR</CountryRegionCode><IsOnlyStateProvinceFlag>False</IsOnlyStateProvinceFlag><Name>Tarne et Garonne</Name><TerritoryID>7</TerritoryID><ModifiedDate>2008-04-30 00:00:00</ModifiedDate></StateProvince>
<StateProvince><StateProvinceID>169</StateProvinceID><StateProvinceCode>83 </StateProvinceCode><CountryRegionCode>FR</CountryRegionCode><IsOnlyStateProvinceFlag>False</IsOnlyStateProvinceFlag><Name>Var</Name><TerritoryID>7</TerritoryID><ModifiedDate>2008-04-30 00:00:00</ModifiedDate></StateProvince>
<StateProvince><StateProvinceID>170</StateProvinceID><StateProvinceCode>84 </StateProvinceCode><CountryRegionCode>FR</CountryRegionCode><IsOnlyStateProvinceFlag>False</IsOnlyStateProvinceFlag><Name>Vaucluse</Name><TerritoryID>7</TerritoryID><ModifiedDate>2008-04-30 00:00:00</ModifiedDate></StateProvince>
<StateProvince><StateProvinceID>171</StateProvinceID><StateProvinceCode>85 </StateProvinceCode><CountryRegionCode>FR</CountryRegionCode><IsOnlyStateProvinceFlag>False</IsOnlyStateProvinceFlag><Name>La Vend&#233;e</Name><TerritoryID>7</TerritoryID><ModifiedDate>2008-04-30 00:00:00</ModifiedDate></StateProvince>
<StateProvince><StateProvinceID>172</StateProvinceID><StateProvinceCode>86 </StateProvinceCode><CountryRegionCode>FR</CountryRegionCode><IsOnlyStateProvinceFlag>False</IsOnlyStateProvinceFlag><Name>Vienne</Name><TerritoryID>7</TerritoryID><ModifiedDate>2008-04-30 00:00:00</ModifiedDate></StateProvince>
<StateProvince><StateProvinceID>173</StateProvinceID><StateProvinceCode>87 </StateProvinceCode><CountryRegionCode>FR</CountryRegionCode><IsOnlyStateProvinceFlag>False</IsOnlyStateProvinceFlag><Name>Vienne (Haute)</Name><TerritoryID>7</TerritoryID><ModifiedDate>2008-04-30 00:00:00</ModifiedDate></StateProvince>
<StateProvince><StateProvinceID>174</StateProvinceID><StateProvinceCode>88 </StateProvinceCode><CountryRegionCode>FR</CountryRegionCode><IsOnlyStateProvinceFlag>False</IsOnlyStateProvinceFlag><Name>Vosges</Name><TerritoryID>7</TerritoryID><ModifiedDate>2008-04-30 00:00:00</ModifiedDate></StateProvince>
<StateProvince><StateProvinceID>175</StateProvinceID><StateProvinceCode>89 </StateProvinceCode><CountryRegionCode>FR</CountryRegionCode><IsOnlyStateProvinceFlag>False</IsOnlyStateProvinceFlag><Name>Yonne</Name><TerritoryID>7</TerritoryID><ModifiedDate>2008-04-30 00:00:00</ModifiedDate></StateProvince>
<StateProvince><StateProvinceID>176</StateProvinceID><StateProvinceCode>90 </StateProvinceCode><CountryRegionCode>FR</CountryRegionCode><IsOnlyStateProvinceFlag>False</IsOnlyStateProvinceFlag><Name>Belford (Territoire de)</Name><TerritoryID>7</TerritoryID><ModifiedDate>2008-04-30 00:00:00</ModifiedDate></StateProvince>
<StateProvince><StateProvinceID>177</StateProvinceID><StateProvinceCode>91 </StateProvinceCode><CountryRegionCode>FR</CountryRegionCode><IsOnlyStateProvinceFlag>False</IsOnlyStateProvinceFlag><Name>Essonne</Name><TerritoryID>7</TerritoryID><ModifiedDate>2008-04-30 00:00:00</ModifiedDate></StateProvince>
<StateProvince><StateProvinceID>178</StateProvinceID><StateProvinceCode>92 </StateProvinceCode><CountryRegionCode>FR</CountryRegionCode><IsOnlyStateProvinceFlag>False</IsOnlyStateProvinceFlag><Name>Hauts de Seine</Name><TerritoryID>7</TerritoryID><ModifiedDate>2008-04-30 00:00:00</ModifiedDate></StateProvince>
<StateProvince><StateProvinceID>179</StateProvinceID><StateProvinceCode>93 </StateProvinceCode><CountryRegionCode>FR</CountryRegionCode><IsOnlyStateProvinceFlag>False</IsOnlyStateProvinceFlag><Name>Seine Saint Denis</Name><TerritoryID>7</TerritoryID><ModifiedDate>2008-04-30 00:00:00</ModifiedDate></StateProvince>
<StateProvince><StateProvinceID>180</StateProvinceID><StateProvinceCode>94 </StateProvinceCode><CountryRegionCode>FR</CountryRegionCode><IsOnlyStateProvinceFlag>False</IsOnlyStateProvinceFlag><Name>Val de Marne</Name><TerritoryID>7</TerritoryID><ModifiedDate>2008-04-30 00:00:00</ModifiedDate></StateProvince>
<StateProvince><StateProvinceID>181</StateProvinceID><StateProvinceCode>95 </StateProvinceCode><CountryRegionCode>FR</CountryRegionCode><IsOnlyStateProvinceFlag>False</IsOnlyStateProvinceFlag><Name>Val d&#39;Oise</Name><TerritoryID>7</TerritoryID><ModifiedDate>2008-04-30 00:00:00</ModifiedDate></StateProvince>
</DataTable>
