<DataTable>
<UnitMeasure><UnitMeasureCode>BOX</UnitMeasureCode><Name>Boxes</Name><ModifiedDate>2008-04-30 00:00:00</ModifiedDate></UnitMeasure>
<UnitMeasure><UnitMeasureCode>BTL</UnitMeasureCode><Name>Bottle</Name><ModifiedDate>2008-04-30 00:00:00</ModifiedDate></UnitMeasure>
<UnitMeasure><UnitMeasureCode>C  </UnitMeasureCode><Name>Celsius</Name><ModifiedDate>2008-04-30 00:00:00</ModifiedDate></UnitMeasure>
<UnitMeasure><UnitMeasureCode>CAN</UnitMeasureCode><Name>Canister</Name><ModifiedDate>2008-04-30 00:00:00</ModifiedDate></UnitMeasure>
<UnitMeasure><UnitMeasureCode>CAR</UnitMeasureCode><Name>Carton</Name><ModifiedDate>2008-04-30 00:00:00</ModifiedDate></UnitMeasure>
<UnitMeasure><UnitMeasureCode>CBM</UnitMeasureCode><Name>Cubic meters</Name><ModifiedDate>2008-04-30 00:00:00</ModifiedDate></UnitMeasure>
<UnitMeasure><UnitMeasureCode>CCM</UnitMeasureCode><Name>Cubic centimeter</Name><ModifiedDate>2008-04-30 00:00:00</ModifiedDate></UnitMeasure>
<UnitMeasure><UnitMeasureCode>CDM</UnitMeasureCode><Name>Cubic decimeter</Name><ModifiedDate>2008-04-30 00:00:00</ModifiedDate></UnitMeasure>
<UnitMeasure><UnitMeasureCode>CM </UnitMeasureCode><Name>Centimeter</Name><ModifiedDate>2008-04-30 00:00:00</ModifiedDate></UnitMeasure>
<UnitMeasure><UnitMeasureCode>CM2</UnitMeasureCode><Name>Square centimeter</Name><ModifiedDate>2008-04-30 00:00:00</ModifiedDate></UnitMeasure>
<UnitMeasure><UnitMeasureCode>CR </UnitMeasureCode><Name>Crate</Name><ModifiedDate>2008-04-30 00:00:00</ModifiedDate></UnitMeasure>
<UnitMeasure><UnitMeasureCode>CS </UnitMeasureCode><Name>Case</Name><ModifiedDate>2008-04-30 00:00:00</ModifiedDate></UnitMeasure>
<UnitMeasure><UnitMeasureCode>CTN</UnitMeasureCode><Name>Container</Name><ModifiedDate>2008-04-30 00:00:00</ModifiedDate></UnitMeasure>
<UnitMeasure><UnitMeasureCode>DM </UnitMeasureCode><Name>Decimeter</Name><ModifiedDate>2008-04-30 00:00:00</ModifiedDate></UnitMeasure>
<UnitMeasure><UnitMeasureCode>DZ </UnitMeasureCode><Name>Dozen</Name><ModifiedDate>2008-04-30 00:00:00</ModifiedDate></UnitMeasure>
<UnitMeasure><UnitMeasureCode>EA </UnitMeasureCode><Name>Each</Name><ModifiedDate>2008-04-30 00:00:00</ModifiedDate></UnitMeasure>
<UnitMeasure><UnitMeasureCode>FT3</UnitMeasureCode><Name>Cubic foot</Name><ModifiedDate>2008-04-30 00:00:00</ModifiedDate></UnitMeasure>
<UnitMeasure><UnitMeasureCode>G  </UnitMeasureCode><Name>Gram</Name><ModifiedDate>2008-04-30 00:00:00</ModifiedDate></UnitMeasure>
<UnitMeasure><UnitMeasureCode>GAL</UnitMeasureCode><Name>Gallon</Name><ModifiedDate>2008-04-30 00:00:00</ModifiedDate></UnitMeasure>
<UnitMeasure><UnitMeasureCode>IN </UnitMeasureCode><Name>Inch</Name><ModifiedDate>2008-04-30 00:00:00</ModifiedDate></UnitMeasure>
<UnitMeasure><UnitMeasureCode>KG </UnitMeasureCode><Name>Kilogram</Name><ModifiedDate>2008-04-30 00:00:00</ModifiedDate></UnitMeasure>
<UnitMeasure><UnitMeasureCode>KGV</UnitMeasureCode><Name>Kilogram/cubic meter</Name><ModifiedDate>2008-04-30 00:00:00</ModifiedDate></UnitMeasure>
<UnitMeasure><UnitMeasureCode>KM </UnitMeasureCode><Name>Kilometer</Name><ModifiedDate>2008-04-30 00:00:00</ModifiedDate></UnitMeasure>
<UnitMeasure><UnitMeasureCode>KT </UnitMeasureCode><Name>Kiloton</Name><ModifiedDate>2008-04-30 00:00:00</ModifiedDate></UnitMeasure>
<UnitMeasure><UnitMeasureCode>L  </UnitMeasureCode><Name>Liter</Name><ModifiedDate>2008-04-30 00:00:00</ModifiedDate></UnitMeasure>
<UnitMeasure><UnitMeasureCode>LB </UnitMeasureCode><Name>US pound</Name><ModifiedDate>2008-04-30 00:00:00</ModifiedDate></UnitMeasure>
<UnitMeasure><UnitMeasureCode>M  </UnitMeasureCode><Name>Meter</Name><ModifiedDate>2008-04-30 00:00:00</ModifiedDate></UnitMeasure>
<UnitMeasure><UnitMeasureCode>M2 </UnitMeasureCode><Name>Square meter</Name><ModifiedDate>2008-04-30 00:00:00</ModifiedDate></UnitMeasure>
<UnitMeasure><UnitMeasureCode>M3 </UnitMeasureCode><Name>Cubic meter</Name><ModifiedDate>2008-04-30 00:00:00</ModifiedDate></UnitMeasure>
<UnitMeasure><UnitMeasureCode>MG </UnitMeasureCode><Name>Milligram</Name><ModifiedDate>2008-04-30 00:00:00</ModifiedDate></UnitMeasure>
<UnitMeasure><UnitMeasureCode>ML </UnitMeasureCode><Name>Milliliter</Name><ModifiedDate>2008-04-30 00:00:00</ModifiedDate></UnitMeasure>
<UnitMeasure><UnitMeasureCode>MM </UnitMeasureCode><Name>Millimeter</Name><ModifiedDate>2008-04-30 00:00:00</ModifiedDate></UnitMeasure>
<UnitMeasure><UnitMeasureCode>OZ </UnitMeasureCode><Name>Ounces</Name><ModifiedDate>2008-04-30 00:00:00</ModifiedDate></UnitMeasure>
<UnitMeasure><UnitMeasureCode>PAK</UnitMeasureCode><Name>Pack</Name><ModifiedDate>2008-04-30 00:00:00</ModifiedDate></UnitMeasure>
<UnitMeasure><UnitMeasureCode>PAL</UnitMeasureCode><Name>Pallet</Name><ModifiedDate>2008-04-30 00:00:00</ModifiedDate></UnitMeasure>
<UnitMeasure><UnitMeasureCode>PC </UnitMeasureCode><Name>Piece</Name><ModifiedDate>2008-04-30 00:00:00</ModifiedDate></UnitMeasure>
<UnitMeasure><UnitMeasureCode>PCT</UnitMeasureCode><Name>Percentage</Name><ModifiedDate>2008-04-30 00:00:00</ModifiedDate></UnitMeasure>
<UnitMeasure><UnitMeasureCode>PT </UnitMeasureCode><Name>Pint, US liquid</Name><ModifiedDate>2008-04-30 00:00:00</ModifiedDate></UnitMeasure>
</DataTable>
