<DataTable>
<EmployeePayHistory><BusinessEntityID>1</BusinessEntityID><RateChangeDate>2009-01-14 00:00:00</RateChangeDate><Rate>125.5000</Rate><PayFrequency>2</PayFrequency><ModifiedDate>2014-06-30 00:00:00</ModifiedDate></EmployeePayHistory>
<EmployeePayHistory><BusinessEntityID>2</BusinessEntityID><RateChangeDate>2008-01-31 00:00:00</RateChangeDate><Rate>63.4615</Rate><PayFrequency>2</PayFrequency><ModifiedDate>2014-06-30 00:00:00</ModifiedDate></EmployeePayHistory>
<EmployeePayHistory><BusinessEntityID>3</BusinessEntityID><RateChangeDate>2007-11-11 00:00:00</RateChangeDate><Rate>43.2692</Rate><PayFrequency>2</PayFrequency><ModifiedDate>2014-06-30 00:00:00</ModifiedDate></EmployeePayHistory>
<EmployeePayHistory><BusinessEntityID>4</BusinessEntityID><RateChangeDate>2007-12-05 00:00:00</RateChangeDate><Rate>8.6200</Rate><PayFrequency>2</PayFrequency><ModifiedDate>2007-11-21 00:00:00</ModifiedDate></EmployeePayHistory>
<EmployeePayHistory><BusinessEntityID>4</BusinessEntityID><RateChangeDate>2010-05-31 00:00:00</RateChangeDate><Rate>23.7200</Rate><PayFrequency>2</PayFrequency><ModifiedDate>2010-05-16 00:00:00</ModifiedDate></EmployeePayHistory>
<EmployeePayHistory><BusinessEntityID>4</BusinessEntityID><RateChangeDate>2011-12-15 00:00:00</RateChangeDate><Rate>29.8462</Rate><PayFrequency>2</PayFrequency><ModifiedDate>2011-12-01 00:00:00</ModifiedDate></EmployeePayHistory>
<EmployeePayHistory><BusinessEntityID>5</BusinessEntityID><RateChangeDate>2008-01-06 00:00:00</RateChangeDate><Rate>32.6923</Rate><PayFrequency>2</PayFrequency><ModifiedDate>2014-06-30 00:00:00</ModifiedDate></EmployeePayHistory>
<EmployeePayHistory><BusinessEntityID>6</BusinessEntityID><RateChangeDate>2008-01-24 00:00:00</RateChangeDate><Rate>32.6923</Rate><PayFrequency>2</PayFrequency><ModifiedDate>2014-06-30 00:00:00</ModifiedDate></EmployeePayHistory>
<EmployeePayHistory><BusinessEntityID>7</BusinessEntityID><RateChangeDate>2009-02-08 00:00:00</RateChangeDate><Rate>50.4808</Rate><PayFrequency>2</PayFrequency><ModifiedDate>2014-06-30 00:00:00</ModifiedDate></EmployeePayHistory>
<EmployeePayHistory><BusinessEntityID>8</BusinessEntityID><RateChangeDate>2008-12-29 00:00:00</RateChangeDate><Rate>40.8654</Rate><PayFrequency>2</PayFrequency><ModifiedDate>2014-06-30 00:00:00</ModifiedDate></EmployeePayHistory>
<EmployeePayHistory><BusinessEntityID>9</BusinessEntityID><RateChangeDate>2009-01-16 00:00:00</RateChangeDate><Rate>40.8654</Rate><PayFrequency>2</PayFrequency><ModifiedDate>2014-06-30 00:00:00</ModifiedDate></EmployeePayHistory>
<EmployeePayHistory><BusinessEntityID>10</BusinessEntityID><RateChangeDate>2009-05-03 00:00:00</RateChangeDate><Rate>42.4808</Rate><PayFrequency>2</PayFrequency><ModifiedDate>2014-06-30 00:00:00</ModifiedDate></EmployeePayHistory>
<EmployeePayHistory><BusinessEntityID>11</BusinessEntityID><RateChangeDate>2010-12-05 00:00:00</RateChangeDate><Rate>28.8462</Rate><PayFrequency>2</PayFrequency><ModifiedDate>2014-06-30 00:00:00</ModifiedDate></EmployeePayHistory>
<EmployeePayHistory><BusinessEntityID>12</BusinessEntityID><RateChangeDate>2007-12-11 00:00:00</RateChangeDate><Rate>25.0000</Rate><PayFrequency>2</PayFrequency><ModifiedDate>2014-06-30 00:00:00</ModifiedDate></EmployeePayHistory>
<EmployeePayHistory><BusinessEntityID>13</BusinessEntityID><RateChangeDate>2010-12-23 00:00:00</RateChangeDate><Rate>25.0000</Rate><PayFrequency>2</PayFrequency><ModifiedDate>2014-06-30 00:00:00</ModifiedDate></EmployeePayHistory>
<EmployeePayHistory><BusinessEntityID>14</BusinessEntityID><RateChangeDate>2010-12-30 00:00:00</RateChangeDate><Rate>36.0577</Rate><PayFrequency>2</PayFrequency><ModifiedDate>2014-06-30 00:00:00</ModifiedDate></EmployeePayHistory>
<EmployeePayHistory><BusinessEntityID>15</BusinessEntityID><RateChangeDate>2011-01-18 00:00:00</RateChangeDate><Rate>32.6923</Rate><PayFrequency>2</PayFrequency><ModifiedDate>2014-06-30 00:00:00</ModifiedDate></EmployeePayHistory>
<EmployeePayHistory><BusinessEntityID>16</BusinessEntityID><RateChangeDate>2007-12-20 00:00:00</RateChangeDate><Rate>24.0000</Rate><PayFrequency>2</PayFrequency><ModifiedDate>2007-12-06 00:00:00</ModifiedDate></EmployeePayHistory>
<EmployeePayHistory><BusinessEntityID>16</BusinessEntityID><RateChangeDate>2009-07-15 00:00:00</RateChangeDate><Rate>28.7500</Rate><PayFrequency>2</PayFrequency><ModifiedDate>2009-07-01 00:00:00</ModifiedDate></EmployeePayHistory>
<EmployeePayHistory><BusinessEntityID>16</BusinessEntityID><RateChangeDate>2012-04-30 00:00:00</RateChangeDate><Rate>37.5000</Rate><PayFrequency>2</PayFrequency><ModifiedDate>2012-04-16 00:00:00</ModifiedDate></EmployeePayHistory>
<EmployeePayHistory><BusinessEntityID>17</BusinessEntityID><RateChangeDate>2007-01-26 00:00:00</RateChangeDate><Rate>13.4615</Rate><PayFrequency>2</PayFrequency><ModifiedDate>2014-06-30 00:00:00</ModifiedDate></EmployeePayHistory>
<EmployeePayHistory><BusinessEntityID>18</BusinessEntityID><RateChangeDate>2011-02-07 00:00:00</RateChangeDate><Rate>14.4231</Rate><PayFrequency>2</PayFrequency><ModifiedDate>2014-06-30 00:00:00</ModifiedDate></EmployeePayHistory>
<EmployeePayHistory><BusinessEntityID>19</BusinessEntityID><RateChangeDate>2011-02-14 00:00:00</RateChangeDate><Rate>13.4615</Rate><PayFrequency>2</PayFrequency><ModifiedDate>2014-06-30 00:00:00</ModifiedDate></EmployeePayHistory>
<EmployeePayHistory><BusinessEntityID>20</BusinessEntityID><RateChangeDate>2011-01-07 00:00:00</RateChangeDate><Rate>13.4615</Rate><PayFrequency>2</PayFrequency><ModifiedDate>2014-06-30 00:00:00</ModifiedDate></EmployeePayHistory>
<EmployeePayHistory><BusinessEntityID>21</BusinessEntityID><RateChangeDate>2009-03-02 00:00:00</RateChangeDate><Rate>14.4231</Rate><PayFrequency>2</PayFrequency><ModifiedDate>2014-06-30 00:00:00</ModifiedDate></EmployeePayHistory>
<EmployeePayHistory><BusinessEntityID>22</BusinessEntityID><RateChangeDate>2008-12-12 00:00:00</RateChangeDate><Rate>14.4231</Rate><PayFrequency>2</PayFrequency><ModifiedDate>2014-06-30 00:00:00</ModifiedDate></EmployeePayHistory>
<EmployeePayHistory><BusinessEntityID>23</BusinessEntityID><RateChangeDate>2009-01-12 00:00:00</RateChangeDate><Rate>14.4231</Rate><PayFrequency>2</PayFrequency><ModifiedDate>2014-06-30 00:00:00</ModifiedDate></EmployeePayHistory>
<EmployeePayHistory><BusinessEntityID>24</BusinessEntityID><RateChangeDate>2009-01-18 00:00:00</RateChangeDate><Rate>14.4231</Rate><PayFrequency>2</PayFrequency><ModifiedDate>2014-06-30 00:00:00</ModifiedDate></EmployeePayHistory>
<EmployeePayHistory><BusinessEntityID>25</BusinessEntityID><RateChangeDate>2009-02-03 00:00:00</RateChangeDate><Rate>84.1346</Rate><PayFrequency>2</PayFrequency><ModifiedDate>2014-06-30 00:00:00</ModifiedDate></EmployeePayHistory>
<EmployeePayHistory><BusinessEntityID>26</BusinessEntityID><RateChangeDate>2008-12-01 00:00:00</RateChangeDate><Rate>24.5192</Rate><PayFrequency>2</PayFrequency><ModifiedDate>2014-06-30 00:00:00</ModifiedDate></EmployeePayHistory>
<EmployeePayHistory><BusinessEntityID>27</BusinessEntityID><RateChangeDate>2008-02-27 00:00:00</RateChangeDate><Rate>25.0000</Rate><PayFrequency>2</PayFrequency><ModifiedDate>2014-06-30 00:00:00</ModifiedDate></EmployeePayHistory>
<EmployeePayHistory><BusinessEntityID>28</BusinessEntityID><RateChangeDate>2006-06-30 00:00:00</RateChangeDate><Rate>12.4500</Rate><PayFrequency>1</PayFrequency><ModifiedDate>2014-06-30 00:00:00</ModifiedDate></EmployeePayHistory>
<EmployeePayHistory><BusinessEntityID>29</BusinessEntityID><RateChangeDate>2009-01-23 00:00:00</RateChangeDate><Rate>12.4500</Rate><PayFrequency>1</PayFrequency><ModifiedDate>2014-06-30 00:00:00</ModifiedDate></EmployeePayHistory>
<EmployeePayHistory><BusinessEntityID>30</BusinessEntityID><RateChangeDate>2009-01-29 00:00:00</RateChangeDate><Rate>12.4500</Rate><PayFrequency>1</PayFrequency><ModifiedDate>2014-06-30 00:00:00</ModifiedDate></EmployeePayHistory>
<EmployeePayHistory><BusinessEntityID>31</BusinessEntityID><RateChangeDate>2009-01-04 00:00:00</RateChangeDate><Rate>12.4500</Rate><PayFrequency>1</PayFrequency><ModifiedDate>2014-06-30 00:00:00</ModifiedDate></EmployeePayHistory>
<EmployeePayHistory><BusinessEntityID>32</BusinessEntityID><RateChangeDate>2008-12-29 00:00:00</RateChangeDate><Rate>12.4500</Rate><PayFrequency>1</PayFrequency><ModifiedDate>2014-06-30 00:00:00</ModifiedDate></EmployeePayHistory>
<EmployeePayHistory><BusinessEntityID>33</BusinessEntityID><RateChangeDate>2008-12-17 00:00:00</RateChangeDate><Rate>12.4500</Rate><PayFrequency>1</PayFrequency><ModifiedDate>2014-06-30 00:00:00</ModifiedDate></EmployeePayHistory>
<EmployeePayHistory><BusinessEntityID>34</BusinessEntityID><RateChangeDate>2009-02-16 00:00:00</RateChangeDate><Rate>12.4500</Rate><PayFrequency>1</PayFrequency><ModifiedDate>2014-06-30 00:00:00</ModifiedDate></EmployeePayHistory>
<EmployeePayHistory><BusinessEntityID>35</BusinessEntityID><RateChangeDate>2009-02-08 00:00:00</RateChangeDate><Rate>12.4500</Rate><PayFrequency>1</PayFrequency><ModifiedDate>2014-06-30 00:00:00</ModifiedDate></EmployeePayHistory>
<EmployeePayHistory><BusinessEntityID>36</BusinessEntityID><RateChangeDate>2009-02-10 00:00:00</RateChangeDate><Rate>12.4500</Rate><PayFrequency>1</PayFrequency><ModifiedDate>2014-06-30 00:00:00</ModifiedDate></EmployeePayHistory>
<EmployeePayHistory><BusinessEntityID>37</BusinessEntityID><RateChangeDate>2009-03-07 00:00:00</RateChangeDate><Rate>12.4500</Rate><PayFrequency>1</PayFrequency><ModifiedDate>2014-06-30 00:00:00</ModifiedDate></EmployeePayHistory>
<EmployeePayHistory><BusinessEntityID>38</BusinessEntityID><RateChangeDate>2010-01-16 00:00:00</RateChangeDate><Rate>12.4500</Rate><PayFrequency>1</PayFrequency><ModifiedDate>2014-06-30 00:00:00</ModifiedDate></EmployeePayHistory>
<EmployeePayHistory><BusinessEntityID>39</BusinessEntityID><RateChangeDate>2010-02-05 00:00:00</RateChangeDate><Rate>12.4500</Rate><PayFrequency>1</PayFrequency><ModifiedDate>2014-06-30 00:00:00</ModifiedDate></EmployeePayHistory>
<EmployeePayHistory><BusinessEntityID>40</BusinessEntityID><RateChangeDate>2007-12-26 00:00:00</RateChangeDate><Rate>25.0000</Rate><PayFrequency>2</PayFrequency><ModifiedDate>2014-06-30 00:00:00</ModifiedDate></EmployeePayHistory>
<EmployeePayHistory><BusinessEntityID>41</BusinessEntityID><RateChangeDate>2009-01-21 00:00:00</RateChangeDate><Rate>12.4500</Rate><PayFrequency>1</PayFrequency><ModifiedDate>2014-06-30 00:00:00</ModifiedDate></EmployeePayHistory>
<EmployeePayHistory><BusinessEntityID>42</BusinessEntityID><RateChangeDate>2008-12-27 00:00:00</RateChangeDate><Rate>12.4500</Rate><PayFrequency>1</PayFrequency><ModifiedDate>2014-06-30 00:00:00</ModifiedDate></EmployeePayHistory>
<EmployeePayHistory><BusinessEntityID>43</BusinessEntityID><RateChangeDate>2009-01-02 00:00:00</RateChangeDate><Rate>12.4500</Rate><PayFrequency>1</PayFrequency><ModifiedDate>2014-06-30 00:00:00</ModifiedDate></EmployeePayHistory>
<EmployeePayHistory><BusinessEntityID>44</BusinessEntityID><RateChangeDate>2008-12-08 00:00:00</RateChangeDate><Rate>12.4500</Rate><PayFrequency>1</PayFrequency><ModifiedDate>2014-06-30 00:00:00</ModifiedDate></EmployeePayHistory>
<EmployeePayHistory><BusinessEntityID>45</BusinessEntityID><RateChangeDate>2009-02-26 00:00:00</RateChangeDate><Rate>12.4500</Rate><PayFrequency>1</PayFrequency><ModifiedDate>2014-06-30 00:00:00</ModifiedDate></EmployeePayHistory>
<EmployeePayHistory><BusinessEntityID>46</BusinessEntityID><RateChangeDate>2009-02-08 00:00:00</RateChangeDate><Rate>12.4500</Rate><PayFrequency>1</PayFrequency><ModifiedDate>2014-06-30 00:00:00</ModifiedDate></EmployeePayHistory>
<EmployeePayHistory><BusinessEntityID>47</BusinessEntityID><RateChangeDate>2009-02-22 00:00:00</RateChangeDate><Rate>25.0000</Rate><PayFrequency>2</PayFrequency><ModifiedDate>2014-06-30 00:00:00</ModifiedDate></EmployeePayHistory>
<EmployeePayHistory><BusinessEntityID>48</BusinessEntityID><RateChangeDate>2008-01-06 00:00:00</RateChangeDate><Rate>13.4500</Rate><PayFrequency>1</PayFrequency><ModifiedDate>2014-06-30 00:00:00</ModifiedDate></EmployeePayHistory>
<EmployeePayHistory><BusinessEntityID>49</BusinessEntityID><RateChangeDate>2008-01-07 00:00:00</RateChangeDate><Rate>13.4500</Rate><PayFrequency>1</PayFrequency><ModifiedDate>2014-06-30 00:00:00</ModifiedDate></EmployeePayHistory>
<EmployeePayHistory><BusinessEntityID>50</BusinessEntityID><RateChangeDate>2008-02-02 00:00:00</RateChangeDate><Rate>13.4500</Rate><PayFrequency>1</PayFrequency><ModifiedDate>2014-06-30 00:00:00</ModifiedDate></EmployeePayHistory>
<EmployeePayHistory><BusinessEntityID>51</BusinessEntityID><RateChangeDate>2008-02-20 00:00:00</RateChangeDate><Rate>13.4500</Rate><PayFrequency>1</PayFrequency><ModifiedDate>2014-06-30 00:00:00</ModifiedDate></EmployeePayHistory>
<EmployeePayHistory><BusinessEntityID>52</BusinessEntityID><RateChangeDate>2008-03-10 00:00:00</RateChangeDate><Rate>13.4500</Rate><PayFrequency>1</PayFrequency><ModifiedDate>2014-06-30 00:00:00</ModifiedDate></EmployeePayHistory>
<EmployeePayHistory><BusinessEntityID>53</BusinessEntityID><RateChangeDate>2008-03-28 00:00:00</RateChangeDate><Rate>13.4500</Rate><PayFrequency>1</PayFrequency><ModifiedDate>2014-06-30 00:00:00</ModifiedDate></EmployeePayHistory>
<EmployeePayHistory><BusinessEntityID>54</BusinessEntityID><RateChangeDate>2010-01-01 00:00:00</RateChangeDate><Rate>13.4500</Rate><PayFrequency>1</PayFrequency><ModifiedDate>2014-06-30 00:00:00</ModifiedDate></EmployeePayHistory>
<EmployeePayHistory><BusinessEntityID>55</BusinessEntityID><RateChangeDate>2008-02-08 00:00:00</RateChangeDate><Rate>25.0000</Rate><PayFrequency>2</PayFrequency><ModifiedDate>2014-06-30 00:00:00</ModifiedDate></EmployeePayHistory>
<EmployeePayHistory><BusinessEntityID>56</BusinessEntityID><RateChangeDate>2009-02-05 00:00:00</RateChangeDate><Rate>11.0000</Rate><PayFrequency>1</PayFrequency><ModifiedDate>2014-06-30 00:00:00</ModifiedDate></EmployeePayHistory>
<EmployeePayHistory><BusinessEntityID>57</BusinessEntityID><RateChangeDate>2009-02-23 00:00:00</RateChangeDate><Rate>11.0000</Rate><PayFrequency>1</PayFrequency><ModifiedDate>2014-06-30 00:00:00</ModifiedDate></EmployeePayHistory>
<EmployeePayHistory><BusinessEntityID>58</BusinessEntityID><RateChangeDate>2008-12-05 00:00:00</RateChangeDate><Rate>11.0000</Rate><PayFrequency>1</PayFrequency><ModifiedDate>2014-06-30 00:00:00</ModifiedDate></EmployeePayHistory>
<EmployeePayHistory><BusinessEntityID>59</BusinessEntityID><RateChangeDate>2008-12-24 00:00:00</RateChangeDate><Rate>11.0000</Rate><PayFrequency>1</PayFrequency><ModifiedDate>2014-06-30 00:00:00</ModifiedDate></EmployeePayHistory>
<EmployeePayHistory><BusinessEntityID>60</BusinessEntityID><RateChangeDate>2009-01-11 00:00:00</RateChangeDate><Rate>11.0000</Rate><PayFrequency>1</PayFrequency><ModifiedDate>2014-06-30 00:00:00</ModifiedDate></EmployeePayHistory>
<EmployeePayHistory><BusinessEntityID>61</BusinessEntityID><RateChangeDate>2009-01-18 00:00:00</RateChangeDate><Rate>11.0000</Rate><PayFrequency>1</PayFrequency><ModifiedDate>2014-06-30 00:00:00</ModifiedDate></EmployeePayHistory>
<EmployeePayHistory><BusinessEntityID>62</BusinessEntityID><RateChangeDate>2008-03-17 00:00:00</RateChangeDate><Rate>25.0000</Rate><PayFrequency>2</PayFrequency><ModifiedDate>2014-06-30 00:00:00</ModifiedDate></EmployeePayHistory>
<EmployeePayHistory><BusinessEntityID>63</BusinessEntityID><RateChangeDate>2010-01-29 00:00:00</RateChangeDate><Rate>12.4500</Rate><PayFrequency>1</PayFrequency><ModifiedDate>2014-06-30 00:00:00</ModifiedDate></EmployeePayHistory>
<EmployeePayHistory><BusinessEntityID>64</BusinessEntityID><RateChangeDate>2010-02-23 00:00:00</RateChangeDate><Rate>12.4500</Rate><PayFrequency>1</PayFrequency><ModifiedDate>2014-06-30 00:00:00</ModifiedDate></EmployeePayHistory>
<EmployeePayHistory><BusinessEntityID>65</BusinessEntityID><RateChangeDate>2010-02-23 00:00:00</RateChangeDate><Rate>12.4500</Rate><PayFrequency>1</PayFrequency><ModifiedDate>2014-06-30 00:00:00</ModifiedDate></EmployeePayHistory>
<EmployeePayHistory><BusinessEntityID>66</BusinessEntityID><RateChangeDate>2009-12-22 00:00:00</RateChangeDate><Rate>12.4500</Rate><PayFrequency>1</PayFrequency><ModifiedDate>2014-06-30 00:00:00</ModifiedDate></EmployeePayHistory>
<EmployeePayHistory><BusinessEntityID>67</BusinessEntityID><RateChangeDate>2009-03-05 00:00:00</RateChangeDate><Rate>12.4500</Rate><PayFrequency>1</PayFrequency><ModifiedDate>2014-06-30 00:00:00</ModifiedDate></EmployeePayHistory>
<EmployeePayHistory><BusinessEntityID>68</BusinessEntityID><RateChangeDate>2009-12-03 00:00:00</RateChangeDate><Rate>12.4500</Rate><PayFrequency>1</PayFrequency><ModifiedDate>2014-06-30 00:00:00</ModifiedDate></EmployeePayHistory>
<EmployeePayHistory><BusinessEntityID>69</BusinessEntityID><RateChangeDate>2009-02-15 00:00:00</RateChangeDate><Rate>12.4500</Rate><PayFrequency>1</PayFrequency><ModifiedDate>2014-06-30 00:00:00</ModifiedDate></EmployeePayHistory>
<EmployeePayHistory><BusinessEntityID>70</BusinessEntityID><RateChangeDate>2008-12-15 00:00:00</RateChangeDate><Rate>12.4500</Rate><PayFrequency>1</PayFrequency><ModifiedDate>2014-06-30 00:00:00</ModifiedDate></EmployeePayHistory>
<EmployeePayHistory><BusinessEntityID>71</BusinessEntityID><RateChangeDate>2009-02-15 00:00:00</RateChangeDate><Rate>25.0000</Rate><PayFrequency>2</PayFrequency><ModifiedDate>2014-06-30 00:00:00</ModifiedDate></EmployeePayHistory>
<EmployeePayHistory><BusinessEntityID>72</BusinessEntityID><RateChangeDate>2008-12-01 00:00:00</RateChangeDate><Rate>9.5000</Rate><PayFrequency>1</PayFrequency><ModifiedDate>2014-06-30 00:00:00</ModifiedDate></EmployeePayHistory>
<EmployeePayHistory><BusinessEntityID>73</BusinessEntityID><RateChangeDate>2008-12-19 00:00:00</RateChangeDate><Rate>9.5000</Rate><PayFrequency>1</PayFrequency><ModifiedDate>2014-06-30 00:00:00</ModifiedDate></EmployeePayHistory>
<EmployeePayHistory><BusinessEntityID>74</BusinessEntityID><RateChangeDate>2009-01-07 00:00:00</RateChangeDate><Rate>9.5000</Rate><PayFrequency>1</PayFrequency><ModifiedDate>2014-06-30 00:00:00</ModifiedDate></EmployeePayHistory>
<EmployeePayHistory><BusinessEntityID>75</BusinessEntityID><RateChangeDate>2009-01-26 00:00:00</RateChangeDate><Rate>9.5000</Rate><PayFrequency>1</PayFrequency><ModifiedDate>2014-06-30 00:00:00</ModifiedDate></EmployeePayHistory>
<EmployeePayHistory><BusinessEntityID>76</BusinessEntityID><RateChangeDate>2009-02-12 00:00:00</RateChangeDate><Rate>9.5000</Rate><PayFrequency>1</PayFrequency><ModifiedDate>2014-06-30 00:00:00</ModifiedDate></EmployeePayHistory>
<EmployeePayHistory><BusinessEntityID>77</BusinessEntityID><RateChangeDate>2009-03-03 00:00:00</RateChangeDate><Rate>9.5000</Rate><PayFrequency>1</PayFrequency><ModifiedDate>2014-06-30 00:00:00</ModifiedDate></EmployeePayHistory>
<EmployeePayHistory><BusinessEntityID>78</BusinessEntityID><RateChangeDate>2008-12-15 00:00:00</RateChangeDate><Rate>25.0000</Rate><PayFrequency>2</PayFrequency><ModifiedDate>2014-06-30 00:00:00</ModifiedDate></EmployeePayHistory>
<EmployeePayHistory><BusinessEntityID>79</BusinessEntityID><RateChangeDate>2010-01-24 00:00:00</RateChangeDate><Rate>15.0000</Rate><PayFrequency>1</PayFrequency><ModifiedDate>2014-06-30 00:00:00</ModifiedDate></EmployeePayHistory>
<EmployeePayHistory><BusinessEntityID>80</BusinessEntityID><RateChangeDate>2010-01-17 00:00:00</RateChangeDate><Rate>15.0000</Rate><PayFrequency>1</PayFrequency><ModifiedDate>2014-06-30 00:00:00</ModifiedDate></EmployeePayHistory>
<EmployeePayHistory><BusinessEntityID>81</BusinessEntityID><RateChangeDate>2009-12-29 00:00:00</RateChangeDate><Rate>15.0000</Rate><PayFrequency>1</PayFrequency><ModifiedDate>2014-06-30 00:00:00</ModifiedDate></EmployeePayHistory>
<EmployeePayHistory><BusinessEntityID>82</BusinessEntityID><RateChangeDate>2010-03-03 00:00:00</RateChangeDate><Rate>15.0000</Rate><PayFrequency>1</PayFrequency><ModifiedDate>2014-06-30 00:00:00</ModifiedDate></EmployeePayHistory>
<EmployeePayHistory><BusinessEntityID>83</BusinessEntityID><RateChangeDate>2010-02-12 00:00:00</RateChangeDate><Rate>15.0000</Rate><PayFrequency>1</PayFrequency><ModifiedDate>2014-06-30 00:00:00</ModifiedDate></EmployeePayHistory>
<EmployeePayHistory><BusinessEntityID>84</BusinessEntityID><RateChangeDate>2010-02-05 00:00:00</RateChangeDate><Rate>15.0000</Rate><PayFrequency>1</PayFrequency><ModifiedDate>2014-06-30 00:00:00</ModifiedDate></EmployeePayHistory>
<EmployeePayHistory><BusinessEntityID>85</BusinessEntityID><RateChangeDate>2009-12-11 00:00:00</RateChangeDate><Rate>15.0000</Rate><PayFrequency>1</PayFrequency><ModifiedDate>2014-06-30 00:00:00</ModifiedDate></EmployeePayHistory>
<EmployeePayHistory><BusinessEntityID>86</BusinessEntityID><RateChangeDate>2009-01-05 00:00:00</RateChangeDate><Rate>15.0000</Rate><PayFrequency>1</PayFrequency><ModifiedDate>2014-06-30 00:00:00</ModifiedDate></EmployeePayHistory>
<EmployeePayHistory><BusinessEntityID>87</BusinessEntityID><RateChangeDate>2008-12-22 00:00:00</RateChangeDate><Rate>25.0000</Rate><PayFrequency>2</PayFrequency><ModifiedDate>2014-06-30 00:00:00</ModifiedDate></EmployeePayHistory>
<EmployeePayHistory><BusinessEntityID>88</BusinessEntityID><RateChangeDate>2009-12-18 00:00:00</RateChangeDate><Rate>13.4500</Rate><PayFrequency>1</PayFrequency><ModifiedDate>2014-06-30 00:00:00</ModifiedDate></EmployeePayHistory>
<EmployeePayHistory><BusinessEntityID>89</BusinessEntityID><RateChangeDate>2010-02-01 00:00:00</RateChangeDate><Rate>13.4500</Rate><PayFrequency>1</PayFrequency><ModifiedDate>2014-06-30 00:00:00</ModifiedDate></EmployeePayHistory>
<EmployeePayHistory><BusinessEntityID>90</BusinessEntityID><RateChangeDate>2010-02-20 00:00:00</RateChangeDate><Rate>13.4500</Rate><PayFrequency>1</PayFrequency><ModifiedDate>2014-06-30 00:00:00</ModifiedDate></EmployeePayHistory>
<EmployeePayHistory><BusinessEntityID>91</BusinessEntityID><RateChangeDate>2010-01-12 00:00:00</RateChangeDate><Rate>13.4500</Rate><PayFrequency>1</PayFrequency><ModifiedDate>2014-06-30 00:00:00</ModifiedDate></EmployeePayHistory>
<EmployeePayHistory><BusinessEntityID>92</BusinessEntityID><RateChangeDate>2010-03-10 00:00:00</RateChangeDate><Rate>13.4500</Rate><PayFrequency>1</PayFrequency><ModifiedDate>2014-06-30 00:00:00</ModifiedDate></EmployeePayHistory>
<EmployeePayHistory><BusinessEntityID>93</BusinessEntityID><RateChangeDate>2008-12-27 00:00:00</RateChangeDate><Rate>25.0000</Rate><PayFrequency>2</PayFrequency><ModifiedDate>2014-06-30 00:00:00</ModifiedDate></EmployeePayHistory>
<EmployeePayHistory><BusinessEntityID>94</BusinessEntityID><RateChangeDate>2008-12-12 00:00:00</RateChangeDate><Rate>11.0000</Rate><PayFrequency>1</PayFrequency><ModifiedDate>2014-06-30 00:00:00</ModifiedDate></EmployeePayHistory>
<EmployeePayHistory><BusinessEntityID>95</BusinessEntityID><RateChangeDate>2008-12-19 00:00:00</RateChangeDate><Rate>11.0000</Rate><PayFrequency>1</PayFrequency><ModifiedDate>2014-06-30 00:00:00</ModifiedDate></EmployeePayHistory>
<EmployeePayHistory><BusinessEntityID>96</BusinessEntityID><RateChangeDate>2009-03-02 00:00:00</RateChangeDate><Rate>11.0000</Rate><PayFrequency>1</PayFrequency><ModifiedDate>2014-06-30 00:00:00</ModifiedDate></EmployeePayHistory>
<EmployeePayHistory><BusinessEntityID>97</BusinessEntityID><RateChangeDate>2009-02-10 00:00:00</RateChangeDate><Rate>11.0000</Rate><PayFrequency>1</PayFrequency><ModifiedDate>2014-06-30 00:00:00</ModifiedDate></EmployeePayHistory>
<EmployeePayHistory><BusinessEntityID>98</BusinessEntityID><RateChangeDate>2009-02-11 00:00:00</RateChangeDate><Rate>11.0000</Rate><PayFrequency>1</PayFrequency><ModifiedDate>2014-06-30 00:00:00</ModifiedDate></EmployeePayHistory>
<EmployeePayHistory><BusinessEntityID>99</BusinessEntityID><RateChangeDate>2009-01-06 00:00:00</RateChangeDate><Rate>11.0000</Rate><PayFrequency>1</PayFrequency><ModifiedDate>2014-06-30 00:00:00</ModifiedDate></EmployeePayHistory>
<EmployeePayHistory><BusinessEntityID>100</BusinessEntityID><RateChangeDate>2009-01-12 00:00:00</RateChangeDate><Rate>11.0000</Rate><PayFrequency>1</PayFrequency><ModifiedDate>2014-06-30 00:00:00</ModifiedDate></EmployeePayHistory>
<EmployeePayHistory><BusinessEntityID>101</BusinessEntityID><RateChangeDate>2009-01-25 00:00:00</RateChangeDate><Rate>11.0000</Rate><PayFrequency>1</PayFrequency><ModifiedDate>2014-06-30 00:00:00</ModifiedDate></EmployeePayHistory>
<EmployeePayHistory><BusinessEntityID>102</BusinessEntityID><RateChangeDate>2008-12-03 00:00:00</RateChangeDate><Rate>25.0000</Rate><PayFrequency>2</PayFrequency><ModifiedDate>2014-06-30 00:00:00</ModifiedDate></EmployeePayHistory>
<EmployeePayHistory><BusinessEntityID>103</BusinessEntityID><RateChangeDate>2009-12-06 00:00:00</RateChangeDate><Rate>13.4500</Rate><PayFrequency>1</PayFrequency><ModifiedDate>2014-06-30 00:00:00</ModifiedDate></EmployeePayHistory>
<EmployeePayHistory><BusinessEntityID>104</BusinessEntityID><RateChangeDate>2009-12-25 00:00:00</RateChangeDate><Rate>13.4500</Rate><PayFrequency>1</PayFrequency><ModifiedDate>2014-06-30 00:00:00</ModifiedDate></EmployeePayHistory>
<EmployeePayHistory><BusinessEntityID>105</BusinessEntityID><RateChangeDate>2009-12-25 00:00:00</RateChangeDate><Rate>13.4500</Rate><PayFrequency>1</PayFrequency><ModifiedDate>2014-06-30 00:00:00</ModifiedDate></EmployeePayHistory>
<EmployeePayHistory><BusinessEntityID>106</BusinessEntityID><RateChangeDate>2010-02-27 00:00:00</RateChangeDate><Rate>13.4500</Rate><PayFrequency>1</PayFrequency><ModifiedDate>2014-06-30 00:00:00</ModifiedDate></EmployeePayHistory>
<EmployeePayHistory><BusinessEntityID>107</BusinessEntityID><RateChangeDate>2010-02-08 00:00:00</RateChangeDate><Rate>13.4500</Rate><PayFrequency>1</PayFrequency><ModifiedDate>2014-06-30 00:00:00</ModifiedDate></EmployeePayHistory>
<EmployeePayHistory><BusinessEntityID>108</BusinessEntityID><RateChangeDate>2008-12-08 00:00:00</RateChangeDate><Rate>25.0000</Rate><PayFrequency>2</PayFrequency><ModifiedDate>2014-06-30 00:00:00</ModifiedDate></EmployeePayHistory>
<EmployeePayHistory><BusinessEntityID>109</BusinessEntityID><RateChangeDate>2008-12-07 00:00:00</RateChangeDate><Rate>11.0000</Rate><PayFrequency>1</PayFrequency><ModifiedDate>2014-06-30 00:00:00</ModifiedDate></EmployeePayHistory>
<EmployeePayHistory><BusinessEntityID>110</BusinessEntityID><RateChangeDate>2008-12-14 00:00:00</RateChangeDate><Rate>11.0000</Rate><PayFrequency>1</PayFrequency><ModifiedDate>2014-06-30 00:00:00</ModifiedDate></EmployeePayHistory>
<EmployeePayHistory><BusinessEntityID>111</BusinessEntityID><RateChangeDate>2008-12-17 00:00:00</RateChangeDate><Rate>11.0000</Rate><PayFrequency>1</PayFrequency><ModifiedDate>2014-06-30 00:00:00</ModifiedDate></EmployeePayHistory>
<EmployeePayHistory><BusinessEntityID>112</BusinessEntityID><RateChangeDate>2009-01-01 00:00:00</RateChangeDate><Rate>11.0000</Rate><PayFrequency>1</PayFrequency><ModifiedDate>2014-06-30 00:00:00</ModifiedDate></EmployeePayHistory>
<EmployeePayHistory><BusinessEntityID>113</BusinessEntityID><RateChangeDate>2008-12-25 00:00:00</RateChangeDate><Rate>11.0000</Rate><PayFrequency>1</PayFrequency><ModifiedDate>2014-06-30 00:00:00</ModifiedDate></EmployeePayHistory>
<EmployeePayHistory><BusinessEntityID>114</BusinessEntityID><RateChangeDate>2009-01-13 00:00:00</RateChangeDate><Rate>11.0000</Rate><PayFrequency>1</PayFrequency><ModifiedDate>2014-06-30 00:00:00</ModifiedDate></EmployeePayHistory>
<EmployeePayHistory><BusinessEntityID>115</BusinessEntityID><RateChangeDate>2009-01-20 00:00:00</RateChangeDate><Rate>11.0000</Rate><PayFrequency>1</PayFrequency><ModifiedDate>2014-06-30 00:00:00</ModifiedDate></EmployeePayHistory>
<EmployeePayHistory><BusinessEntityID>116</BusinessEntityID><RateChangeDate>2009-01-31 00:00:00</RateChangeDate><Rate>11.0000</Rate><PayFrequency>1</PayFrequency><ModifiedDate>2014-06-30 00:00:00</ModifiedDate></EmployeePayHistory>
<EmployeePayHistory><BusinessEntityID>117</BusinessEntityID><RateChangeDate>2009-02-18 00:00:00</RateChangeDate><Rate>11.0000</Rate><PayFrequency>1</PayFrequency><ModifiedDate>2014-06-30 00:00:00</ModifiedDate></EmployeePayHistory>
<EmployeePayHistory><BusinessEntityID>118</BusinessEntityID><RateChangeDate>2009-02-13 00:00:00</RateChangeDate><Rate>11.0000</Rate><PayFrequency>1</PayFrequency><ModifiedDate>2014-06-30 00:00:00</ModifiedDate></EmployeePayHistory>
<EmployeePayHistory><BusinessEntityID>119</BusinessEntityID><RateChangeDate>2009-02-25 00:00:00</RateChangeDate><Rate>11.0000</Rate><PayFrequency>1</PayFrequency><ModifiedDate>2014-06-30 00:00:00</ModifiedDate></EmployeePayHistory>
<EmployeePayHistory><BusinessEntityID>120</BusinessEntityID><RateChangeDate>2009-03-04 00:00:00</RateChangeDate><Rate>11.0000</Rate><PayFrequency>1</PayFrequency><ModifiedDate>2014-06-30 00:00:00</ModifiedDate></EmployeePayHistory>
<EmployeePayHistory><BusinessEntityID>121</BusinessEntityID><RateChangeDate>2009-01-02 00:00:00</RateChangeDate><Rate>19.2308</Rate><PayFrequency>2</PayFrequency><ModifiedDate>2014-06-30 00:00:00</ModifiedDate></EmployeePayHistory>
<EmployeePayHistory><BusinessEntityID>122</BusinessEntityID><RateChangeDate>2008-12-07 00:00:00</RateChangeDate><Rate>9.0000</Rate><PayFrequency>1</PayFrequency><ModifiedDate>2014-06-30 00:00:00</ModifiedDate></EmployeePayHistory>
<EmployeePayHistory><BusinessEntityID>123</BusinessEntityID><RateChangeDate>2008-12-07 00:00:00</RateChangeDate><Rate>9.5000</Rate><PayFrequency>2</PayFrequency><ModifiedDate>2014-06-30 00:00:00</ModifiedDate></EmployeePayHistory>
<EmployeePayHistory><BusinessEntityID>124</BusinessEntityID><RateChangeDate>2008-12-26 00:00:00</RateChangeDate><Rate>9.0000</Rate><PayFrequency>1</PayFrequency><ModifiedDate>2014-06-30 00:00:00</ModifiedDate></EmployeePayHistory>
<EmployeePayHistory><BusinessEntityID>125</BusinessEntityID><RateChangeDate>2009-01-20 00:00:00</RateChangeDate><Rate>9.5000</Rate><PayFrequency>2</PayFrequency><ModifiedDate>2014-06-30 00:00:00</ModifiedDate></EmployeePayHistory>
<EmployeePayHistory><BusinessEntityID>126</BusinessEntityID><RateChangeDate>2009-02-26 00:00:00</RateChangeDate><Rate>9.0000</Rate><PayFrequency>1</PayFrequency><ModifiedDate>2014-06-30 00:00:00</ModifiedDate></EmployeePayHistory>
<EmployeePayHistory><BusinessEntityID>127</BusinessEntityID><RateChangeDate>2009-01-03 00:00:00</RateChangeDate><Rate>25.0000</Rate><PayFrequency>2</PayFrequency><ModifiedDate>2014-06-30 00:00:00</ModifiedDate></EmployeePayHistory>
<EmployeePayHistory><BusinessEntityID>128</BusinessEntityID><RateChangeDate>2008-12-04 00:00:00</RateChangeDate><Rate>15.0000</Rate><PayFrequency>1</PayFrequency><ModifiedDate>2014-06-30 00:00:00</ModifiedDate></EmployeePayHistory>
<EmployeePayHistory><BusinessEntityID>129</BusinessEntityID><RateChangeDate>2008-12-22 00:00:00</RateChangeDate><Rate>15.0000</Rate><PayFrequency>1</PayFrequency><ModifiedDate>2014-06-30 00:00:00</ModifiedDate></EmployeePayHistory>
<EmployeePayHistory><BusinessEntityID>130</BusinessEntityID><RateChangeDate>2009-02-13 00:00:00</RateChangeDate><Rate>15.0000</Rate><PayFrequency>1</PayFrequency><ModifiedDate>2014-06-30 00:00:00</ModifiedDate></EmployeePayHistory>
<EmployeePayHistory><BusinessEntityID>131</BusinessEntityID><RateChangeDate>2009-02-15 00:00:00</RateChangeDate><Rate>15.0000</Rate><PayFrequency>1</PayFrequency><ModifiedDate>2014-06-30 00:00:00</ModifiedDate></EmployeePayHistory>
<EmployeePayHistory><BusinessEntityID>132</BusinessEntityID><RateChangeDate>2009-02-22 00:00:00</RateChangeDate><Rate>15.0000</Rate><PayFrequency>1</PayFrequency><ModifiedDate>2014-06-30 00:00:00</ModifiedDate></EmployeePayHistory>
<EmployeePayHistory><BusinessEntityID>133</BusinessEntityID><RateChangeDate>2009-01-10 00:00:00</RateChangeDate><Rate>15.0000</Rate><PayFrequency>1</PayFrequency><ModifiedDate>2014-06-30 00:00:00</ModifiedDate></EmployeePayHistory>
<EmployeePayHistory><BusinessEntityID>134</BusinessEntityID><RateChangeDate>2009-01-14 00:00:00</RateChangeDate><Rate>25.0000</Rate><PayFrequency>2</PayFrequency><ModifiedDate>2014-06-30 00:00:00</ModifiedDate></EmployeePayHistory>
<EmployeePayHistory><BusinessEntityID>135</BusinessEntityID><RateChangeDate>2008-12-04 00:00:00</RateChangeDate><Rate>14.0000</Rate><PayFrequency>1</PayFrequency><ModifiedDate>2014-06-30 00:00:00</ModifiedDate></EmployeePayHistory>
<EmployeePayHistory><BusinessEntityID>136</BusinessEntityID><RateChangeDate>2009-12-11 00:00:00</RateChangeDate><Rate>14.0000</Rate><PayFrequency>1</PayFrequency><ModifiedDate>2014-06-30 00:00:00</ModifiedDate></EmployeePayHistory>
<EmployeePayHistory><BusinessEntityID>137</BusinessEntityID><RateChangeDate>2009-02-23 00:00:00</RateChangeDate><Rate>14.0000</Rate><PayFrequency>1</PayFrequency><ModifiedDate>2014-06-30 00:00:00</ModifiedDate></EmployeePayHistory>
<EmployeePayHistory><BusinessEntityID>138</BusinessEntityID><RateChangeDate>2009-02-04 00:00:00</RateChangeDate><Rate>14.0000</Rate><PayFrequency>1</PayFrequency><ModifiedDate>2014-06-30 00:00:00</ModifiedDate></EmployeePayHistory>
<EmployeePayHistory><BusinessEntityID>139</BusinessEntityID><RateChangeDate>2010-01-06 00:00:00</RateChangeDate><Rate>14.0000</Rate><PayFrequency>1</PayFrequency><ModifiedDate>2014-06-30 00:00:00</ModifiedDate></EmployeePayHistory>
<EmployeePayHistory><BusinessEntityID>140</BusinessEntityID><RateChangeDate>2010-01-22 00:00:00</RateChangeDate><Rate>14.0000</Rate><PayFrequency>1</PayFrequency><ModifiedDate>2014-06-30 00:00:00</ModifiedDate></EmployeePayHistory>
<EmployeePayHistory><BusinessEntityID>141</BusinessEntityID><RateChangeDate>2010-01-24 00:00:00</RateChangeDate><Rate>14.0000</Rate><PayFrequency>1</PayFrequency><ModifiedDate>2014-06-30 00:00:00</ModifiedDate></EmployeePayHistory>
<EmployeePayHistory><BusinessEntityID>142</BusinessEntityID><RateChangeDate>2010-03-04 00:00:00</RateChangeDate><Rate>14.0000</Rate><PayFrequency>1</PayFrequency><ModifiedDate>2014-06-30 00:00:00</ModifiedDate></EmployeePayHistory>
<EmployeePayHistory><BusinessEntityID>143</BusinessEntityID><RateChangeDate>2010-02-13 00:00:00</RateChangeDate><Rate>14.0000</Rate><PayFrequency>1</PayFrequency><ModifiedDate>2014-06-30 00:00:00</ModifiedDate></EmployeePayHistory>
<EmployeePayHistory><BusinessEntityID>144</BusinessEntityID><RateChangeDate>2009-01-17 00:00:00</RateChangeDate><Rate>14.0000</Rate><PayFrequency>1</PayFrequency><ModifiedDate>2014-06-30 00:00:00</ModifiedDate></EmployeePayHistory>
<EmployeePayHistory><BusinessEntityID>145</BusinessEntityID><RateChangeDate>2009-01-27 00:00:00</RateChangeDate><Rate>25.0000</Rate><PayFrequency>2</PayFrequency><ModifiedDate>2014-06-30 00:00:00</ModifiedDate></EmployeePayHistory>
<EmployeePayHistory><BusinessEntityID>146</BusinessEntityID><RateChangeDate>2008-12-07 00:00:00</RateChangeDate><Rate>9.5000</Rate><PayFrequency>1</PayFrequency><ModifiedDate>2014-06-30 00:00:00</ModifiedDate></EmployeePayHistory>
<EmployeePayHistory><BusinessEntityID>147</BusinessEntityID><RateChangeDate>2008-12-26 00:00:00</RateChangeDate><Rate>9.5000</Rate><PayFrequency>1</PayFrequency><ModifiedDate>2014-06-30 00:00:00</ModifiedDate></EmployeePayHistory>
<EmployeePayHistory><BusinessEntityID>148</BusinessEntityID><RateChangeDate>2009-01-14 00:00:00</RateChangeDate><Rate>9.5000</Rate><PayFrequency>1</PayFrequency><ModifiedDate>2014-06-30 00:00:00</ModifiedDate></EmployeePayHistory>
<EmployeePayHistory><BusinessEntityID>149</BusinessEntityID><RateChangeDate>2009-01-31 00:00:00</RateChangeDate><Rate>9.5000</Rate><PayFrequency>1</PayFrequency><ModifiedDate>2014-06-30 00:00:00</ModifiedDate></EmployeePayHistory>
<EmployeePayHistory><BusinessEntityID>150</BusinessEntityID><RateChangeDate>2009-02-26 00:00:00</RateChangeDate><Rate>9.5000</Rate><PayFrequency>1</PayFrequency><ModifiedDate>2014-06-30 00:00:00</ModifiedDate></EmployeePayHistory>
<EmployeePayHistory><BusinessEntityID>151</BusinessEntityID><RateChangeDate>2009-02-19 00:00:00</RateChangeDate><Rate>9.5000</Rate><PayFrequency>1</PayFrequency><ModifiedDate>2014-06-30 00:00:00</ModifiedDate></EmployeePayHistory>
<EmployeePayHistory><BusinessEntityID>152</BusinessEntityID><RateChangeDate>2009-02-01 00:00:00</RateChangeDate><Rate>25.0000</Rate><PayFrequency>2</PayFrequency><ModifiedDate>2014-06-30 00:00:00</ModifiedDate></EmployeePayHistory>
<EmployeePayHistory><BusinessEntityID>153</BusinessEntityID><RateChangeDate>2008-12-16 00:00:00</RateChangeDate><Rate>14.0000</Rate><PayFrequency>1</PayFrequency><ModifiedDate>2014-06-30 00:00:00</ModifiedDate></EmployeePayHistory>
<EmployeePayHistory><BusinessEntityID>154</BusinessEntityID><RateChangeDate>2008-12-23 00:00:00</RateChangeDate><Rate>14.0000</Rate><PayFrequency>1</PayFrequency><ModifiedDate>2014-06-30 00:00:00</ModifiedDate></EmployeePayHistory>
<EmployeePayHistory><BusinessEntityID>155</BusinessEntityID><RateChangeDate>2009-01-04 00:00:00</RateChangeDate><Rate>14.0000</Rate><PayFrequency>1</PayFrequency><ModifiedDate>2014-06-30 00:00:00</ModifiedDate></EmployeePayHistory>
<EmployeePayHistory><BusinessEntityID>156</BusinessEntityID><RateChangeDate>2009-01-11 00:00:00</RateChangeDate><Rate>14.0000</Rate><PayFrequency>1</PayFrequency><ModifiedDate>2014-06-30 00:00:00</ModifiedDate></EmployeePayHistory>
<EmployeePayHistory><BusinessEntityID>157</BusinessEntityID><RateChangeDate>2009-02-03 00:00:00</RateChangeDate><Rate>14.0000</Rate><PayFrequency>1</PayFrequency><ModifiedDate>2014-06-30 00:00:00</ModifiedDate></EmployeePayHistory>
<EmployeePayHistory><BusinessEntityID>158</BusinessEntityID><RateChangeDate>2009-03-07 00:00:00</RateChangeDate><Rate>14.0000</Rate><PayFrequency>1</PayFrequency><ModifiedDate>2014-06-30 00:00:00</ModifiedDate></EmployeePayHistory>
<EmployeePayHistory><BusinessEntityID>159</BusinessEntityID><RateChangeDate>2009-02-16 00:00:00</RateChangeDate><Rate>14.0000</Rate><PayFrequency>1</PayFrequency><ModifiedDate>2014-06-30 00:00:00</ModifiedDate></EmployeePayHistory>
<EmployeePayHistory><BusinessEntityID>160</BusinessEntityID><RateChangeDate>2009-01-21 00:00:00</RateChangeDate><Rate>25.0000</Rate><PayFrequency>2</PayFrequency><ModifiedDate>2014-06-30 00:00:00</ModifiedDate></EmployeePayHistory>
<EmployeePayHistory><BusinessEntityID>161</BusinessEntityID><RateChangeDate>2008-12-15 00:00:00</RateChangeDate><Rate>10.0000</Rate><PayFrequency>1</PayFrequency><ModifiedDate>2014-06-30 00:00:00</ModifiedDate></EmployeePayHistory>
<EmployeePayHistory><BusinessEntityID>162</BusinessEntityID><RateChangeDate>2009-01-03 00:00:00</RateChangeDate><Rate>10.0000</Rate><PayFrequency>1</PayFrequency><ModifiedDate>2014-06-30 00:00:00</ModifiedDate></EmployeePayHistory>
<EmployeePayHistory><BusinessEntityID>163</BusinessEntityID><RateChangeDate>2009-02-08 00:00:00</RateChangeDate><Rate>10.0000</Rate><PayFrequency>1</PayFrequency><ModifiedDate>2014-06-30 00:00:00</ModifiedDate></EmployeePayHistory>
<EmployeePayHistory><BusinessEntityID>164</BusinessEntityID><RateChangeDate>2009-03-06 00:00:00</RateChangeDate><Rate>10.0000</Rate><PayFrequency>1</PayFrequency><ModifiedDate>2014-06-30 00:00:00</ModifiedDate></EmployeePayHistory>
<EmployeePayHistory><BusinessEntityID>165</BusinessEntityID><RateChangeDate>2009-01-22 00:00:00</RateChangeDate><Rate>10.0000</Rate><PayFrequency>1</PayFrequency><ModifiedDate>2014-06-30 00:00:00</ModifiedDate></EmployeePayHistory>
<EmployeePayHistory><BusinessEntityID>166</BusinessEntityID><RateChangeDate>2009-02-21 00:00:00</RateChangeDate><Rate>25.0000</Rate><PayFrequency>2</PayFrequency><ModifiedDate>2014-06-30 00:00:00</ModifiedDate></EmployeePayHistory>
<EmployeePayHistory><BusinessEntityID>167</BusinessEntityID><RateChangeDate>2008-12-02 00:00:00</RateChangeDate><Rate>6.5000</Rate><PayFrequency>1</PayFrequency><ModifiedDate>2008-11-18 00:00:00</ModifiedDate></EmployeePayHistory>
<EmployeePayHistory><BusinessEntityID>167</BusinessEntityID><RateChangeDate>2011-12-01 00:00:00</RateChangeDate><Rate>7.2500</Rate><PayFrequency>1</PayFrequency><ModifiedDate>2011-11-17 00:00:00</ModifiedDate></EmployeePayHistory>
<EmployeePayHistory><BusinessEntityID>167</BusinessEntityID><RateChangeDate>2013-07-14 00:00:00</RateChangeDate><Rate>9.5000</Rate><PayFrequency>1</PayFrequency><ModifiedDate>2013-06-30 00:00:00</ModifiedDate></EmployeePayHistory>
<EmployeePayHistory><BusinessEntityID>168</BusinessEntityID><RateChangeDate>2008-12-07 00:00:00</RateChangeDate><Rate>9.5000</Rate><PayFrequency>1</PayFrequency><ModifiedDate>2014-06-30 00:00:00</ModifiedDate></EmployeePayHistory>
<EmployeePayHistory><BusinessEntityID>169</BusinessEntityID><RateChangeDate>2008-12-14 00:00:00</RateChangeDate><Rate>9.5000</Rate><PayFrequency>1</PayFrequency><ModifiedDate>2014-06-30 00:00:00</ModifiedDate></EmployeePayHistory>
<EmployeePayHistory><BusinessEntityID>170</BusinessEntityID><RateChangeDate>2008-12-21 00:00:00</RateChangeDate><Rate>6.5000</Rate><PayFrequency>1</PayFrequency><ModifiedDate>2008-12-07 00:00:00</ModifiedDate></EmployeePayHistory>
<EmployeePayHistory><BusinessEntityID>170</BusinessEntityID><RateChangeDate>2011-12-01 00:00:00</RateChangeDate><Rate>7.2500</Rate><PayFrequency>1</PayFrequency><ModifiedDate>2011-11-17 00:00:00</ModifiedDate></EmployeePayHistory>
<EmployeePayHistory><BusinessEntityID>170</BusinessEntityID><RateChangeDate>2013-07-14 00:00:00</RateChangeDate><Rate>9.5000</Rate><PayFrequency>1</PayFrequency><ModifiedDate>2013-06-30 00:00:00</ModifiedDate></EmployeePayHistory>
<EmployeePayHistory><BusinessEntityID>171</BusinessEntityID><RateChangeDate>2009-01-02 00:00:00</RateChangeDate><Rate>9.5000</Rate><PayFrequency>1</PayFrequency><ModifiedDate>2014-06-30 00:00:00</ModifiedDate></EmployeePayHistory>
<EmployeePayHistory><BusinessEntityID>172</BusinessEntityID><RateChangeDate>2009-01-16 00:00:00</RateChangeDate><Rate>6.5000</Rate><PayFrequency>1</PayFrequency><ModifiedDate>2009-01-02 00:00:00</ModifiedDate></EmployeePayHistory>
<EmployeePayHistory><BusinessEntityID>172</BusinessEntityID><RateChangeDate>2011-12-01 00:00:00</RateChangeDate><Rate>7.2500</Rate><PayFrequency>1</PayFrequency><ModifiedDate>2011-11-17 00:00:00</ModifiedDate></EmployeePayHistory>
<EmployeePayHistory><BusinessEntityID>172</BusinessEntityID><RateChangeDate>2013-07-14 00:00:00</RateChangeDate><Rate>9.5000</Rate><PayFrequency>1</PayFrequency><ModifiedDate>2013-06-30 00:00:00</ModifiedDate></EmployeePayHistory>
<EmployeePayHistory><BusinessEntityID>173</BusinessEntityID><RateChangeDate>2009-01-21 00:00:00</RateChangeDate><Rate>9.5000</Rate><PayFrequency>1</PayFrequency><ModifiedDate>2014-06-30 00:00:00</ModifiedDate></EmployeePayHistory>
<EmployeePayHistory><BusinessEntityID>174</BusinessEntityID><RateChangeDate>2009-01-27 00:00:00</RateChangeDate><Rate>6.7500</Rate><PayFrequency>1</PayFrequency><ModifiedDate>2009-01-13 00:00:00</ModifiedDate></EmployeePayHistory>
<EmployeePayHistory><BusinessEntityID>174</BusinessEntityID><RateChangeDate>2011-12-01 00:00:00</RateChangeDate><Rate>7.2500</Rate><PayFrequency>1</PayFrequency><ModifiedDate>2011-11-17 00:00:00</ModifiedDate></EmployeePayHistory>
<EmployeePayHistory><BusinessEntityID>174</BusinessEntityID><RateChangeDate>2013-07-14 00:00:00</RateChangeDate><Rate>9.5000</Rate><PayFrequency>1</PayFrequency><ModifiedDate>2013-06-30 00:00:00</ModifiedDate></EmployeePayHistory>
<EmployeePayHistory><BusinessEntityID>175</BusinessEntityID><RateChangeDate>2009-02-02 00:00:00</RateChangeDate><Rate>6.5000</Rate><PayFrequency>1</PayFrequency><ModifiedDate>2009-01-19 00:00:00</ModifiedDate></EmployeePayHistory>
<EmployeePayHistory><BusinessEntityID>175</BusinessEntityID><RateChangeDate>2011-12-01 00:00:00</RateChangeDate><Rate>7.2500</Rate><PayFrequency>1</PayFrequency><ModifiedDate>2011-11-17 00:00:00</ModifiedDate></EmployeePayHistory>
<EmployeePayHistory><BusinessEntityID>175</BusinessEntityID><RateChangeDate>2013-07-14 00:00:00</RateChangeDate><Rate>9.5000</Rate><PayFrequency>1</PayFrequency><ModifiedDate>2013-06-30 00:00:00</ModifiedDate></EmployeePayHistory>
<EmployeePayHistory><BusinessEntityID>176</BusinessEntityID><RateChangeDate>2009-02-14 00:00:00</RateChangeDate><Rate>6.5000</Rate><PayFrequency>1</PayFrequency><ModifiedDate>2009-01-31 00:00:00</ModifiedDate></EmployeePayHistory>
<EmployeePayHistory><BusinessEntityID>176</BusinessEntityID><RateChangeDate>2011-12-01 00:00:00</RateChangeDate><Rate>7.2500</Rate><PayFrequency>1</PayFrequency><ModifiedDate>2011-11-17 00:00:00</ModifiedDate></EmployeePayHistory>
<EmployeePayHistory><BusinessEntityID>176</BusinessEntityID><RateChangeDate>2013-07-14 00:00:00</RateChangeDate><Rate>9.5000</Rate><PayFrequency>1</PayFrequency><ModifiedDate>2013-06-30 00:00:00</ModifiedDate></EmployeePayHistory>
<EmployeePayHistory><BusinessEntityID>177</BusinessEntityID><RateChangeDate>2009-02-21 00:00:00</RateChangeDate><Rate>6.5000</Rate><PayFrequency>1</PayFrequency><ModifiedDate>2009-02-07 00:00:00</ModifiedDate></EmployeePayHistory>
<EmployeePayHistory><BusinessEntityID>177</BusinessEntityID><RateChangeDate>2011-12-01 00:00:00</RateChangeDate><Rate>7.2500</Rate><PayFrequency>1</PayFrequency><ModifiedDate>2011-11-17 00:00:00</ModifiedDate></EmployeePayHistory>
<EmployeePayHistory><BusinessEntityID>177</BusinessEntityID><RateChangeDate>2013-07-14 00:00:00</RateChangeDate><Rate>9.5000</Rate><PayFrequency>1</PayFrequency><ModifiedDate>2013-06-30 00:00:00</ModifiedDate></EmployeePayHistory>
<EmployeePayHistory><BusinessEntityID>178</BusinessEntityID><RateChangeDate>2009-03-03 00:00:00</RateChangeDate><Rate>6.5000</Rate><PayFrequency>1</PayFrequency><ModifiedDate>2009-02-17 00:00:00</ModifiedDate></EmployeePayHistory>
<EmployeePayHistory><BusinessEntityID>178</BusinessEntityID><RateChangeDate>2011-12-01 00:00:00</RateChangeDate><Rate>7.0000</Rate><PayFrequency>1</PayFrequency><ModifiedDate>2011-11-17 00:00:00</ModifiedDate></EmployeePayHistory>
<EmployeePayHistory><BusinessEntityID>178</BusinessEntityID><RateChangeDate>2013-07-14 00:00:00</RateChangeDate><Rate>9.5000</Rate><PayFrequency>1</PayFrequency><ModifiedDate>2013-06-30 00:00:00</ModifiedDate></EmployeePayHistory>
<EmployeePayHistory><BusinessEntityID>179</BusinessEntityID><RateChangeDate>2009-03-05 00:00:00</RateChangeDate><Rate>9.5000</Rate><PayFrequency>1</PayFrequency><ModifiedDate>2014-06-30 00:00:00</ModifiedDate></EmployeePayHistory>
<EmployeePayHistory><BusinessEntityID>180</BusinessEntityID><RateChangeDate>2009-02-20 00:00:00</RateChangeDate><Rate>25.0000</Rate><PayFrequency>2</PayFrequency><ModifiedDate>2014-06-30 00:00:00</ModifiedDate></EmployeePayHistory>
<EmployeePayHistory><BusinessEntityID>181</BusinessEntityID><RateChangeDate>2008-12-09 00:00:00</RateChangeDate><Rate>14.0000</Rate><PayFrequency>1</PayFrequency><ModifiedDate>2014-06-30 00:00:00</ModifiedDate></EmployeePayHistory>
<EmployeePayHistory><BusinessEntityID>182</BusinessEntityID><RateChangeDate>2008-12-28 00:00:00</RateChangeDate><Rate>14.0000</Rate><PayFrequency>1</PayFrequency><ModifiedDate>2014-06-30 00:00:00</ModifiedDate></EmployeePayHistory>
<EmployeePayHistory><BusinessEntityID>183</BusinessEntityID><RateChangeDate>2009-01-22 00:00:00</RateChangeDate><Rate>14.0000</Rate><PayFrequency>1</PayFrequency><ModifiedDate>2014-06-30 00:00:00</ModifiedDate></EmployeePayHistory>
<EmployeePayHistory><BusinessEntityID>184</BusinessEntityID><RateChangeDate>2009-02-09 00:00:00</RateChangeDate><Rate>14.0000</Rate><PayFrequency>1</PayFrequency><ModifiedDate>2014-06-30 00:00:00</ModifiedDate></EmployeePayHistory>
<EmployeePayHistory><BusinessEntityID>185</BusinessEntityID><RateChangeDate>2009-02-28 00:00:00</RateChangeDate><Rate>14.0000</Rate><PayFrequency>1</PayFrequency><ModifiedDate>2014-06-30 00:00:00</ModifiedDate></EmployeePayHistory>
<EmployeePayHistory><BusinessEntityID>186</BusinessEntityID><RateChangeDate>2009-02-08 00:00:00</RateChangeDate><Rate>25.0000</Rate><PayFrequency>2</PayFrequency><ModifiedDate>2014-06-30 00:00:00</ModifiedDate></EmployeePayHistory>
<EmployeePayHistory><BusinessEntityID>187</BusinessEntityID><RateChangeDate>2008-12-09 00:00:00</RateChangeDate><Rate>10.0000</Rate><PayFrequency>1</PayFrequency><ModifiedDate>2014-06-30 00:00:00</ModifiedDate></EmployeePayHistory>
<EmployeePayHistory><BusinessEntityID>188</BusinessEntityID><RateChangeDate>2008-12-27 00:00:00</RateChangeDate><Rate>10.0000</Rate><PayFrequency>1</PayFrequency><ModifiedDate>2014-06-30 00:00:00</ModifiedDate></EmployeePayHistory>
<EmployeePayHistory><BusinessEntityID>189</BusinessEntityID><RateChangeDate>2009-01-15 00:00:00</RateChangeDate><Rate>10.0000</Rate><PayFrequency>1</PayFrequency><ModifiedDate>2014-06-30 00:00:00</ModifiedDate></EmployeePayHistory>
<EmployeePayHistory><BusinessEntityID>190</BusinessEntityID><RateChangeDate>2009-02-02 00:00:00</RateChangeDate><Rate>10.0000</Rate><PayFrequency>1</PayFrequency><ModifiedDate>2014-06-30 00:00:00</ModifiedDate></EmployeePayHistory>
<EmployeePayHistory><BusinessEntityID>191</BusinessEntityID><RateChangeDate>2009-02-26 00:00:00</RateChangeDate><Rate>10.0000</Rate><PayFrequency>1</PayFrequency><ModifiedDate>2014-06-30 00:00:00</ModifiedDate></EmployeePayHistory>
<EmployeePayHistory><BusinessEntityID>192</BusinessEntityID><RateChangeDate>2009-03-05 00:00:00</RateChangeDate><Rate>25.0000</Rate><PayFrequency>2</PayFrequency><ModifiedDate>2014-06-30 00:00:00</ModifiedDate></EmployeePayHistory>
<EmployeePayHistory><BusinessEntityID>193</BusinessEntityID><RateChangeDate>2008-12-06 00:00:00</RateChangeDate><Rate>15.0000</Rate><PayFrequency>1</PayFrequency><ModifiedDate>2014-06-30 00:00:00</ModifiedDate></EmployeePayHistory>
<EmployeePayHistory><BusinessEntityID>194</BusinessEntityID><RateChangeDate>2008-12-12 00:00:00</RateChangeDate><Rate>15.0000</Rate><PayFrequency>1</PayFrequency><ModifiedDate>2014-06-30 00:00:00</ModifiedDate></EmployeePayHistory>
<EmployeePayHistory><BusinessEntityID>195</BusinessEntityID><RateChangeDate>2008-12-17 00:00:00</RateChangeDate><Rate>15.0000</Rate><PayFrequency>1</PayFrequency><ModifiedDate>2014-06-30 00:00:00</ModifiedDate></EmployeePayHistory>
<EmployeePayHistory><BusinessEntityID>196</BusinessEntityID><RateChangeDate>2008-12-24 00:00:00</RateChangeDate><Rate>15.0000</Rate><PayFrequency>1</PayFrequency><ModifiedDate>2014-06-30 00:00:00</ModifiedDate></EmployeePayHistory>
<EmployeePayHistory><BusinessEntityID>197</BusinessEntityID><RateChangeDate>2008-12-31 00:00:00</RateChangeDate><Rate>15.0000</Rate><PayFrequency>1</PayFrequency><ModifiedDate>2014-06-30 00:00:00</ModifiedDate></EmployeePayHistory>
<EmployeePayHistory><BusinessEntityID>198</BusinessEntityID><RateChangeDate>2009-01-04 00:00:00</RateChangeDate><Rate>15.0000</Rate><PayFrequency>1</PayFrequency><ModifiedDate>2014-06-30 00:00:00</ModifiedDate></EmployeePayHistory>
<EmployeePayHistory><BusinessEntityID>199</BusinessEntityID><RateChangeDate>2009-01-12 00:00:00</RateChangeDate><Rate>15.0000</Rate><PayFrequency>1</PayFrequency><ModifiedDate>2014-06-30 00:00:00</ModifiedDate></EmployeePayHistory>
<EmployeePayHistory><BusinessEntityID>200</BusinessEntityID><RateChangeDate>2009-01-17 00:00:00</RateChangeDate><Rate>15.0000</Rate><PayFrequency>1</PayFrequency><ModifiedDate>2014-06-30 00:00:00</ModifiedDate></EmployeePayHistory>
<EmployeePayHistory><BusinessEntityID>201</BusinessEntityID><RateChangeDate>2009-01-29 00:00:00</RateChangeDate><Rate>15.0000</Rate><PayFrequency>1</PayFrequency><ModifiedDate>2014-06-30 00:00:00</ModifiedDate></EmployeePayHistory>
<EmployeePayHistory><BusinessEntityID>202</BusinessEntityID><RateChangeDate>2009-02-05 00:00:00</RateChangeDate><Rate>15.0000</Rate><PayFrequency>1</PayFrequency><ModifiedDate>2014-06-30 00:00:00</ModifiedDate></EmployeePayHistory>
<EmployeePayHistory><BusinessEntityID>203</BusinessEntityID><RateChangeDate>2009-02-24 00:00:00</RateChangeDate><Rate>15.0000</Rate><PayFrequency>1</PayFrequency><ModifiedDate>2014-06-30 00:00:00</ModifiedDate></EmployeePayHistory>
<EmployeePayHistory><BusinessEntityID>204</BusinessEntityID><RateChangeDate>2009-03-08 00:00:00</RateChangeDate><Rate>15.0000</Rate><PayFrequency>1</PayFrequency><ModifiedDate>2014-06-30 00:00:00</ModifiedDate></EmployeePayHistory>
<EmployeePayHistory><BusinessEntityID>205</BusinessEntityID><RateChangeDate>2009-02-26 00:00:00</RateChangeDate><Rate>25.0000</Rate><PayFrequency>2</PayFrequency><ModifiedDate>2014-06-30 00:00:00</ModifiedDate></EmployeePayHistory>
<EmployeePayHistory><BusinessEntityID>206</BusinessEntityID><RateChangeDate>2008-12-02 00:00:00</RateChangeDate><Rate>10.0000</Rate><PayFrequency>1</PayFrequency><ModifiedDate>2014-06-30 00:00:00</ModifiedDate></EmployeePayHistory>
<EmployeePayHistory><BusinessEntityID>207</BusinessEntityID><RateChangeDate>2008-12-02 00:00:00</RateChangeDate><Rate>10.0000</Rate><PayFrequency>1</PayFrequency><ModifiedDate>2014-06-30 00:00:00</ModifiedDate></EmployeePayHistory>
<EmployeePayHistory><BusinessEntityID>208</BusinessEntityID><RateChangeDate>2009-01-08 00:00:00</RateChangeDate><Rate>10.0000</Rate><PayFrequency>1</PayFrequency><ModifiedDate>2014-06-30 00:00:00</ModifiedDate></EmployeePayHistory>
<EmployeePayHistory><BusinessEntityID>209</BusinessEntityID><RateChangeDate>2009-01-27 00:00:00</RateChangeDate><Rate>10.0000</Rate><PayFrequency>1</PayFrequency><ModifiedDate>2014-06-30 00:00:00</ModifiedDate></EmployeePayHistory>
<EmployeePayHistory><BusinessEntityID>210</BusinessEntityID><RateChangeDate>2009-02-20 00:00:00</RateChangeDate><Rate>10.0000</Rate><PayFrequency>1</PayFrequency><ModifiedDate>2014-06-30 00:00:00</ModifiedDate></EmployeePayHistory>
<EmployeePayHistory><BusinessEntityID>211</BusinessEntityID><RateChangeDate>2009-02-28 00:00:00</RateChangeDate><Rate>28.8462</Rate><PayFrequency>2</PayFrequency><ModifiedDate>2014-06-30 00:00:00</ModifiedDate></EmployeePayHistory>
<EmployeePayHistory><BusinessEntityID>212</BusinessEntityID><RateChangeDate>2008-12-09 00:00:00</RateChangeDate><Rate>21.6346</Rate><PayFrequency>2</PayFrequency><ModifiedDate>2014-06-30 00:00:00</ModifiedDate></EmployeePayHistory>
<EmployeePayHistory><BusinessEntityID>213</BusinessEntityID><RateChangeDate>2010-02-23 00:00:00</RateChangeDate><Rate>10.5769</Rate><PayFrequency>2</PayFrequency><ModifiedDate>2014-06-30 00:00:00</ModifiedDate></EmployeePayHistory>
<EmployeePayHistory><BusinessEntityID>214</BusinessEntityID><RateChangeDate>2009-02-02 00:00:00</RateChangeDate><Rate>10.5769</Rate><PayFrequency>2</PayFrequency><ModifiedDate>2014-06-30 00:00:00</ModifiedDate></EmployeePayHistory>
<EmployeePayHistory><BusinessEntityID>215</BusinessEntityID><RateChangeDate>2009-01-15 00:00:00</RateChangeDate><Rate>10.5769</Rate><PayFrequency>2</PayFrequency><ModifiedDate>2014-06-30 00:00:00</ModifiedDate></EmployeePayHistory>
<EmployeePayHistory><BusinessEntityID>216</BusinessEntityID><RateChangeDate>2008-12-28 00:00:00</RateChangeDate><Rate>10.5769</Rate><PayFrequency>2</PayFrequency><ModifiedDate>2014-06-30 00:00:00</ModifiedDate></EmployeePayHistory>
<EmployeePayHistory><BusinessEntityID>217</BusinessEntityID><RateChangeDate>2009-01-04 00:00:00</RateChangeDate><Rate>17.7885</Rate><PayFrequency>2</PayFrequency><ModifiedDate>2014-06-30 00:00:00</ModifiedDate></EmployeePayHistory>
<EmployeePayHistory><BusinessEntityID>218</BusinessEntityID><RateChangeDate>2008-12-16 00:00:00</RateChangeDate><Rate>16.8269</Rate><PayFrequency>2</PayFrequency><ModifiedDate>2014-06-30 00:00:00</ModifiedDate></EmployeePayHistory>
<EmployeePayHistory><BusinessEntityID>219</BusinessEntityID><RateChangeDate>2009-01-22 00:00:00</RateChangeDate><Rate>10.2500</Rate><PayFrequency>2</PayFrequency><ModifiedDate>2014-06-30 00:00:00</ModifiedDate></EmployeePayHistory>
<EmployeePayHistory><BusinessEntityID>220</BusinessEntityID><RateChangeDate>2009-02-09 00:00:00</RateChangeDate><Rate>10.2500</Rate><PayFrequency>2</PayFrequency><ModifiedDate>2014-06-30 00:00:00</ModifiedDate></EmployeePayHistory>
<EmployeePayHistory><BusinessEntityID>221</BusinessEntityID><RateChangeDate>2009-03-06 00:00:00</RateChangeDate><Rate>16.8269</Rate><PayFrequency>2</PayFrequency><ModifiedDate>2014-06-30 00:00:00</ModifiedDate></EmployeePayHistory>
<EmployeePayHistory><BusinessEntityID>222</BusinessEntityID><RateChangeDate>2008-12-12 00:00:00</RateChangeDate><Rate>23.5577</Rate><PayFrequency>2</PayFrequency><ModifiedDate>2014-06-30 00:00:00</ModifiedDate></EmployeePayHistory>
<EmployeePayHistory><BusinessEntityID>223</BusinessEntityID><RateChangeDate>2009-01-26 00:00:00</RateChangeDate><Rate>16.0000</Rate><PayFrequency>2</PayFrequency><ModifiedDate>2014-06-30 00:00:00</ModifiedDate></EmployeePayHistory>
<EmployeePayHistory><BusinessEntityID>224</BusinessEntityID><RateChangeDate>2008-01-08 00:00:00</RateChangeDate><Rate>8.6200</Rate><PayFrequency>2</PayFrequency><ModifiedDate>2007-12-25 00:00:00</ModifiedDate></EmployeePayHistory>
<EmployeePayHistory><BusinessEntityID>224</BusinessEntityID><RateChangeDate>2011-08-31 00:00:00</RateChangeDate><Rate>13.5000</Rate><PayFrequency>2</PayFrequency><ModifiedDate>2011-08-17 00:00:00</ModifiedDate></EmployeePayHistory>
<EmployeePayHistory><BusinessEntityID>224</BusinessEntityID><RateChangeDate>2012-01-01 00:00:00</RateChangeDate><Rate>16.0000</Rate><PayFrequency>2</PayFrequency><ModifiedDate>2011-12-18 00:00:00</ModifiedDate></EmployeePayHistory>
<EmployeePayHistory><BusinessEntityID>225</BusinessEntityID><RateChangeDate>2009-02-13 00:00:00</RateChangeDate><Rate>16.0000</Rate><PayFrequency>2</PayFrequency><ModifiedDate>2014-06-30 00:00:00</ModifiedDate></EmployeePayHistory>
<EmployeePayHistory><BusinessEntityID>226</BusinessEntityID><RateChangeDate>2009-03-03 00:00:00</RateChangeDate><Rate>16.0000</Rate><PayFrequency>2</PayFrequency><ModifiedDate>2014-06-30 00:00:00</ModifiedDate></EmployeePayHistory>
<EmployeePayHistory><BusinessEntityID>227</BusinessEntityID><RateChangeDate>2009-12-02 00:00:00</RateChangeDate><Rate>24.0385</Rate><PayFrequency>2</PayFrequency><ModifiedDate>2014-06-30 00:00:00</ModifiedDate></EmployeePayHistory>
<EmployeePayHistory><BusinessEntityID>228</BusinessEntityID><RateChangeDate>2008-12-14 00:00:00</RateChangeDate><Rate>20.4327</Rate><PayFrequency>2</PayFrequency><ModifiedDate>2014-06-30 00:00:00</ModifiedDate></EmployeePayHistory>
<EmployeePayHistory><BusinessEntityID>229</BusinessEntityID><RateChangeDate>2010-02-16 00:00:00</RateChangeDate><Rate>9.2500</Rate><PayFrequency>1</PayFrequency><ModifiedDate>2014-06-30 00:00:00</ModifiedDate></EmployeePayHistory>
<EmployeePayHistory><BusinessEntityID>230</BusinessEntityID><RateChangeDate>2010-03-05 00:00:00</RateChangeDate><Rate>9.2500</Rate><PayFrequency>1</PayFrequency><ModifiedDate>2014-06-30 00:00:00</ModifiedDate></EmployeePayHistory>
<EmployeePayHistory><BusinessEntityID>231</BusinessEntityID><RateChangeDate>2010-03-07 00:00:00</RateChangeDate><Rate>9.2500</Rate><PayFrequency>1</PayFrequency><ModifiedDate>2014-06-30 00:00:00</ModifiedDate></EmployeePayHistory>
<EmployeePayHistory><BusinessEntityID>232</BusinessEntityID><RateChangeDate>2010-01-27 00:00:00</RateChangeDate><Rate>9.2500</Rate><PayFrequency>1</PayFrequency><ModifiedDate>2014-06-30 00:00:00</ModifiedDate></EmployeePayHistory>
<EmployeePayHistory><BusinessEntityID>233</BusinessEntityID><RateChangeDate>2009-12-21 00:00:00</RateChangeDate><Rate>9.7500</Rate><PayFrequency>2</PayFrequency><ModifiedDate>2014-06-30 00:00:00</ModifiedDate></EmployeePayHistory>
<EmployeePayHistory><BusinessEntityID>234</BusinessEntityID><RateChangeDate>2009-01-31 00:00:00</RateChangeDate><Rate>39.0600</Rate><PayFrequency>2</PayFrequency><ModifiedDate>2009-01-17 00:00:00</ModifiedDate></EmployeePayHistory>
<EmployeePayHistory><BusinessEntityID>234</BusinessEntityID><RateChangeDate>2011-11-14 00:00:00</RateChangeDate><Rate>48.5577</Rate><PayFrequency>2</PayFrequency><ModifiedDate>2011-10-31 00:00:00</ModifiedDate></EmployeePayHistory>
<EmployeePayHistory><BusinessEntityID>234</BusinessEntityID><RateChangeDate>2012-01-29 00:00:00</RateChangeDate><Rate>60.0962</Rate><PayFrequency>2</PayFrequency><ModifiedDate>2012-01-15 00:00:00</ModifiedDate></EmployeePayHistory>
<EmployeePayHistory><BusinessEntityID>235</BusinessEntityID><RateChangeDate>2008-12-06 00:00:00</RateChangeDate><Rate>27.1394</Rate><PayFrequency>2</PayFrequency><ModifiedDate>2014-06-30 00:00:00</ModifiedDate></EmployeePayHistory>
<EmployeePayHistory><BusinessEntityID>236</BusinessEntityID><RateChangeDate>2009-02-25 00:00:00</RateChangeDate><Rate>13.9423</Rate><PayFrequency>2</PayFrequency><ModifiedDate>2014-06-30 00:00:00</ModifiedDate></EmployeePayHistory>
<EmployeePayHistory><BusinessEntityID>237</BusinessEntityID><RateChangeDate>2009-02-06 00:00:00</RateChangeDate><Rate>13.9423</Rate><PayFrequency>2</PayFrequency><ModifiedDate>2014-06-30 00:00:00</ModifiedDate></EmployeePayHistory>
<EmployeePayHistory><BusinessEntityID>238</BusinessEntityID><RateChangeDate>2009-01-01 00:00:00</RateChangeDate><Rate>18.2692</Rate><PayFrequency>2</PayFrequency><ModifiedDate>2014-06-30 00:00:00</ModifiedDate></EmployeePayHistory>
<EmployeePayHistory><BusinessEntityID>239</BusinessEntityID><RateChangeDate>2008-12-25 00:00:00</RateChangeDate><Rate>16.5865</Rate><PayFrequency>2</PayFrequency><ModifiedDate>2014-06-30 00:00:00</ModifiedDate></EmployeePayHistory>
<EmployeePayHistory><BusinessEntityID>240</BusinessEntityID><RateChangeDate>2008-12-13 00:00:00</RateChangeDate><Rate>18.2692</Rate><PayFrequency>2</PayFrequency><ModifiedDate>2014-06-30 00:00:00</ModifiedDate></EmployeePayHistory>
<EmployeePayHistory><BusinessEntityID>241</BusinessEntityID><RateChangeDate>2009-01-30 00:00:00</RateChangeDate><Rate>34.7356</Rate><PayFrequency>2</PayFrequency><ModifiedDate>2014-06-30 00:00:00</ModifiedDate></EmployeePayHistory>
<EmployeePayHistory><BusinessEntityID>242</BusinessEntityID><RateChangeDate>2008-12-18 00:00:00</RateChangeDate><Rate>19.0000</Rate><PayFrequency>2</PayFrequency><ModifiedDate>2014-06-30 00:00:00</ModifiedDate></EmployeePayHistory>
<EmployeePayHistory><BusinessEntityID>243</BusinessEntityID><RateChangeDate>2009-01-06 00:00:00</RateChangeDate><Rate>19.0000</Rate><PayFrequency>2</PayFrequency><ModifiedDate>2014-06-30 00:00:00</ModifiedDate></EmployeePayHistory>
<EmployeePayHistory><BusinessEntityID>244</BusinessEntityID><RateChangeDate>2009-01-24 00:00:00</RateChangeDate><Rate>19.0000</Rate><PayFrequency>2</PayFrequency><ModifiedDate>2014-06-30 00:00:00</ModifiedDate></EmployeePayHistory>
<EmployeePayHistory><BusinessEntityID>245</BusinessEntityID><RateChangeDate>2009-02-18 00:00:00</RateChangeDate><Rate>26.4423</Rate><PayFrequency>2</PayFrequency><ModifiedDate>2014-06-30 00:00:00</ModifiedDate></EmployeePayHistory>
<EmployeePayHistory><BusinessEntityID>246</BusinessEntityID><RateChangeDate>2009-02-11 00:00:00</RateChangeDate><Rate>19.0000</Rate><PayFrequency>2</PayFrequency><ModifiedDate>2014-06-30 00:00:00</ModifiedDate></EmployeePayHistory>
<EmployeePayHistory><BusinessEntityID>247</BusinessEntityID><RateChangeDate>2009-03-01 00:00:00</RateChangeDate><Rate>19.0000</Rate><PayFrequency>2</PayFrequency><ModifiedDate>2014-06-30 00:00:00</ModifiedDate></EmployeePayHistory>
<EmployeePayHistory><BusinessEntityID>248</BusinessEntityID><RateChangeDate>2009-03-08 00:00:00</RateChangeDate><Rate>26.4423</Rate><PayFrequency>2</PayFrequency><ModifiedDate>2014-06-30 00:00:00</ModifiedDate></EmployeePayHistory>
<EmployeePayHistory><BusinessEntityID>249</BusinessEntityID><RateChangeDate>2008-12-25 00:00:00</RateChangeDate><Rate>43.2692</Rate><PayFrequency>2</PayFrequency><ModifiedDate>2014-06-30 00:00:00</ModifiedDate></EmployeePayHistory>
<EmployeePayHistory><BusinessEntityID>250</BusinessEntityID><RateChangeDate>2011-02-21 00:00:00</RateChangeDate><Rate>9.8600</Rate><PayFrequency>2</PayFrequency><ModifiedDate>2011-02-07 00:00:00</ModifiedDate></EmployeePayHistory>
<EmployeePayHistory><BusinessEntityID>250</BusinessEntityID><RateChangeDate>2011-07-30 00:00:00</RateChangeDate><Rate>22.5000</Rate><PayFrequency>2</PayFrequency><ModifiedDate>2011-07-16 00:00:00</ModifiedDate></EmployeePayHistory>
<EmployeePayHistory><BusinessEntityID>250</BusinessEntityID><RateChangeDate>2012-07-14 00:00:00</RateChangeDate><Rate>30.0000</Rate><PayFrequency>2</PayFrequency><ModifiedDate>2012-06-30 00:00:00</ModifiedDate></EmployeePayHistory>
<EmployeePayHistory><BusinessEntityID>251</BusinessEntityID><RateChangeDate>2009-02-10 00:00:00</RateChangeDate><Rate>18.2692</Rate><PayFrequency>2</PayFrequency><ModifiedDate>2014-06-30 00:00:00</ModifiedDate></EmployeePayHistory>
<EmployeePayHistory><BusinessEntityID>252</BusinessEntityID><RateChangeDate>2009-02-28 00:00:00</RateChangeDate><Rate>18.2692</Rate><PayFrequency>2</PayFrequency><ModifiedDate>2014-06-30 00:00:00</ModifiedDate></EmployeePayHistory>
<EmployeePayHistory><BusinessEntityID>253</BusinessEntityID><RateChangeDate>2009-12-17 00:00:00</RateChangeDate><Rate>18.2692</Rate><PayFrequency>2</PayFrequency><ModifiedDate>2014-06-30 00:00:00</ModifiedDate></EmployeePayHistory>
<EmployeePayHistory><BusinessEntityID>254</BusinessEntityID><RateChangeDate>2010-01-04 00:00:00</RateChangeDate><Rate>18.2692</Rate><PayFrequency>2</PayFrequency><ModifiedDate>2014-06-30 00:00:00</ModifiedDate></EmployeePayHistory>
<EmployeePayHistory><BusinessEntityID>255</BusinessEntityID><RateChangeDate>2010-01-11 00:00:00</RateChangeDate><Rate>18.2692</Rate><PayFrequency>2</PayFrequency><ModifiedDate>2014-06-30 00:00:00</ModifiedDate></EmployeePayHistory>
<EmployeePayHistory><BusinessEntityID>256</BusinessEntityID><RateChangeDate>2010-01-23 00:00:00</RateChangeDate><Rate>18.2692</Rate><PayFrequency>2</PayFrequency><ModifiedDate>2014-06-30 00:00:00</ModifiedDate></EmployeePayHistory>
<EmployeePayHistory><BusinessEntityID>257</BusinessEntityID><RateChangeDate>2010-01-27 00:00:00</RateChangeDate><Rate>18.2692</Rate><PayFrequency>2</PayFrequency><ModifiedDate>2014-06-30 00:00:00</ModifiedDate></EmployeePayHistory>
<EmployeePayHistory><BusinessEntityID>258</BusinessEntityID><RateChangeDate>2010-01-31 00:00:00</RateChangeDate><Rate>18.2692</Rate><PayFrequency>2</PayFrequency><ModifiedDate>2014-06-30 00:00:00</ModifiedDate></EmployeePayHistory>
<EmployeePayHistory><BusinessEntityID>259</BusinessEntityID><RateChangeDate>2010-03-09 00:00:00</RateChangeDate><Rate>18.2692</Rate><PayFrequency>2</PayFrequency><ModifiedDate>2014-06-30 00:00:00</ModifiedDate></EmployeePayHistory>
<EmployeePayHistory><BusinessEntityID>260</BusinessEntityID><RateChangeDate>2010-12-06 00:00:00</RateChangeDate><Rate>12.7500</Rate><PayFrequency>2</PayFrequency><ModifiedDate>2014-06-30 00:00:00</ModifiedDate></EmployeePayHistory>
<EmployeePayHistory><BusinessEntityID>261</BusinessEntityID><RateChangeDate>2010-12-25 00:00:00</RateChangeDate><Rate>12.7500</Rate><PayFrequency>2</PayFrequency><ModifiedDate>2014-06-30 00:00:00</ModifiedDate></EmployeePayHistory>
<EmployeePayHistory><BusinessEntityID>262</BusinessEntityID><RateChangeDate>2009-01-12 00:00:00</RateChangeDate><Rate>13.4615</Rate><PayFrequency>2</PayFrequency><ModifiedDate>2014-06-30 00:00:00</ModifiedDate></EmployeePayHistory>
<EmployeePayHistory><BusinessEntityID>263</BusinessEntityID><RateChangeDate>2008-12-11 00:00:00</RateChangeDate><Rate>50.4808</Rate><PayFrequency>2</PayFrequency><ModifiedDate>2014-06-30 00:00:00</ModifiedDate></EmployeePayHistory>
<EmployeePayHistory><BusinessEntityID>264</BusinessEntityID><RateChangeDate>2009-02-04 00:00:00</RateChangeDate><Rate>39.6635</Rate><PayFrequency>2</PayFrequency><ModifiedDate>2014-06-30 00:00:00</ModifiedDate></EmployeePayHistory>
<EmployeePayHistory><BusinessEntityID>265</BusinessEntityID><RateChangeDate>2008-12-04 00:00:00</RateChangeDate><Rate>32.4519</Rate><PayFrequency>2</PayFrequency><ModifiedDate>2014-06-30 00:00:00</ModifiedDate></EmployeePayHistory>
<EmployeePayHistory><BusinessEntityID>266</BusinessEntityID><RateChangeDate>2009-02-23 00:00:00</RateChangeDate><Rate>32.4519</Rate><PayFrequency>2</PayFrequency><ModifiedDate>2014-06-30 00:00:00</ModifiedDate></EmployeePayHistory>
<EmployeePayHistory><BusinessEntityID>267</BusinessEntityID><RateChangeDate>2009-02-16 00:00:00</RateChangeDate><Rate>27.4038</Rate><PayFrequency>2</PayFrequency><ModifiedDate>2014-06-30 00:00:00</ModifiedDate></EmployeePayHistory>
<EmployeePayHistory><BusinessEntityID>268</BusinessEntityID><RateChangeDate>2009-02-03 00:00:00</RateChangeDate><Rate>27.4038</Rate><PayFrequency>2</PayFrequency><ModifiedDate>2014-06-30 00:00:00</ModifiedDate></EmployeePayHistory>
<EmployeePayHistory><BusinessEntityID>269</BusinessEntityID><RateChangeDate>2009-01-11 00:00:00</RateChangeDate><Rate>27.4038</Rate><PayFrequency>2</PayFrequency><ModifiedDate>2014-06-30 00:00:00</ModifiedDate></EmployeePayHistory>
<EmployeePayHistory><BusinessEntityID>270</BusinessEntityID><RateChangeDate>2009-01-17 00:00:00</RateChangeDate><Rate>38.4615</Rate><PayFrequency>2</PayFrequency><ModifiedDate>2014-06-30 00:00:00</ModifiedDate></EmployeePayHistory>
<EmployeePayHistory><BusinessEntityID>271</BusinessEntityID><RateChangeDate>2009-01-22 00:00:00</RateChangeDate><Rate>38.4615</Rate><PayFrequency>2</PayFrequency><ModifiedDate>2014-06-30 00:00:00</ModifiedDate></EmployeePayHistory>
<EmployeePayHistory><BusinessEntityID>272</BusinessEntityID><RateChangeDate>2008-12-23 00:00:00</RateChangeDate><Rate>27.4038</Rate><PayFrequency>2</PayFrequency><ModifiedDate>2014-06-30 00:00:00</ModifiedDate></EmployeePayHistory>
<EmployeePayHistory><BusinessEntityID>273</BusinessEntityID><RateChangeDate>2011-02-15 00:00:00</RateChangeDate><Rate>72.1154</Rate><PayFrequency>2</PayFrequency><ModifiedDate>2014-06-30 00:00:00</ModifiedDate></EmployeePayHistory>
<EmployeePayHistory><BusinessEntityID>274</BusinessEntityID><RateChangeDate>2011-01-04 00:00:00</RateChangeDate><Rate>48.1010</Rate><PayFrequency>2</PayFrequency><ModifiedDate>2014-06-30 00:00:00</ModifiedDate></EmployeePayHistory>
<EmployeePayHistory><BusinessEntityID>275</BusinessEntityID><RateChangeDate>2011-05-31 00:00:00</RateChangeDate><Rate>23.0769</Rate><PayFrequency>2</PayFrequency><ModifiedDate>2014-06-30 00:00:00</ModifiedDate></EmployeePayHistory>
<EmployeePayHistory><BusinessEntityID>276</BusinessEntityID><RateChangeDate>2011-05-31 00:00:00</RateChangeDate><Rate>23.0769</Rate><PayFrequency>2</PayFrequency><ModifiedDate>2014-06-30 00:00:00</ModifiedDate></EmployeePayHistory>
<EmployeePayHistory><BusinessEntityID>277</BusinessEntityID><RateChangeDate>2011-05-31 00:00:00</RateChangeDate><Rate>23.0769</Rate><PayFrequency>2</PayFrequency><ModifiedDate>2014-06-30 00:00:00</ModifiedDate></EmployeePayHistory>
<EmployeePayHistory><BusinessEntityID>278</BusinessEntityID><RateChangeDate>2011-05-31 00:00:00</RateChangeDate><Rate>23.0769</Rate><PayFrequency>2</PayFrequency><ModifiedDate>2014-06-30 00:00:00</ModifiedDate></EmployeePayHistory>
<EmployeePayHistory><BusinessEntityID>279</BusinessEntityID><RateChangeDate>2011-05-31 00:00:00</RateChangeDate><Rate>23.0769</Rate><PayFrequency>2</PayFrequency><ModifiedDate>2014-06-30 00:00:00</ModifiedDate></EmployeePayHistory>
<EmployeePayHistory><BusinessEntityID>280</BusinessEntityID><RateChangeDate>2011-05-31 00:00:00</RateChangeDate><Rate>23.0769</Rate><PayFrequency>2</PayFrequency><ModifiedDate>2014-06-30 00:00:00</ModifiedDate></EmployeePayHistory>
<EmployeePayHistory><BusinessEntityID>281</BusinessEntityID><RateChangeDate>2011-05-31 00:00:00</RateChangeDate><Rate>23.0769</Rate><PayFrequency>2</PayFrequency><ModifiedDate>2014-06-30 00:00:00</ModifiedDate></EmployeePayHistory>
<EmployeePayHistory><BusinessEntityID>282</BusinessEntityID><RateChangeDate>2011-05-31 00:00:00</RateChangeDate><Rate>23.0769</Rate><PayFrequency>2</PayFrequency><ModifiedDate>2014-06-30 00:00:00</ModifiedDate></EmployeePayHistory>
<EmployeePayHistory><BusinessEntityID>283</BusinessEntityID><RateChangeDate>2011-05-31 00:00:00</RateChangeDate><Rate>23.0769</Rate><PayFrequency>2</PayFrequency><ModifiedDate>2014-06-30 00:00:00</ModifiedDate></EmployeePayHistory>
<EmployeePayHistory><BusinessEntityID>284</BusinessEntityID><RateChangeDate>2012-09-30 00:00:00</RateChangeDate><Rate>23.0769</Rate><PayFrequency>2</PayFrequency><ModifiedDate>2014-06-30 00:00:00</ModifiedDate></EmployeePayHistory>
<EmployeePayHistory><BusinessEntityID>285</BusinessEntityID><RateChangeDate>2013-03-14 00:00:00</RateChangeDate><Rate>48.1010</Rate><PayFrequency>2</PayFrequency><ModifiedDate>2014-06-30 00:00:00</ModifiedDate></EmployeePayHistory>
<EmployeePayHistory><BusinessEntityID>286</BusinessEntityID><RateChangeDate>2013-05-30 00:00:00</RateChangeDate><Rate>23.0769</Rate><PayFrequency>2</PayFrequency><ModifiedDate>2014-06-30 00:00:00</ModifiedDate></EmployeePayHistory>
<EmployeePayHistory><BusinessEntityID>287</BusinessEntityID><RateChangeDate>2012-04-16 00:00:00</RateChangeDate><Rate>48.1010</Rate><PayFrequency>2</PayFrequency><ModifiedDate>2014-06-30 00:00:00</ModifiedDate></EmployeePayHistory>
<EmployeePayHistory><BusinessEntityID>288</BusinessEntityID><RateChangeDate>2013-05-30 00:00:00</RateChangeDate><Rate>23.0769</Rate><PayFrequency>2</PayFrequency><ModifiedDate>2014-06-30 00:00:00</ModifiedDate></EmployeePayHistory>
<EmployeePayHistory><BusinessEntityID>289</BusinessEntityID><RateChangeDate>2012-05-30 00:00:00</RateChangeDate><Rate>23.0769</Rate><PayFrequency>2</PayFrequency><ModifiedDate>2014-06-30 00:00:00</ModifiedDate></EmployeePayHistory>
<EmployeePayHistory><BusinessEntityID>290</BusinessEntityID><RateChangeDate>2012-05-30 00:00:00</RateChangeDate><Rate>23.0769</Rate><PayFrequency>2</PayFrequency><ModifiedDate>2014-06-30 00:00:00</ModifiedDate></EmployeePayHistory>
</DataTable>
