<DataTable>
<AddressType><AddressTypeID>1</AddressTypeID><Name>Billing</Name><ModifiedDate>2008-04-30 00:00:00</ModifiedDate></AddressType>
<AddressType><AddressTypeID>2</AddressTypeID><Name>Home</Name><ModifiedDate>2008-04-30 00:00:00</ModifiedDate></AddressType>
<AddressType><AddressTypeID>3</AddressTypeID><Name>Main Office</Name><ModifiedDate>2008-04-30 00:00:00</ModifiedDate></AddressType>
<AddressType><AddressTypeID>4</AddressTypeID><Name>Primary</Name><ModifiedDate>2008-04-30 00:00:00</ModifiedDate></AddressType>
<AddressType><AddressTypeID>5</AddressTypeID><Name>Shipping</Name><ModifiedDate>2008-04-30 00:00:00</ModifiedDate></AddressType>
<AddressType><AddressTypeID>6</AddressTypeID><Name>Archive</Name><ModifiedDate>2008-04-30 00:00:00</ModifiedDate></AddressType>
</DataTable>
