<DataTable>
<ProductCostHistory><ProductID>707</ProductID><StartDate>2011-05-31 00:00:00</StartDate><EndDate>2012-05-29 00:00:00</EndDate><StandardCost>12.0278</StandardCost><ModifiedDate>2012-05-29 00:00:00</ModifiedDate></ProductCostHistory>
<ProductCostHistory><ProductID>707</ProductID><StartDate>2012-05-30 00:00:00</StartDate><EndDate>2013-05-29 00:00:00</EndDate><StandardCost>13.8782</StandardCost><ModifiedDate>2013-05-29 00:00:00</ModifiedDate></ProductCostHistory>
<ProductCostHistory><ProductID>707</ProductID><StartDate>2013-05-30 00:00:00</StartDate><EndDate></EndDate><StandardCost>13.0863</StandardCost><ModifiedDate>2013-05-16 00:00:00</ModifiedDate></ProductCostHistory>
<ProductCostHistory><ProductID>708</ProductID><StartDate>2011-05-31 00:00:00</StartDate><EndDate>2012-05-29 00:00:00</EndDate><StandardCost>12.0278</StandardCost><ModifiedDate>2012-05-29 00:00:00</ModifiedDate></ProductCostHistory>
<ProductCostHistory><ProductID>708</ProductID><StartDate>2012-05-30 00:00:00</StartDate><EndDate>2013-05-29 00:00:00</EndDate><StandardCost>13.8782</StandardCost><ModifiedDate>2013-05-29 00:00:00</ModifiedDate></ProductCostHistory>
<ProductCostHistory><ProductID>708</ProductID><StartDate>2013-05-30 00:00:00</StartDate><EndDate></EndDate><StandardCost>13.0863</StandardCost><ModifiedDate>2013-05-16 00:00:00</ModifiedDate></ProductCostHistory>
<ProductCostHistory><ProductID>709</ProductID><StartDate>2011-05-31 00:00:00</StartDate><EndDate>2012-05-29 00:00:00</EndDate><StandardCost>3.3963</StandardCost><ModifiedDate>2012-05-29 00:00:00</ModifiedDate></ProductCostHistory>
<ProductCostHistory><ProductID>710</ProductID><StartDate>2011-05-31 00:00:00</StartDate><EndDate>2012-05-29 00:00:00</EndDate><StandardCost>3.3963</StandardCost><ModifiedDate>2012-05-29 00:00:00</ModifiedDate></ProductCostHistory>
<ProductCostHistory><ProductID>711</ProductID><StartDate>2011-05-31 00:00:00</StartDate><EndDate>2012-05-29 00:00:00</EndDate><StandardCost>12.0278</StandardCost><ModifiedDate>2012-05-29 00:00:00</ModifiedDate></ProductCostHistory>
<ProductCostHistory><ProductID>711</ProductID><StartDate>2012-05-30 00:00:00</StartDate><EndDate>2013-05-29 00:00:00</EndDate><StandardCost>13.8782</StandardCost><ModifiedDate>2013-05-29 00:00:00</ModifiedDate></ProductCostHistory>
<ProductCostHistory><ProductID>711</ProductID><StartDate>2013-05-30 00:00:00</StartDate><EndDate></EndDate><StandardCost>13.0863</StandardCost><ModifiedDate>2013-05-16 00:00:00</ModifiedDate></ProductCostHistory>
<ProductCostHistory><ProductID>712</ProductID><StartDate>2011-05-31 00:00:00</StartDate><EndDate>2012-05-29 00:00:00</EndDate><StandardCost>5.7052</StandardCost><ModifiedDate>2012-05-29 00:00:00</ModifiedDate></ProductCostHistory>
<ProductCostHistory><ProductID>712</ProductID><StartDate>2012-05-30 00:00:00</StartDate><EndDate>2013-05-29 00:00:00</EndDate><StandardCost>5.2297</StandardCost><ModifiedDate>2013-05-29 00:00:00</ModifiedDate></ProductCostHistory>
<ProductCostHistory><ProductID>712</ProductID><StartDate>2013-05-30 00:00:00</StartDate><EndDate></EndDate><StandardCost>6.9223</StandardCost><ModifiedDate>2013-05-16 00:00:00</ModifiedDate></ProductCostHistory>
<ProductCostHistory><ProductID>713</ProductID><StartDate>2011-05-31 00:00:00</StartDate><EndDate>2012-05-29 00:00:00</EndDate><StandardCost>31.7244</StandardCost><ModifiedDate>2012-05-29 00:00:00</ModifiedDate></ProductCostHistory>
<ProductCostHistory><ProductID>713</ProductID><StartDate>2012-05-30 00:00:00</StartDate><EndDate>2013-05-29 00:00:00</EndDate><StandardCost>29.0807</StandardCost><ModifiedDate>2013-05-29 00:00:00</ModifiedDate></ProductCostHistory>
<ProductCostHistory><ProductID>713</ProductID><StartDate>2013-05-30 00:00:00</StartDate><EndDate></EndDate><StandardCost>38.4923</StandardCost><ModifiedDate>2013-05-16 00:00:00</ModifiedDate></ProductCostHistory>
<ProductCostHistory><ProductID>714</ProductID><StartDate>2011-05-31 00:00:00</StartDate><EndDate>2012-05-29 00:00:00</EndDate><StandardCost>31.7244</StandardCost><ModifiedDate>2012-05-29 00:00:00</ModifiedDate></ProductCostHistory>
<ProductCostHistory><ProductID>714</ProductID><StartDate>2012-05-30 00:00:00</StartDate><EndDate>2013-05-29 00:00:00</EndDate><StandardCost>29.0807</StandardCost><ModifiedDate>2013-05-29 00:00:00</ModifiedDate></ProductCostHistory>
<ProductCostHistory><ProductID>714</ProductID><StartDate>2013-05-30 00:00:00</StartDate><EndDate></EndDate><StandardCost>38.4923</StandardCost><ModifiedDate>2013-05-16 00:00:00</ModifiedDate></ProductCostHistory>
<ProductCostHistory><ProductID>715</ProductID><StartDate>2011-05-31 00:00:00</StartDate><EndDate>2012-05-29 00:00:00</EndDate><StandardCost>31.7244</StandardCost><ModifiedDate>2012-05-29 00:00:00</ModifiedDate></ProductCostHistory>
<ProductCostHistory><ProductID>715</ProductID><StartDate>2012-05-30 00:00:00</StartDate><EndDate>2013-05-29 00:00:00</EndDate><StandardCost>29.0807</StandardCost><ModifiedDate>2013-05-29 00:00:00</ModifiedDate></ProductCostHistory>
<ProductCostHistory><ProductID>715</ProductID><StartDate>2013-05-30 00:00:00</StartDate><EndDate></EndDate><StandardCost>38.4923</StandardCost><ModifiedDate>2013-05-16 00:00:00</ModifiedDate></ProductCostHistory>
<ProductCostHistory><ProductID>716</ProductID><StartDate>2011-05-31 00:00:00</StartDate><EndDate>2012-05-29 00:00:00</EndDate><StandardCost>31.7244</StandardCost><ModifiedDate>2012-05-29 00:00:00</ModifiedDate></ProductCostHistory>
<ProductCostHistory><ProductID>716</ProductID><StartDate>2012-05-30 00:00:00</StartDate><EndDate>2013-05-29 00:00:00</EndDate><StandardCost>29.0807</StandardCost><ModifiedDate>2013-05-29 00:00:00</ModifiedDate></ProductCostHistory>
<ProductCostHistory><ProductID>716</ProductID><StartDate>2013-05-30 00:00:00</StartDate><EndDate></EndDate><StandardCost>38.4923</StandardCost><ModifiedDate>2013-05-16 00:00:00</ModifiedDate></ProductCostHistory>
<ProductCostHistory><ProductID>717</ProductID><StartDate>2011-05-31 00:00:00</StartDate><EndDate>2012-05-29 00:00:00</EndDate><StandardCost>747.9682</StandardCost><ModifiedDate>2012-05-29 00:00:00</ModifiedDate></ProductCostHistory>
<ProductCostHistory><ProductID>717</ProductID><StartDate>2012-05-30 00:00:00</StartDate><EndDate>2013-05-29 00:00:00</EndDate><StandardCost>722.2568</StandardCost><ModifiedDate>2013-05-29 00:00:00</ModifiedDate></ProductCostHistory>
<ProductCostHistory><ProductID>717</ProductID><StartDate>2013-05-30 00:00:00</StartDate><EndDate></EndDate><StandardCost>868.6342</StandardCost><ModifiedDate>2013-05-16 00:00:00</ModifiedDate></ProductCostHistory>
<ProductCostHistory><ProductID>718</ProductID><StartDate>2011-05-31 00:00:00</StartDate><EndDate>2012-05-29 00:00:00</EndDate><StandardCost>747.9682</StandardCost><ModifiedDate>2012-05-29 00:00:00</ModifiedDate></ProductCostHistory>
<ProductCostHistory><ProductID>718</ProductID><StartDate>2012-05-30 00:00:00</StartDate><EndDate>2013-05-29 00:00:00</EndDate><StandardCost>722.2568</StandardCost><ModifiedDate>2013-05-29 00:00:00</ModifiedDate></ProductCostHistory>
<ProductCostHistory><ProductID>718</ProductID><StartDate>2013-05-30 00:00:00</StartDate><EndDate></EndDate><StandardCost>868.6342</StandardCost><ModifiedDate>2013-05-16 00:00:00</ModifiedDate></ProductCostHistory>
<ProductCostHistory><ProductID>719</ProductID><StartDate>2011-05-31 00:00:00</StartDate><EndDate>2012-05-29 00:00:00</EndDate><StandardCost>747.9682</StandardCost><ModifiedDate>2012-05-29 00:00:00</ModifiedDate></ProductCostHistory>
<ProductCostHistory><ProductID>719</ProductID><StartDate>2012-05-30 00:00:00</StartDate><EndDate>2013-05-29 00:00:00</EndDate><StandardCost>722.2568</StandardCost><ModifiedDate>2013-05-29 00:00:00</ModifiedDate></ProductCostHistory>
<ProductCostHistory><ProductID>719</ProductID><StartDate>2013-05-30 00:00:00</StartDate><EndDate></EndDate><StandardCost>868.6342</StandardCost><ModifiedDate>2013-05-16 00:00:00</ModifiedDate></ProductCostHistory>
<ProductCostHistory><ProductID>720</ProductID><StartDate>2011-05-31 00:00:00</StartDate><EndDate>2012-05-29 00:00:00</EndDate><StandardCost>747.9682</StandardCost><ModifiedDate>2012-05-29 00:00:00</ModifiedDate></ProductCostHistory>
<ProductCostHistory><ProductID>720</ProductID><StartDate>2012-05-30 00:00:00</StartDate><EndDate>2013-05-29 00:00:00</EndDate><StandardCost>722.2568</StandardCost><ModifiedDate>2013-05-29 00:00:00</ModifiedDate></ProductCostHistory>
<ProductCostHistory><ProductID>720</ProductID><StartDate>2013-05-30 00:00:00</StartDate><EndDate></EndDate><StandardCost>868.6342</StandardCost><ModifiedDate>2013-05-16 00:00:00</ModifiedDate></ProductCostHistory>
<ProductCostHistory><ProductID>721</ProductID><StartDate>2011-05-31 00:00:00</StartDate><EndDate>2012-05-29 00:00:00</EndDate><StandardCost>747.9682</StandardCost><ModifiedDate>2012-05-29 00:00:00</ModifiedDate></ProductCostHistory>
<ProductCostHistory><ProductID>721</ProductID><StartDate>2012-05-30 00:00:00</StartDate><EndDate>2013-05-29 00:00:00</EndDate><StandardCost>722.2568</StandardCost><ModifiedDate>2013-05-29 00:00:00</ModifiedDate></ProductCostHistory>
<ProductCostHistory><ProductID>721</ProductID><StartDate>2013-05-30 00:00:00</StartDate><EndDate></EndDate><StandardCost>868.6342</StandardCost><ModifiedDate>2013-05-16 00:00:00</ModifiedDate></ProductCostHistory>
<ProductCostHistory><ProductID>722</ProductID><StartDate>2011-05-31 00:00:00</StartDate><EndDate>2012-05-29 00:00:00</EndDate><StandardCost>176.1997</StandardCost><ModifiedDate>2012-05-29 00:00:00</ModifiedDate></ProductCostHistory>
<ProductCostHistory><ProductID>722</ProductID><StartDate>2012-05-30 00:00:00</StartDate><EndDate>2013-05-29 00:00:00</EndDate><StandardCost>170.1428</StandardCost><ModifiedDate>2013-05-29 00:00:00</ModifiedDate></ProductCostHistory>
<ProductCostHistory><ProductID>722</ProductID><StartDate>2013-05-30 00:00:00</StartDate><EndDate></EndDate><StandardCost>204.6251</StandardCost><ModifiedDate>2013-05-16 00:00:00</ModifiedDate></ProductCostHistory>
<ProductCostHistory><ProductID>723</ProductID><StartDate>2011-05-31 00:00:00</StartDate><EndDate>2012-05-29 00:00:00</EndDate><StandardCost>176.1997</StandardCost><ModifiedDate>2012-05-29 00:00:00</ModifiedDate></ProductCostHistory>
<ProductCostHistory><ProductID>723</ProductID><StartDate>2012-05-30 00:00:00</StartDate><EndDate>2013-05-29 00:00:00</EndDate><StandardCost>170.1428</StandardCost><ModifiedDate>2013-05-29 00:00:00</ModifiedDate></ProductCostHistory>
<ProductCostHistory><ProductID>723</ProductID><StartDate>2013-05-30 00:00:00</StartDate><EndDate></EndDate><StandardCost>204.6251</StandardCost><ModifiedDate>2013-05-16 00:00:00</ModifiedDate></ProductCostHistory>
<ProductCostHistory><ProductID>724</ProductID><StartDate>2011-05-31 00:00:00</StartDate><EndDate>2012-05-29 00:00:00</EndDate><StandardCost>176.1997</StandardCost><ModifiedDate>2012-05-29 00:00:00</ModifiedDate></ProductCostHistory>
<ProductCostHistory><ProductID>724</ProductID><StartDate>2012-05-30 00:00:00</StartDate><EndDate>2013-05-29 00:00:00</EndDate><StandardCost>170.1428</StandardCost><ModifiedDate>2013-05-29 00:00:00</ModifiedDate></ProductCostHistory>
<ProductCostHistory><ProductID>724</ProductID><StartDate>2013-05-30 00:00:00</StartDate><EndDate></EndDate><StandardCost>204.6251</StandardCost><ModifiedDate>2013-05-16 00:00:00</ModifiedDate></ProductCostHistory>
<ProductCostHistory><ProductID>725</ProductID><StartDate>2011-05-31 00:00:00</StartDate><EndDate>2012-05-29 00:00:00</EndDate><StandardCost>181.4857</StandardCost><ModifiedDate>2012-05-29 00:00:00</ModifiedDate></ProductCostHistory>
<ProductCostHistory><ProductID>725</ProductID><StartDate>2012-05-30 00:00:00</StartDate><EndDate>2013-05-29 00:00:00</EndDate><StandardCost>187.1571</StandardCost><ModifiedDate>2013-05-29 00:00:00</ModifiedDate></ProductCostHistory>
<ProductCostHistory><ProductID>726</ProductID><StartDate>2011-05-31 00:00:00</StartDate><EndDate>2012-05-29 00:00:00</EndDate><StandardCost>181.4857</StandardCost><ModifiedDate>2012-05-29 00:00:00</ModifiedDate></ProductCostHistory>
<ProductCostHistory><ProductID>726</ProductID><StartDate>2012-05-30 00:00:00</StartDate><EndDate>2013-05-29 00:00:00</EndDate><StandardCost>187.1571</StandardCost><ModifiedDate>2013-05-29 00:00:00</ModifiedDate></ProductCostHistory>
<ProductCostHistory><ProductID>727</ProductID><StartDate>2011-05-31 00:00:00</StartDate><EndDate>2012-05-29 00:00:00</EndDate><StandardCost>181.4857</StandardCost><ModifiedDate>2012-05-29 00:00:00</ModifiedDate></ProductCostHistory>
<ProductCostHistory><ProductID>727</ProductID><StartDate>2012-05-30 00:00:00</StartDate><EndDate>2013-05-29 00:00:00</EndDate><StandardCost>187.1571</StandardCost><ModifiedDate>2013-05-29 00:00:00</ModifiedDate></ProductCostHistory>
<ProductCostHistory><ProductID>728</ProductID><StartDate>2011-05-31 00:00:00</StartDate><EndDate>2012-05-29 00:00:00</EndDate><StandardCost>181.4857</StandardCost><ModifiedDate>2012-05-29 00:00:00</ModifiedDate></ProductCostHistory>
<ProductCostHistory><ProductID>728</ProductID><StartDate>2012-05-30 00:00:00</StartDate><EndDate>2013-05-29 00:00:00</EndDate><StandardCost>187.1571</StandardCost><ModifiedDate>2013-05-29 00:00:00</ModifiedDate></ProductCostHistory>
<ProductCostHistory><ProductID>729</ProductID><StartDate>2011-05-31 00:00:00</StartDate><EndDate>2012-05-29 00:00:00</EndDate><StandardCost>181.4857</StandardCost><ModifiedDate>2012-05-29 00:00:00</ModifiedDate></ProductCostHistory>
<ProductCostHistory><ProductID>729</ProductID><StartDate>2012-05-30 00:00:00</StartDate><EndDate>2013-05-29 00:00:00</EndDate><StandardCost>187.1571</StandardCost><ModifiedDate>2013-05-29 00:00:00</ModifiedDate></ProductCostHistory>
<ProductCostHistory><ProductID>730</ProductID><StartDate>2011-05-31 00:00:00</StartDate><EndDate>2012-05-29 00:00:00</EndDate><StandardCost>181.4857</StandardCost><ModifiedDate>2012-05-29 00:00:00</ModifiedDate></ProductCostHistory>
<ProductCostHistory><ProductID>730</ProductID><StartDate>2012-05-30 00:00:00</StartDate><EndDate>2013-05-29 00:00:00</EndDate><StandardCost>187.1571</StandardCost><ModifiedDate>2013-05-29 00:00:00</ModifiedDate></ProductCostHistory>
<ProductCostHistory><ProductID>731</ProductID><StartDate>2011-05-31 00:00:00</StartDate><EndDate>2012-05-29 00:00:00</EndDate><StandardCost>352.1394</StandardCost><ModifiedDate>2012-05-29 00:00:00</ModifiedDate></ProductCostHistory>
<ProductCostHistory><ProductID>732</ProductID><StartDate>2011-05-31 00:00:00</StartDate><EndDate>2012-05-29 00:00:00</EndDate><StandardCost>352.1394</StandardCost><ModifiedDate>2012-05-29 00:00:00</ModifiedDate></ProductCostHistory>
<ProductCostHistory><ProductID>733</ProductID><StartDate>2011-05-31 00:00:00</StartDate><EndDate>2012-05-29 00:00:00</EndDate><StandardCost>352.1394</StandardCost><ModifiedDate>2012-05-29 00:00:00</ModifiedDate></ProductCostHistory>
<ProductCostHistory><ProductID>734</ProductID><StartDate>2011-05-31 00:00:00</StartDate><EndDate>2012-05-29 00:00:00</EndDate><StandardCost>352.1394</StandardCost><ModifiedDate>2012-05-29 00:00:00</ModifiedDate></ProductCostHistory>
<ProductCostHistory><ProductID>735</ProductID><StartDate>2011-05-31 00:00:00</StartDate><EndDate>2012-05-29 00:00:00</EndDate><StandardCost>352.1394</StandardCost><ModifiedDate>2012-05-29 00:00:00</ModifiedDate></ProductCostHistory>
<ProductCostHistory><ProductID>736</ProductID><StartDate>2011-05-31 00:00:00</StartDate><EndDate>2012-05-29 00:00:00</EndDate><StandardCost>176.1997</StandardCost><ModifiedDate>2012-05-29 00:00:00</ModifiedDate></ProductCostHistory>
<ProductCostHistory><ProductID>736</ProductID><StartDate>2012-05-30 00:00:00</StartDate><EndDate>2013-05-29 00:00:00</EndDate><StandardCost>170.1428</StandardCost><ModifiedDate>2013-05-29 00:00:00</ModifiedDate></ProductCostHistory>
<ProductCostHistory><ProductID>736</ProductID><StartDate>2013-05-30 00:00:00</StartDate><EndDate></EndDate><StandardCost>204.6251</StandardCost><ModifiedDate>2013-05-16 00:00:00</ModifiedDate></ProductCostHistory>
<ProductCostHistory><ProductID>737</ProductID><StartDate>2011-05-31 00:00:00</StartDate><EndDate>2012-05-29 00:00:00</EndDate><StandardCost>176.1997</StandardCost><ModifiedDate>2012-05-29 00:00:00</ModifiedDate></ProductCostHistory>
<ProductCostHistory><ProductID>737</ProductID><StartDate>2012-05-30 00:00:00</StartDate><EndDate>2013-05-29 00:00:00</EndDate><StandardCost>170.1428</StandardCost><ModifiedDate>2013-05-29 00:00:00</ModifiedDate></ProductCostHistory>
<ProductCostHistory><ProductID>737</ProductID><StartDate>2013-05-30 00:00:00</StartDate><EndDate></EndDate><StandardCost>204.6251</StandardCost><ModifiedDate>2013-05-16 00:00:00</ModifiedDate></ProductCostHistory>
<ProductCostHistory><ProductID>738</ProductID><StartDate>2011-05-31 00:00:00</StartDate><EndDate>2012-05-29 00:00:00</EndDate><StandardCost>176.1997</StandardCost><ModifiedDate>2012-05-29 00:00:00</ModifiedDate></ProductCostHistory>
<ProductCostHistory><ProductID>738</ProductID><StartDate>2012-05-30 00:00:00</StartDate><EndDate>2013-05-29 00:00:00</EndDate><StandardCost>170.1428</StandardCost><ModifiedDate>2013-05-29 00:00:00</ModifiedDate></ProductCostHistory>
<ProductCostHistory><ProductID>738</ProductID><StartDate>2013-05-30 00:00:00</StartDate><EndDate></EndDate><StandardCost>204.6251</StandardCost><ModifiedDate>2013-05-16 00:00:00</ModifiedDate></ProductCostHistory>
<ProductCostHistory><ProductID>739</ProductID><StartDate>2011-05-31 00:00:00</StartDate><EndDate>2012-05-29 00:00:00</EndDate><StandardCost>623.8403</StandardCost><ModifiedDate>2012-05-29 00:00:00</ModifiedDate></ProductCostHistory>
<ProductCostHistory><ProductID>739</ProductID><StartDate>2012-05-30 00:00:00</StartDate><EndDate>2013-05-29 00:00:00</EndDate><StandardCost>660.9142</StandardCost><ModifiedDate>2013-05-29 00:00:00</ModifiedDate></ProductCostHistory>
<ProductCostHistory><ProductID>739</ProductID><StartDate>2013-05-30 00:00:00</StartDate><EndDate></EndDate><StandardCost>747.2002</StandardCost><ModifiedDate>2013-05-16 00:00:00</ModifiedDate></ProductCostHistory>
<ProductCostHistory><ProductID>740</ProductID><StartDate>2011-05-31 00:00:00</StartDate><EndDate>2012-05-29 00:00:00</EndDate><StandardCost>706.8110</StandardCost><ModifiedDate>2012-05-29 00:00:00</ModifiedDate></ProductCostHistory>
<ProductCostHistory><ProductID>741</ProductID><StartDate>2011-05-31 00:00:00</StartDate><EndDate>2012-05-29 00:00:00</EndDate><StandardCost>706.8110</StandardCost><ModifiedDate>2012-05-29 00:00:00</ModifiedDate></ProductCostHistory>
<ProductCostHistory><ProductID>742</ProductID><StartDate>2011-05-31 00:00:00</StartDate><EndDate>2012-05-29 00:00:00</EndDate><StandardCost>623.8403</StandardCost><ModifiedDate>2012-05-29 00:00:00</ModifiedDate></ProductCostHistory>
<ProductCostHistory><ProductID>742</ProductID><StartDate>2012-05-30 00:00:00</StartDate><EndDate>2013-05-29 00:00:00</EndDate><StandardCost>660.9142</StandardCost><ModifiedDate>2013-05-29 00:00:00</ModifiedDate></ProductCostHistory>
<ProductCostHistory><ProductID>742</ProductID><StartDate>2013-05-30 00:00:00</StartDate><EndDate></EndDate><StandardCost>747.2002</StandardCost><ModifiedDate>2013-05-16 00:00:00</ModifiedDate></ProductCostHistory>
<ProductCostHistory><ProductID>743</ProductID><StartDate>2011-05-31 00:00:00</StartDate><EndDate>2012-05-29 00:00:00</EndDate><StandardCost>617.0281</StandardCost><ModifiedDate>2012-05-29 00:00:00</ModifiedDate></ProductCostHistory>
<ProductCostHistory><ProductID>743</ProductID><StartDate>2012-05-30 00:00:00</StartDate><EndDate>2013-05-29 00:00:00</EndDate><StandardCost>653.6971</StandardCost><ModifiedDate>2013-05-29 00:00:00</ModifiedDate></ProductCostHistory>
<ProductCostHistory><ProductID>743</ProductID><StartDate>2013-05-30 00:00:00</StartDate><EndDate></EndDate><StandardCost>739.0410</StandardCost><ModifiedDate>2013-05-16 00:00:00</ModifiedDate></ProductCostHistory>
<ProductCostHistory><ProductID>744</ProductID><StartDate>2011-05-31 00:00:00</StartDate><EndDate>2012-05-29 00:00:00</EndDate><StandardCost>699.0928</StandardCost><ModifiedDate>2012-05-29 00:00:00</ModifiedDate></ProductCostHistory>
<ProductCostHistory><ProductID>745</ProductID><StartDate>2011-05-31 00:00:00</StartDate><EndDate>2012-05-29 00:00:00</EndDate><StandardCost>699.0928</StandardCost><ModifiedDate>2012-05-29 00:00:00</ModifiedDate></ProductCostHistory>
<ProductCostHistory><ProductID>746</ProductID><StartDate>2011-05-31 00:00:00</StartDate><EndDate>2012-05-29 00:00:00</EndDate><StandardCost>617.0281</StandardCost><ModifiedDate>2012-05-29 00:00:00</ModifiedDate></ProductCostHistory>
<ProductCostHistory><ProductID>746</ProductID><StartDate>2012-05-30 00:00:00</StartDate><EndDate>2013-05-29 00:00:00</EndDate><StandardCost>653.6971</StandardCost><ModifiedDate>2013-05-29 00:00:00</ModifiedDate></ProductCostHistory>
<ProductCostHistory><ProductID>746</ProductID><StartDate>2013-05-30 00:00:00</StartDate><EndDate></EndDate><StandardCost>739.0410</StandardCost><ModifiedDate>2013-05-16 00:00:00</ModifiedDate></ProductCostHistory>
<ProductCostHistory><ProductID>747</ProductID><StartDate>2011-05-31 00:00:00</StartDate><EndDate>2012-05-29 00:00:00</EndDate><StandardCost>617.0281</StandardCost><ModifiedDate>2012-05-29 00:00:00</ModifiedDate></ProductCostHistory>
<ProductCostHistory><ProductID>747</ProductID><StartDate>2012-05-30 00:00:00</StartDate><EndDate>2013-05-29 00:00:00</EndDate><StandardCost>653.6971</StandardCost><ModifiedDate>2013-05-29 00:00:00</ModifiedDate></ProductCostHistory>
<ProductCostHistory><ProductID>747</ProductID><StartDate>2013-05-30 00:00:00</StartDate><EndDate></EndDate><StandardCost>739.0410</StandardCost><ModifiedDate>2013-05-16 00:00:00</ModifiedDate></ProductCostHistory>
<ProductCostHistory><ProductID>748</ProductID><StartDate>2011-05-31 00:00:00</StartDate><EndDate>2012-05-29 00:00:00</EndDate><StandardCost>623.8403</StandardCost><ModifiedDate>2012-05-29 00:00:00</ModifiedDate></ProductCostHistory>
<ProductCostHistory><ProductID>748</ProductID><StartDate>2012-05-30 00:00:00</StartDate><EndDate>2013-05-29 00:00:00</EndDate><StandardCost>660.9142</StandardCost><ModifiedDate>2013-05-29 00:00:00</ModifiedDate></ProductCostHistory>
<ProductCostHistory><ProductID>748</ProductID><StartDate>2013-05-30 00:00:00</StartDate><EndDate></EndDate><StandardCost>747.2002</StandardCost><ModifiedDate>2013-05-16 00:00:00</ModifiedDate></ProductCostHistory>
<ProductCostHistory><ProductID>749</ProductID><StartDate>2011-05-31 00:00:00</StartDate><EndDate>2012-05-29 00:00:00</EndDate><StandardCost>2171.2942</StandardCost><ModifiedDate>2012-05-29 00:00:00</ModifiedDate></ProductCostHistory>
<ProductCostHistory><ProductID>750</ProductID><StartDate>2011-05-31 00:00:00</StartDate><EndDate>2012-05-29 00:00:00</EndDate><StandardCost>2171.2942</StandardCost><ModifiedDate>2012-05-29 00:00:00</ModifiedDate></ProductCostHistory>
<ProductCostHistory><ProductID>751</ProductID><StartDate>2011-05-31 00:00:00</StartDate><EndDate>2012-05-29 00:00:00</EndDate><StandardCost>2171.2942</StandardCost><ModifiedDate>2012-05-29 00:00:00</ModifiedDate></ProductCostHistory>
<ProductCostHistory><ProductID>752</ProductID><StartDate>2011-05-31 00:00:00</StartDate><EndDate>2012-05-29 00:00:00</EndDate><StandardCost>2171.2942</StandardCost><ModifiedDate>2012-05-29 00:00:00</ModifiedDate></ProductCostHistory>
<ProductCostHistory><ProductID>753</ProductID><StartDate>2011-05-31 00:00:00</StartDate><EndDate>2012-05-29 00:00:00</EndDate><StandardCost>2171.2942</StandardCost><ModifiedDate>2012-05-29 00:00:00</ModifiedDate></ProductCostHistory>
<ProductCostHistory><ProductID>754</ProductID><StartDate>2011-05-31 00:00:00</StartDate><EndDate>2012-05-29 00:00:00</EndDate><StandardCost>884.7083</StandardCost><ModifiedDate>2012-05-29 00:00:00</ModifiedDate></ProductCostHistory>
<ProductCostHistory><ProductID>755</ProductID><StartDate>2011-05-31 00:00:00</StartDate><EndDate>2012-05-29 00:00:00</EndDate><StandardCost>884.7083</StandardCost><ModifiedDate>2012-05-29 00:00:00</ModifiedDate></ProductCostHistory>
<ProductCostHistory><ProductID>756</ProductID><StartDate>2011-05-31 00:00:00</StartDate><EndDate>2012-05-29 00:00:00</EndDate><StandardCost>884.7083</StandardCost><ModifiedDate>2012-05-29 00:00:00</ModifiedDate></ProductCostHistory>
<ProductCostHistory><ProductID>757</ProductID><StartDate>2011-05-31 00:00:00</StartDate><EndDate>2012-05-29 00:00:00</EndDate><StandardCost>884.7083</StandardCost><ModifiedDate>2012-05-29 00:00:00</ModifiedDate></ProductCostHistory>
<ProductCostHistory><ProductID>758</ProductID><StartDate>2011-05-31 00:00:00</StartDate><EndDate>2012-05-29 00:00:00</EndDate><StandardCost>884.7083</StandardCost><ModifiedDate>2012-05-29 00:00:00</ModifiedDate></ProductCostHistory>
<ProductCostHistory><ProductID>759</ProductID><StartDate>2011-05-31 00:00:00</StartDate><EndDate>2012-05-29 00:00:00</EndDate><StandardCost>413.1463</StandardCost><ModifiedDate>2012-05-29 00:00:00</ModifiedDate></ProductCostHistory>
<ProductCostHistory><ProductID>759</ProductID><StartDate>2012-05-30 00:00:00</StartDate><EndDate>2013-05-29 00:00:00</EndDate><StandardCost>486.7066</StandardCost><ModifiedDate>2013-05-29 00:00:00</ModifiedDate></ProductCostHistory>
<ProductCostHistory><ProductID>760</ProductID><StartDate>2011-05-31 00:00:00</StartDate><EndDate>2012-05-29 00:00:00</EndDate><StandardCost>413.1463</StandardCost><ModifiedDate>2012-05-29 00:00:00</ModifiedDate></ProductCostHistory>
<ProductCostHistory><ProductID>760</ProductID><StartDate>2012-05-30 00:00:00</StartDate><EndDate>2013-05-29 00:00:00</EndDate><StandardCost>486.7066</StandardCost><ModifiedDate>2013-05-29 00:00:00</ModifiedDate></ProductCostHistory>
<ProductCostHistory><ProductID>761</ProductID><StartDate>2011-05-31 00:00:00</StartDate><EndDate>2012-05-29 00:00:00</EndDate><StandardCost>413.1463</StandardCost><ModifiedDate>2012-05-29 00:00:00</ModifiedDate></ProductCostHistory>
<ProductCostHistory><ProductID>761</ProductID><StartDate>2012-05-30 00:00:00</StartDate><EndDate>2013-05-29 00:00:00</EndDate><StandardCost>486.7066</StandardCost><ModifiedDate>2013-05-29 00:00:00</ModifiedDate></ProductCostHistory>
<ProductCostHistory><ProductID>762</ProductID><StartDate>2011-05-31 00:00:00</StartDate><EndDate>2012-05-29 00:00:00</EndDate><StandardCost>413.1463</StandardCost><ModifiedDate>2012-05-29 00:00:00</ModifiedDate></ProductCostHistory>
<ProductCostHistory><ProductID>762</ProductID><StartDate>2012-05-30 00:00:00</StartDate><EndDate>2013-05-29 00:00:00</EndDate><StandardCost>486.7066</StandardCost><ModifiedDate>2013-05-29 00:00:00</ModifiedDate></ProductCostHistory>
<ProductCostHistory><ProductID>763</ProductID><StartDate>2011-05-31 00:00:00</StartDate><EndDate>2012-05-29 00:00:00</EndDate><StandardCost>413.1463</StandardCost><ModifiedDate>2012-05-29 00:00:00</ModifiedDate></ProductCostHistory>
<ProductCostHistory><ProductID>763</ProductID><StartDate>2012-05-30 00:00:00</StartDate><EndDate>2013-05-29 00:00:00</EndDate><StandardCost>486.7066</StandardCost><ModifiedDate>2013-05-29 00:00:00</ModifiedDate></ProductCostHistory>
<ProductCostHistory><ProductID>764</ProductID><StartDate>2011-05-31 00:00:00</StartDate><EndDate>2012-05-29 00:00:00</EndDate><StandardCost>413.1463</StandardCost><ModifiedDate>2012-05-29 00:00:00</ModifiedDate></ProductCostHistory>
<ProductCostHistory><ProductID>764</ProductID><StartDate>2012-05-30 00:00:00</StartDate><EndDate>2013-05-29 00:00:00</EndDate><StandardCost>486.7066</StandardCost><ModifiedDate>2013-05-29 00:00:00</ModifiedDate></ProductCostHistory>
<ProductCostHistory><ProductID>765</ProductID><StartDate>2011-05-31 00:00:00</StartDate><EndDate>2012-05-29 00:00:00</EndDate><StandardCost>413.1463</StandardCost><ModifiedDate>2012-05-29 00:00:00</ModifiedDate></ProductCostHistory>
<ProductCostHistory><ProductID>765</ProductID><StartDate>2012-05-30 00:00:00</StartDate><EndDate>2013-05-29 00:00:00</EndDate><StandardCost>486.7066</StandardCost><ModifiedDate>2013-05-29 00:00:00</ModifiedDate></ProductCostHistory>
<ProductCostHistory><ProductID>766</ProductID><StartDate>2011-05-31 00:00:00</StartDate><EndDate>2012-05-29 00:00:00</EndDate><StandardCost>413.1463</StandardCost><ModifiedDate>2012-05-29 00:00:00</ModifiedDate></ProductCostHistory>
<ProductCostHistory><ProductID>766</ProductID><StartDate>2012-05-30 00:00:00</StartDate><EndDate>2013-05-29 00:00:00</EndDate><StandardCost>486.7066</StandardCost><ModifiedDate>2013-05-29 00:00:00</ModifiedDate></ProductCostHistory>
<ProductCostHistory><ProductID>767</ProductID><StartDate>2011-05-31 00:00:00</StartDate><EndDate>2012-05-29 00:00:00</EndDate><StandardCost>413.1463</StandardCost><ModifiedDate>2012-05-29 00:00:00</ModifiedDate></ProductCostHistory>
<ProductCostHistory><ProductID>767</ProductID><StartDate>2012-05-30 00:00:00</StartDate><EndDate>2013-05-29 00:00:00</EndDate><StandardCost>486.7066</StandardCost><ModifiedDate>2013-05-29 00:00:00</ModifiedDate></ProductCostHistory>
<ProductCostHistory><ProductID>768</ProductID><StartDate>2011-05-31 00:00:00</StartDate><EndDate>2012-05-29 00:00:00</EndDate><StandardCost>413.1463</StandardCost><ModifiedDate>2012-05-29 00:00:00</ModifiedDate></ProductCostHistory>
<ProductCostHistory><ProductID>768</ProductID><StartDate>2012-05-30 00:00:00</StartDate><EndDate>2013-05-29 00:00:00</EndDate><StandardCost>486.7066</StandardCost><ModifiedDate>2013-05-29 00:00:00</ModifiedDate></ProductCostHistory>
<ProductCostHistory><ProductID>769</ProductID><StartDate>2011-05-31 00:00:00</StartDate><EndDate>2012-05-29 00:00:00</EndDate><StandardCost>413.1463</StandardCost><ModifiedDate>2012-05-29 00:00:00</ModifiedDate></ProductCostHistory>
<ProductCostHistory><ProductID>769</ProductID><StartDate>2012-05-30 00:00:00</StartDate><EndDate>2013-05-29 00:00:00</EndDate><StandardCost>486.7066</StandardCost><ModifiedDate>2013-05-29 00:00:00</ModifiedDate></ProductCostHistory>
<ProductCostHistory><ProductID>770</ProductID><StartDate>2011-05-31 00:00:00</StartDate><EndDate>2012-05-29 00:00:00</EndDate><StandardCost>413.1463</StandardCost><ModifiedDate>2012-05-29 00:00:00</ModifiedDate></ProductCostHistory>
<ProductCostHistory><ProductID>770</ProductID><StartDate>2012-05-30 00:00:00</StartDate><EndDate>2013-05-29 00:00:00</EndDate><StandardCost>486.7066</StandardCost><ModifiedDate>2013-05-29 00:00:00</ModifiedDate></ProductCostHistory>
<ProductCostHistory><ProductID>771</ProductID><StartDate>2011-05-31 00:00:00</StartDate><EndDate>2012-05-29 00:00:00</EndDate><StandardCost>1912.1544</StandardCost><ModifiedDate>2012-05-29 00:00:00</ModifiedDate></ProductCostHistory>
<ProductCostHistory><ProductID>772</ProductID><StartDate>2011-05-31 00:00:00</StartDate><EndDate>2012-05-29 00:00:00</EndDate><StandardCost>1912.1544</StandardCost><ModifiedDate>2012-05-29 00:00:00</ModifiedDate></ProductCostHistory>
<ProductCostHistory><ProductID>773</ProductID><StartDate>2011-05-31 00:00:00</StartDate><EndDate>2012-05-29 00:00:00</EndDate><StandardCost>1912.1544</StandardCost><ModifiedDate>2012-05-29 00:00:00</ModifiedDate></ProductCostHistory>
<ProductCostHistory><ProductID>774</ProductID><StartDate>2011-05-31 00:00:00</StartDate><EndDate>2012-05-29 00:00:00</EndDate><StandardCost>1912.1544</StandardCost><ModifiedDate>2012-05-29 00:00:00</ModifiedDate></ProductCostHistory>
<ProductCostHistory><ProductID>775</ProductID><StartDate>2011-05-31 00:00:00</StartDate><EndDate>2012-05-29 00:00:00</EndDate><StandardCost>1898.0944</StandardCost><ModifiedDate>2012-05-29 00:00:00</ModifiedDate></ProductCostHistory>
<ProductCostHistory><ProductID>776</ProductID><StartDate>2011-05-31 00:00:00</StartDate><EndDate>2012-05-29 00:00:00</EndDate><StandardCost>1898.0944</StandardCost><ModifiedDate>2012-05-29 00:00:00</ModifiedDate></ProductCostHistory>
<ProductCostHistory><ProductID>777</ProductID><StartDate>2011-05-31 00:00:00</StartDate><EndDate>2012-05-29 00:00:00</EndDate><StandardCost>1898.0944</StandardCost><ModifiedDate>2012-05-29 00:00:00</ModifiedDate></ProductCostHistory>
<ProductCostHistory><ProductID>778</ProductID><StartDate>2011-05-31 00:00:00</StartDate><EndDate>2012-05-29 00:00:00</EndDate><StandardCost>1898.0944</StandardCost><ModifiedDate>2012-05-29 00:00:00</ModifiedDate></ProductCostHistory>
<ProductCostHistory><ProductID>779</ProductID><StartDate>2012-05-30 00:00:00</StartDate><EndDate>2013-05-29 00:00:00</EndDate><StandardCost>1117.8559</StandardCost><ModifiedDate>2013-05-29 00:00:00</ModifiedDate></ProductCostHistory>
<ProductCostHistory><ProductID>779</ProductID><StartDate>2013-05-30 00:00:00</StartDate><EndDate></EndDate><StandardCost>1265.6195</StandardCost><ModifiedDate>2013-05-16 00:00:00</ModifiedDate></ProductCostHistory>
<ProductCostHistory><ProductID>780</ProductID><StartDate>2012-05-30 00:00:00</StartDate><EndDate>2013-05-29 00:00:00</EndDate><StandardCost>1117.8559</StandardCost><ModifiedDate>2013-05-29 00:00:00</ModifiedDate></ProductCostHistory>
<ProductCostHistory><ProductID>780</ProductID><StartDate>2013-05-30 00:00:00</StartDate><EndDate></EndDate><StandardCost>1265.6195</StandardCost><ModifiedDate>2013-05-16 00:00:00</ModifiedDate></ProductCostHistory>
<ProductCostHistory><ProductID>781</ProductID><StartDate>2012-05-30 00:00:00</StartDate><EndDate>2013-05-29 00:00:00</EndDate><StandardCost>1117.8559</StandardCost><ModifiedDate>2013-05-29 00:00:00</ModifiedDate></ProductCostHistory>
<ProductCostHistory><ProductID>781</ProductID><StartDate>2013-05-30 00:00:00</StartDate><EndDate></EndDate><StandardCost>1265.6195</StandardCost><ModifiedDate>2013-05-16 00:00:00</ModifiedDate></ProductCostHistory>
<ProductCostHistory><ProductID>782</ProductID><StartDate>2012-05-30 00:00:00</StartDate><EndDate>2013-05-29 00:00:00</EndDate><StandardCost>1105.8100</StandardCost><ModifiedDate>2013-05-29 00:00:00</ModifiedDate></ProductCostHistory>
<ProductCostHistory><ProductID>782</ProductID><StartDate>2013-05-30 00:00:00</StartDate><EndDate></EndDate><StandardCost>1251.9813</StandardCost><ModifiedDate>2013-05-16 00:00:00</ModifiedDate></ProductCostHistory>
<ProductCostHistory><ProductID>783</ProductID><StartDate>2012-05-30 00:00:00</StartDate><EndDate>2013-05-29 00:00:00</EndDate><StandardCost>1105.8100</StandardCost><ModifiedDate>2013-05-29 00:00:00</ModifiedDate></ProductCostHistory>
<ProductCostHistory><ProductID>783</ProductID><StartDate>2013-05-30 00:00:00</StartDate><EndDate></EndDate><StandardCost>1251.9813</StandardCost><ModifiedDate>2013-05-16 00:00:00</ModifiedDate></ProductCostHistory>
<ProductCostHistory><ProductID>784</ProductID><StartDate>2012-05-30 00:00:00</StartDate><EndDate>2013-05-29 00:00:00</EndDate><StandardCost>1105.8100</StandardCost><ModifiedDate>2013-05-29 00:00:00</ModifiedDate></ProductCostHistory>
<ProductCostHistory><ProductID>784</ProductID><StartDate>2013-05-30 00:00:00</StartDate><EndDate></EndDate><StandardCost>1251.9813</StandardCost><ModifiedDate>2013-05-16 00:00:00</ModifiedDate></ProductCostHistory>
<ProductCostHistory><ProductID>785</ProductID><StartDate>2012-05-30 00:00:00</StartDate><EndDate>2013-05-29 00:00:00</EndDate><StandardCost>598.4354</StandardCost><ModifiedDate>2013-05-29 00:00:00</ModifiedDate></ProductCostHistory>
<ProductCostHistory><ProductID>786</ProductID><StartDate>2012-05-30 00:00:00</StartDate><EndDate>2013-05-29 00:00:00</EndDate><StandardCost>598.4354</StandardCost><ModifiedDate>2013-05-29 00:00:00</ModifiedDate></ProductCostHistory>
<ProductCostHistory><ProductID>787</ProductID><StartDate>2012-05-30 00:00:00</StartDate><EndDate>2013-05-29 00:00:00</EndDate><StandardCost>598.4354</StandardCost><ModifiedDate>2013-05-29 00:00:00</ModifiedDate></ProductCostHistory>
<ProductCostHistory><ProductID>788</ProductID><StartDate>2012-05-30 00:00:00</StartDate><EndDate>2013-05-29 00:00:00</EndDate><StandardCost>598.4354</StandardCost><ModifiedDate>2013-05-29 00:00:00</ModifiedDate></ProductCostHistory>
<ProductCostHistory><ProductID>789</ProductID><StartDate>2012-05-30 00:00:00</StartDate><EndDate>2013-05-29 00:00:00</EndDate><StandardCost>1518.7864</StandardCost><ModifiedDate>2013-05-29 00:00:00</ModifiedDate></ProductCostHistory>
<ProductCostHistory><ProductID>790</ProductID><StartDate>2012-05-30 00:00:00</StartDate><EndDate>2013-05-29 00:00:00</EndDate><StandardCost>1518.7864</StandardCost><ModifiedDate>2013-05-29 00:00:00</ModifiedDate></ProductCostHistory>
<ProductCostHistory><ProductID>791</ProductID><StartDate>2012-05-30 00:00:00</StartDate><EndDate>2013-05-29 00:00:00</EndDate><StandardCost>1518.7864</StandardCost><ModifiedDate>2013-05-29 00:00:00</ModifiedDate></ProductCostHistory>
<ProductCostHistory><ProductID>792</ProductID><StartDate>2012-05-30 00:00:00</StartDate><EndDate>2013-05-29 00:00:00</EndDate><StandardCost>1320.6838</StandardCost><ModifiedDate>2013-05-29 00:00:00</ModifiedDate></ProductCostHistory>
<ProductCostHistory><ProductID>792</ProductID><StartDate>2013-05-30 00:00:00</StartDate><EndDate></EndDate><StandardCost>1554.9479</StandardCost><ModifiedDate>2013-05-16 00:00:00</ModifiedDate></ProductCostHistory>
<ProductCostHistory><ProductID>793</ProductID><StartDate>2012-05-30 00:00:00</StartDate><EndDate>2013-05-29 00:00:00</EndDate><StandardCost>1320.6838</StandardCost><ModifiedDate>2013-05-29 00:00:00</ModifiedDate></ProductCostHistory>
<ProductCostHistory><ProductID>793</ProductID><StartDate>2013-05-30 00:00:00</StartDate><EndDate></EndDate><StandardCost>1554.9479</StandardCost><ModifiedDate>2013-05-16 00:00:00</ModifiedDate></ProductCostHistory>
<ProductCostHistory><ProductID>794</ProductID><StartDate>2012-05-30 00:00:00</StartDate><EndDate>2013-05-29 00:00:00</EndDate><StandardCost>1320.6838</StandardCost><ModifiedDate>2013-05-29 00:00:00</ModifiedDate></ProductCostHistory>
<ProductCostHistory><ProductID>794</ProductID><StartDate>2013-05-30 00:00:00</StartDate><EndDate></EndDate><StandardCost>1554.9479</StandardCost><ModifiedDate>2013-05-16 00:00:00</ModifiedDate></ProductCostHistory>
<ProductCostHistory><ProductID>795</ProductID><StartDate>2012-05-30 00:00:00</StartDate><EndDate>2013-05-29 00:00:00</EndDate><StandardCost>1320.6838</StandardCost><ModifiedDate>2013-05-29 00:00:00</ModifiedDate></ProductCostHistory>
<ProductCostHistory><ProductID>795</ProductID><StartDate>2013-05-30 00:00:00</StartDate><EndDate></EndDate><StandardCost>1554.9479</StandardCost><ModifiedDate>2013-05-16 00:00:00</ModifiedDate></ProductCostHistory>
<ProductCostHistory><ProductID>796</ProductID><StartDate>2012-05-30 00:00:00</StartDate><EndDate>2013-05-29 00:00:00</EndDate><StandardCost>1320.6838</StandardCost><ModifiedDate>2013-05-29 00:00:00</ModifiedDate></ProductCostHistory>
<ProductCostHistory><ProductID>796</ProductID><StartDate>2013-05-30 00:00:00</StartDate><EndDate></EndDate><StandardCost>1554.9479</StandardCost><ModifiedDate>2013-05-16 00:00:00</ModifiedDate></ProductCostHistory>
<ProductCostHistory><ProductID>797</ProductID><StartDate>2012-05-30 00:00:00</StartDate><EndDate>2013-05-29 00:00:00</EndDate><StandardCost>605.6492</StandardCost><ModifiedDate>2013-05-29 00:00:00</ModifiedDate></ProductCostHistory>
<ProductCostHistory><ProductID>797</ProductID><StartDate>2013-05-30 00:00:00</StartDate><EndDate></EndDate><StandardCost>713.0798</StandardCost><ModifiedDate>2013-05-16 00:00:00</ModifiedDate></ProductCostHistory>
<ProductCostHistory><ProductID>798</ProductID><StartDate>2012-05-30 00:00:00</StartDate><EndDate>2013-05-29 00:00:00</EndDate><StandardCost>605.6492</StandardCost><ModifiedDate>2013-05-29 00:00:00</ModifiedDate></ProductCostHistory>
<ProductCostHistory><ProductID>798</ProductID><StartDate>2013-05-30 00:00:00</StartDate><EndDate></EndDate><StandardCost>713.0798</StandardCost><ModifiedDate>2013-05-16 00:00:00</ModifiedDate></ProductCostHistory>
<ProductCostHistory><ProductID>799</ProductID><StartDate>2012-05-30 00:00:00</StartDate><EndDate>2013-05-29 00:00:00</EndDate><StandardCost>605.6492</StandardCost><ModifiedDate>2013-05-29 00:00:00</ModifiedDate></ProductCostHistory>
<ProductCostHistory><ProductID>799</ProductID><StartDate>2013-05-30 00:00:00</StartDate><EndDate></EndDate><StandardCost>713.0798</StandardCost><ModifiedDate>2013-05-16 00:00:00</ModifiedDate></ProductCostHistory>
<ProductCostHistory><ProductID>800</ProductID><StartDate>2012-05-30 00:00:00</StartDate><EndDate>2013-05-29 00:00:00</EndDate><StandardCost>605.6492</StandardCost><ModifiedDate>2013-05-29 00:00:00</ModifiedDate></ProductCostHistory>
<ProductCostHistory><ProductID>800</ProductID><StartDate>2013-05-30 00:00:00</StartDate><EndDate></EndDate><StandardCost>713.0798</StandardCost><ModifiedDate>2013-05-16 00:00:00</ModifiedDate></ProductCostHistory>
<ProductCostHistory><ProductID>801</ProductID><StartDate>2012-05-30 00:00:00</StartDate><EndDate>2013-05-29 00:00:00</EndDate><StandardCost>605.6492</StandardCost><ModifiedDate>2013-05-29 00:00:00</ModifiedDate></ProductCostHistory>
<ProductCostHistory><ProductID>801</ProductID><StartDate>2013-05-30 00:00:00</StartDate><EndDate></EndDate><StandardCost>713.0798</StandardCost><ModifiedDate>2013-05-16 00:00:00</ModifiedDate></ProductCostHistory>
<ProductCostHistory><ProductID>802</ProductID><StartDate>2012-05-30 00:00:00</StartDate><EndDate>2013-05-29 00:00:00</EndDate><StandardCost>65.8097</StandardCost><ModifiedDate>2013-05-29 00:00:00</ModifiedDate></ProductCostHistory>
<ProductCostHistory><ProductID>803</ProductID><StartDate>2012-05-30 00:00:00</StartDate><EndDate>2013-05-29 00:00:00</EndDate><StandardCost>77.9176</StandardCost><ModifiedDate>2013-05-29 00:00:00</ModifiedDate></ProductCostHistory>
<ProductCostHistory><ProductID>804</ProductID><StartDate>2012-05-30 00:00:00</StartDate><EndDate>2013-05-29 00:00:00</EndDate><StandardCost>101.8936</StandardCost><ModifiedDate>2013-05-29 00:00:00</ModifiedDate></ProductCostHistory>
<ProductCostHistory><ProductID>805</ProductID><StartDate>2012-05-30 00:00:00</StartDate><EndDate>2013-05-29 00:00:00</EndDate><StandardCost>15.1848</StandardCost><ModifiedDate>2013-05-29 00:00:00</ModifiedDate></ProductCostHistory>
<ProductCostHistory><ProductID>806</ProductID><StartDate>2012-05-30 00:00:00</StartDate><EndDate>2013-05-29 00:00:00</EndDate><StandardCost>45.4168</StandardCost><ModifiedDate>2013-05-29 00:00:00</ModifiedDate></ProductCostHistory>
<ProductCostHistory><ProductID>807</ProductID><StartDate>2012-05-30 00:00:00</StartDate><EndDate>2013-05-29 00:00:00</EndDate><StandardCost>55.3801</StandardCost><ModifiedDate>2013-05-29 00:00:00</ModifiedDate></ProductCostHistory>
<ProductCostHistory><ProductID>808</ProductID><StartDate>2012-05-30 00:00:00</StartDate><EndDate>2013-05-29 00:00:00</EndDate><StandardCost>17.9780</StandardCost><ModifiedDate>2013-05-29 00:00:00</ModifiedDate></ProductCostHistory>
<ProductCostHistory><ProductID>808</ProductID><StartDate>2013-05-30 00:00:00</StartDate><EndDate></EndDate><StandardCost>19.7758</StandardCost><ModifiedDate>2013-05-16 00:00:00</ModifiedDate></ProductCostHistory>
<ProductCostHistory><ProductID>809</ProductID><StartDate>2012-05-30 00:00:00</StartDate><EndDate>2013-05-29 00:00:00</EndDate><StandardCost>24.9932</StandardCost><ModifiedDate>2013-05-29 00:00:00</ModifiedDate></ProductCostHistory>
<ProductCostHistory><ProductID>809</ProductID><StartDate>2013-05-30 00:00:00</StartDate><EndDate></EndDate><StandardCost>27.4925</StandardCost><ModifiedDate>2013-05-16 00:00:00</ModifiedDate></ProductCostHistory>
<ProductCostHistory><ProductID>810</ProductID><StartDate>2012-05-30 00:00:00</StartDate><EndDate>2013-05-29 00:00:00</EndDate><StandardCost>48.5453</StandardCost><ModifiedDate>2013-05-29 00:00:00</ModifiedDate></ProductCostHistory>
<ProductCostHistory><ProductID>810</ProductID><StartDate>2013-05-30 00:00:00</StartDate><EndDate></EndDate><StandardCost>53.3999</StandardCost><ModifiedDate>2013-05-16 00:00:00</ModifiedDate></ProductCostHistory>
<ProductCostHistory><ProductID>811</ProductID><StartDate>2012-05-30 00:00:00</StartDate><EndDate>2013-05-29 00:00:00</EndDate><StandardCost>17.9780</StandardCost><ModifiedDate>2013-05-29 00:00:00</ModifiedDate></ProductCostHistory>
<ProductCostHistory><ProductID>811</ProductID><StartDate>2013-05-30 00:00:00</StartDate><EndDate></EndDate><StandardCost>19.7758</StandardCost><ModifiedDate>2013-05-16 00:00:00</ModifiedDate></ProductCostHistory>
<ProductCostHistory><ProductID>812</ProductID><StartDate>2012-05-30 00:00:00</StartDate><EndDate>2013-05-29 00:00:00</EndDate><StandardCost>24.9932</StandardCost><ModifiedDate>2013-05-29 00:00:00</ModifiedDate></ProductCostHistory>
<ProductCostHistory><ProductID>812</ProductID><StartDate>2013-05-30 00:00:00</StartDate><EndDate></EndDate><StandardCost>27.4925</StandardCost><ModifiedDate>2013-05-16 00:00:00</ModifiedDate></ProductCostHistory>
<ProductCostHistory><ProductID>813</ProductID><StartDate>2012-05-30 00:00:00</StartDate><EndDate>2013-05-29 00:00:00</EndDate><StandardCost>48.5453</StandardCost><ModifiedDate>2013-05-29 00:00:00</ModifiedDate></ProductCostHistory>
<ProductCostHistory><ProductID>813</ProductID><StartDate>2013-05-30 00:00:00</StartDate><EndDate></EndDate><StandardCost>53.3999</StandardCost><ModifiedDate>2013-05-16 00:00:00</ModifiedDate></ProductCostHistory>
<ProductCostHistory><ProductID>814</ProductID><StartDate>2012-05-30 00:00:00</StartDate><EndDate>2013-05-29 00:00:00</EndDate><StandardCost>185.8193</StandardCost><ModifiedDate>2013-05-29 00:00:00</ModifiedDate></ProductCostHistory>
<ProductCostHistory><ProductID>815</ProductID><StartDate>2012-05-30 00:00:00</StartDate><EndDate>2013-05-29 00:00:00</EndDate><StandardCost>26.9708</StandardCost><ModifiedDate>2013-05-29 00:00:00</ModifiedDate></ProductCostHistory>
<ProductCostHistory><ProductID>816</ProductID><StartDate>2012-05-30 00:00:00</StartDate><EndDate>2013-05-29 00:00:00</EndDate><StandardCost>92.8071</StandardCost><ModifiedDate>2013-05-29 00:00:00</ModifiedDate></ProductCostHistory>
<ProductCostHistory><ProductID>817</ProductID><StartDate>2012-05-30 00:00:00</StartDate><EndDate>2013-05-29 00:00:00</EndDate><StandardCost>133.2955</StandardCost><ModifiedDate>2013-05-29 00:00:00</ModifiedDate></ProductCostHistory>
<ProductCostHistory><ProductID>818</ProductID><StartDate>2012-05-30 00:00:00</StartDate><EndDate>2013-05-29 00:00:00</EndDate><StandardCost>37.9909</StandardCost><ModifiedDate>2013-05-29 00:00:00</ModifiedDate></ProductCostHistory>
<ProductCostHistory><ProductID>819</ProductID><StartDate>2012-05-30 00:00:00</StartDate><EndDate>2013-05-29 00:00:00</EndDate><StandardCost>110.2829</StandardCost><ModifiedDate>2013-05-29 00:00:00</ModifiedDate></ProductCostHistory>
<ProductCostHistory><ProductID>820</ProductID><StartDate>2012-05-30 00:00:00</StartDate><EndDate>2013-05-29 00:00:00</EndDate><StandardCost>146.5466</StandardCost><ModifiedDate>2013-05-29 00:00:00</ModifiedDate></ProductCostHistory>
<ProductCostHistory><ProductID>821</ProductID><StartDate>2012-05-30 00:00:00</StartDate><EndDate>2013-05-29 00:00:00</EndDate><StandardCost>96.7964</StandardCost><ModifiedDate>2013-05-29 00:00:00</ModifiedDate></ProductCostHistory>
<ProductCostHistory><ProductID>822</ProductID><StartDate>2012-05-30 00:00:00</StartDate><EndDate>2013-05-29 00:00:00</EndDate><StandardCost>300.1188</StandardCost><ModifiedDate>2013-05-29 00:00:00</ModifiedDate></ProductCostHistory>
<ProductCostHistory><ProductID>822</ProductID><StartDate>2013-05-30 00:00:00</StartDate><EndDate></EndDate><StandardCost>360.9428</StandardCost><ModifiedDate>2013-05-16 00:00:00</ModifiedDate></ProductCostHistory>
<ProductCostHistory><ProductID>823</ProductID><StartDate>2012-05-30 00:00:00</StartDate><EndDate>2013-05-29 00:00:00</EndDate><StandardCost>38.9588</StandardCost><ModifiedDate>2013-05-29 00:00:00</ModifiedDate></ProductCostHistory>
<ProductCostHistory><ProductID>824</ProductID><StartDate>2012-05-30 00:00:00</StartDate><EndDate>2013-05-29 00:00:00</EndDate><StandardCost>104.7951</StandardCost><ModifiedDate>2013-05-29 00:00:00</ModifiedDate></ProductCostHistory>
<ProductCostHistory><ProductID>825</ProductID><StartDate>2012-05-30 00:00:00</StartDate><EndDate>2013-05-29 00:00:00</EndDate><StandardCost>145.2835</StandardCost><ModifiedDate>2013-05-29 00:00:00</ModifiedDate></ProductCostHistory>
<ProductCostHistory><ProductID>826</ProductID><StartDate>2012-05-30 00:00:00</StartDate><EndDate>2013-05-29 00:00:00</EndDate><StandardCost>49.9789</StandardCost><ModifiedDate>2013-05-29 00:00:00</ModifiedDate></ProductCostHistory>
<ProductCostHistory><ProductID>827</ProductID><StartDate>2012-05-30 00:00:00</StartDate><EndDate>2013-05-29 00:00:00</EndDate><StandardCost>122.2709</StandardCost><ModifiedDate>2013-05-29 00:00:00</ModifiedDate></ProductCostHistory>
<ProductCostHistory><ProductID>828</ProductID><StartDate>2012-05-30 00:00:00</StartDate><EndDate>2013-05-29 00:00:00</EndDate><StandardCost>158.5346</StandardCost><ModifiedDate>2013-05-29 00:00:00</ModifiedDate></ProductCostHistory>
<ProductCostHistory><ProductID>829</ProductID><StartDate>2012-05-30 00:00:00</StartDate><EndDate>2013-05-29 00:00:00</EndDate><StandardCost>108.7844</StandardCost><ModifiedDate>2013-05-29 00:00:00</ModifiedDate></ProductCostHistory>
<ProductCostHistory><ProductID>830</ProductID><StartDate>2012-05-30 00:00:00</StartDate><EndDate>2013-05-29 00:00:00</EndDate><StandardCost>185.8193</StandardCost><ModifiedDate>2013-05-29 00:00:00</ModifiedDate></ProductCostHistory>
<ProductCostHistory><ProductID>831</ProductID><StartDate>2012-05-30 00:00:00</StartDate><EndDate>2013-05-29 00:00:00</EndDate><StandardCost>185.8193</StandardCost><ModifiedDate>2013-05-29 00:00:00</ModifiedDate></ProductCostHistory>
<ProductCostHistory><ProductID>832</ProductID><StartDate>2012-05-30 00:00:00</StartDate><EndDate>2013-05-29 00:00:00</EndDate><StandardCost>185.8193</StandardCost><ModifiedDate>2013-05-29 00:00:00</ModifiedDate></ProductCostHistory>
<ProductCostHistory><ProductID>833</ProductID><StartDate>2012-05-30 00:00:00</StartDate><EndDate>2013-05-29 00:00:00</EndDate><StandardCost>300.1188</StandardCost><ModifiedDate>2013-05-29 00:00:00</ModifiedDate></ProductCostHistory>
<ProductCostHistory><ProductID>833</ProductID><StartDate>2013-05-30 00:00:00</StartDate><EndDate></EndDate><StandardCost>360.9428</StandardCost><ModifiedDate>2013-05-16 00:00:00</ModifiedDate></ProductCostHistory>
<ProductCostHistory><ProductID>834</ProductID><StartDate>2012-05-30 00:00:00</StartDate><EndDate>2013-05-29 00:00:00</EndDate><StandardCost>300.1188</StandardCost><ModifiedDate>2013-05-29 00:00:00</ModifiedDate></ProductCostHistory>
<ProductCostHistory><ProductID>834</ProductID><StartDate>2013-05-30 00:00:00</StartDate><EndDate></EndDate><StandardCost>360.9428</StandardCost><ModifiedDate>2013-05-16 00:00:00</ModifiedDate></ProductCostHistory>
<ProductCostHistory><ProductID>835</ProductID><StartDate>2012-05-30 00:00:00</StartDate><EndDate>2013-05-29 00:00:00</EndDate><StandardCost>300.1188</StandardCost><ModifiedDate>2013-05-29 00:00:00</ModifiedDate></ProductCostHistory>
<ProductCostHistory><ProductID>835</ProductID><StartDate>2013-05-30 00:00:00</StartDate><EndDate></EndDate><StandardCost>360.9428</StandardCost><ModifiedDate>2013-05-16 00:00:00</ModifiedDate></ProductCostHistory>
<ProductCostHistory><ProductID>836</ProductID><StartDate>2012-05-30 00:00:00</StartDate><EndDate>2013-05-29 00:00:00</EndDate><StandardCost>300.1188</StandardCost><ModifiedDate>2013-05-29 00:00:00</ModifiedDate></ProductCostHistory>
<ProductCostHistory><ProductID>836</ProductID><StartDate>2013-05-30 00:00:00</StartDate><EndDate></EndDate><StandardCost>360.9428</StandardCost><ModifiedDate>2013-05-16 00:00:00</ModifiedDate></ProductCostHistory>
<ProductCostHistory><ProductID>837</ProductID><StartDate>2012-05-30 00:00:00</StartDate><EndDate>2013-05-29 00:00:00</EndDate><StandardCost>722.2568</StandardCost><ModifiedDate>2013-05-29 00:00:00</ModifiedDate></ProductCostHistory>
<ProductCostHistory><ProductID>837</ProductID><StartDate>2013-05-30 00:00:00</StartDate><EndDate></EndDate><StandardCost>868.6342</StandardCost><ModifiedDate>2013-05-16 00:00:00</ModifiedDate></ProductCostHistory>
<ProductCostHistory><ProductID>838</ProductID><StartDate>2012-05-30 00:00:00</StartDate><EndDate>2013-05-29 00:00:00</EndDate><StandardCost>722.2568</StandardCost><ModifiedDate>2013-05-29 00:00:00</ModifiedDate></ProductCostHistory>
<ProductCostHistory><ProductID>838</ProductID><StartDate>2013-05-30 00:00:00</StartDate><EndDate></EndDate><StandardCost>868.6342</StandardCost><ModifiedDate>2013-05-16 00:00:00</ModifiedDate></ProductCostHistory>
<ProductCostHistory><ProductID>839</ProductID><StartDate>2012-05-30 00:00:00</StartDate><EndDate>2013-05-29 00:00:00</EndDate><StandardCost>722.2568</StandardCost><ModifiedDate>2013-05-29 00:00:00</ModifiedDate></ProductCostHistory>
<ProductCostHistory><ProductID>839</ProductID><StartDate>2013-05-30 00:00:00</StartDate><EndDate></EndDate><StandardCost>868.6342</StandardCost><ModifiedDate>2013-05-16 00:00:00</ModifiedDate></ProductCostHistory>
<ProductCostHistory><ProductID>840</ProductID><StartDate>2012-05-30 00:00:00</StartDate><EndDate>2013-05-29 00:00:00</EndDate><StandardCost>722.2568</StandardCost><ModifiedDate>2013-05-29 00:00:00</ModifiedDate></ProductCostHistory>
<ProductCostHistory><ProductID>840</ProductID><StartDate>2013-05-30 00:00:00</StartDate><EndDate></EndDate><StandardCost>868.6342</StandardCost><ModifiedDate>2013-05-16 00:00:00</ModifiedDate></ProductCostHistory>
<ProductCostHistory><ProductID>841</ProductID><StartDate>2012-05-30 00:00:00</StartDate><EndDate>2013-05-29 00:00:00</EndDate><StandardCost>24.7459</StandardCost><ModifiedDate>2013-05-29 00:00:00</ModifiedDate></ProductCostHistory>
<ProductCostHistory><ProductID>842</ProductID><StartDate>2012-05-30 00:00:00</StartDate><EndDate>2013-05-29 00:00:00</EndDate><StandardCost>51.5625</StandardCost><ModifiedDate>2013-05-29 00:00:00</ModifiedDate></ProductCostHistory>
<ProductCostHistory><ProductID>843</ProductID><StartDate>2012-05-30 00:00:00</StartDate><EndDate>2013-05-29 00:00:00</EndDate><StandardCost>10.3125</StandardCost><ModifiedDate>2013-05-29 00:00:00</ModifiedDate></ProductCostHistory>
<ProductCostHistory><ProductID>844</ProductID><StartDate>2012-05-30 00:00:00</StartDate><EndDate>2013-05-29 00:00:00</EndDate><StandardCost>8.2459</StandardCost><ModifiedDate>2013-05-29 00:00:00</ModifiedDate></ProductCostHistory>
<ProductCostHistory><ProductID>845</ProductID><StartDate>2012-05-30 00:00:00</StartDate><EndDate>2013-05-29 00:00:00</EndDate><StandardCost>10.3084</StandardCost><ModifiedDate>2013-05-29 00:00:00</ModifiedDate></ProductCostHistory>
<ProductCostHistory><ProductID>846</ProductID><StartDate>2012-05-30 00:00:00</StartDate><EndDate>2013-05-29 00:00:00</EndDate><StandardCost>5.7709</StandardCost><ModifiedDate>2013-05-29 00:00:00</ModifiedDate></ProductCostHistory>
<ProductCostHistory><ProductID>847</ProductID><StartDate>2012-05-30 00:00:00</StartDate><EndDate>2013-05-29 00:00:00</EndDate><StandardCost>14.4334</StandardCost><ModifiedDate>2013-05-29 00:00:00</ModifiedDate></ProductCostHistory>
<ProductCostHistory><ProductID>848</ProductID><StartDate>2012-05-30 00:00:00</StartDate><EndDate>2013-05-29 00:00:00</EndDate><StandardCost>18.5584</StandardCost><ModifiedDate>2013-05-29 00:00:00</ModifiedDate></ProductCostHistory>
<ProductCostHistory><ProductID>849</ProductID><StartDate>2012-05-30 00:00:00</StartDate><EndDate>2013-05-29 00:00:00</EndDate><StandardCost>24.7459</StandardCost><ModifiedDate>2013-05-29 00:00:00</ModifiedDate></ProductCostHistory>
<ProductCostHistory><ProductID>850</ProductID><StartDate>2012-05-30 00:00:00</StartDate><EndDate>2013-05-29 00:00:00</EndDate><StandardCost>24.7459</StandardCost><ModifiedDate>2013-05-29 00:00:00</ModifiedDate></ProductCostHistory>
<ProductCostHistory><ProductID>851</ProductID><StartDate>2012-05-30 00:00:00</StartDate><EndDate>2013-05-29 00:00:00</EndDate><StandardCost>24.7459</StandardCost><ModifiedDate>2013-05-29 00:00:00</ModifiedDate></ProductCostHistory>
<ProductCostHistory><ProductID>852</ProductID><StartDate>2012-05-30 00:00:00</StartDate><EndDate>2013-05-29 00:00:00</EndDate><StandardCost>30.9334</StandardCost><ModifiedDate>2013-05-29 00:00:00</ModifiedDate></ProductCostHistory>
<ProductCostHistory><ProductID>853</ProductID><StartDate>2012-05-30 00:00:00</StartDate><EndDate>2013-05-29 00:00:00</EndDate><StandardCost>30.9334</StandardCost><ModifiedDate>2013-05-29 00:00:00</ModifiedDate></ProductCostHistory>
<ProductCostHistory><ProductID>854</ProductID><StartDate>2012-05-30 00:00:00</StartDate><EndDate>2013-05-29 00:00:00</EndDate><StandardCost>30.9334</StandardCost><ModifiedDate>2013-05-29 00:00:00</ModifiedDate></ProductCostHistory>
<ProductCostHistory><ProductID>855</ProductID><StartDate>2012-05-30 00:00:00</StartDate><EndDate>2013-05-29 00:00:00</EndDate><StandardCost>37.1209</StandardCost><ModifiedDate>2013-05-29 00:00:00</ModifiedDate></ProductCostHistory>
<ProductCostHistory><ProductID>856</ProductID><StartDate>2012-05-30 00:00:00</StartDate><EndDate>2013-05-29 00:00:00</EndDate><StandardCost>37.1209</StandardCost><ModifiedDate>2013-05-29 00:00:00</ModifiedDate></ProductCostHistory>
<ProductCostHistory><ProductID>857</ProductID><StartDate>2012-05-30 00:00:00</StartDate><EndDate>2013-05-29 00:00:00</EndDate><StandardCost>37.1209</StandardCost><ModifiedDate>2013-05-29 00:00:00</ModifiedDate></ProductCostHistory>
<ProductCostHistory><ProductID>858</ProductID><StartDate>2012-05-30 00:00:00</StartDate><EndDate>2013-05-29 00:00:00</EndDate><StandardCost>9.7136</StandardCost><ModifiedDate>2013-05-29 00:00:00</ModifiedDate></ProductCostHistory>
<ProductCostHistory><ProductID>858</ProductID><StartDate>2013-05-30 00:00:00</StartDate><EndDate></EndDate><StandardCost>9.1593</StandardCost><ModifiedDate>2013-05-16 00:00:00</ModifiedDate></ProductCostHistory>
<ProductCostHistory><ProductID>859</ProductID><StartDate>2012-05-30 00:00:00</StartDate><EndDate>2013-05-29 00:00:00</EndDate><StandardCost>9.7136</StandardCost><ModifiedDate>2013-05-29 00:00:00</ModifiedDate></ProductCostHistory>
<ProductCostHistory><ProductID>859</ProductID><StartDate>2013-05-30 00:00:00</StartDate><EndDate></EndDate><StandardCost>9.1593</StandardCost><ModifiedDate>2013-05-16 00:00:00</ModifiedDate></ProductCostHistory>
<ProductCostHistory><ProductID>860</ProductID><StartDate>2012-05-30 00:00:00</StartDate><EndDate>2013-05-29 00:00:00</EndDate><StandardCost>9.7136</StandardCost><ModifiedDate>2013-05-29 00:00:00</ModifiedDate></ProductCostHistory>
<ProductCostHistory><ProductID>860</ProductID><StartDate>2013-05-30 00:00:00</StartDate><EndDate></EndDate><StandardCost>9.1593</StandardCost><ModifiedDate>2013-05-16 00:00:00</ModifiedDate></ProductCostHistory>
<ProductCostHistory><ProductID>861</ProductID><StartDate>2012-05-30 00:00:00</StartDate><EndDate>2013-05-29 00:00:00</EndDate><StandardCost>15.6709</StandardCost><ModifiedDate>2013-05-29 00:00:00</ModifiedDate></ProductCostHistory>
<ProductCostHistory><ProductID>862</ProductID><StartDate>2012-05-30 00:00:00</StartDate><EndDate>2013-05-29 00:00:00</EndDate><StandardCost>15.6709</StandardCost><ModifiedDate>2013-05-29 00:00:00</ModifiedDate></ProductCostHistory>
<ProductCostHistory><ProductID>863</ProductID><StartDate>2012-05-30 00:00:00</StartDate><EndDate>2013-05-29 00:00:00</EndDate><StandardCost>15.6709</StandardCost><ModifiedDate>2013-05-29 00:00:00</ModifiedDate></ProductCostHistory>
<ProductCostHistory><ProductID>864</ProductID><StartDate>2013-05-30 00:00:00</StartDate><EndDate></EndDate><StandardCost>23.7490</StandardCost><ModifiedDate>2013-05-16 00:00:00</ModifiedDate></ProductCostHistory>
<ProductCostHistory><ProductID>865</ProductID><StartDate>2013-05-30 00:00:00</StartDate><EndDate></EndDate><StandardCost>23.7490</StandardCost><ModifiedDate>2013-05-16 00:00:00</ModifiedDate></ProductCostHistory>
<ProductCostHistory><ProductID>866</ProductID><StartDate>2013-05-30 00:00:00</StartDate><EndDate></EndDate><StandardCost>23.7490</StandardCost><ModifiedDate>2013-05-16 00:00:00</ModifiedDate></ProductCostHistory>
<ProductCostHistory><ProductID>867</ProductID><StartDate>2013-05-30 00:00:00</StartDate><EndDate></EndDate><StandardCost>26.1763</StandardCost><ModifiedDate>2013-05-16 00:00:00</ModifiedDate></ProductCostHistory>
<ProductCostHistory><ProductID>868</ProductID><StartDate>2013-05-30 00:00:00</StartDate><EndDate></EndDate><StandardCost>26.1763</StandardCost><ModifiedDate>2013-05-16 00:00:00</ModifiedDate></ProductCostHistory>
<ProductCostHistory><ProductID>869</ProductID><StartDate>2013-05-30 00:00:00</StartDate><EndDate></EndDate><StandardCost>26.1763</StandardCost><ModifiedDate>2013-05-16 00:00:00</ModifiedDate></ProductCostHistory>
<ProductCostHistory><ProductID>870</ProductID><StartDate>2013-05-30 00:00:00</StartDate><EndDate></EndDate><StandardCost>1.8663</StandardCost><ModifiedDate>2013-05-16 00:00:00</ModifiedDate></ProductCostHistory>
<ProductCostHistory><ProductID>871</ProductID><StartDate>2013-05-30 00:00:00</StartDate><EndDate></EndDate><StandardCost>3.7363</StandardCost><ModifiedDate>2013-05-16 00:00:00</ModifiedDate></ProductCostHistory>
<ProductCostHistory><ProductID>872</ProductID><StartDate>2013-05-30 00:00:00</StartDate><EndDate></EndDate><StandardCost>3.3623</StandardCost><ModifiedDate>2013-05-16 00:00:00</ModifiedDate></ProductCostHistory>
<ProductCostHistory><ProductID>873</ProductID><StartDate>2013-05-30 00:00:00</StartDate><EndDate></EndDate><StandardCost>0.8565</StandardCost><ModifiedDate>2013-05-16 00:00:00</ModifiedDate></ProductCostHistory>
<ProductCostHistory><ProductID>874</ProductID><StartDate>2013-05-30 00:00:00</StartDate><EndDate></EndDate><StandardCost>3.3623</StandardCost><ModifiedDate>2013-05-16 00:00:00</ModifiedDate></ProductCostHistory>
<ProductCostHistory><ProductID>875</ProductID><StartDate>2013-05-30 00:00:00</StartDate><EndDate></EndDate><StandardCost>3.3623</StandardCost><ModifiedDate>2013-05-16 00:00:00</ModifiedDate></ProductCostHistory>
<ProductCostHistory><ProductID>876</ProductID><StartDate>2013-05-30 00:00:00</StartDate><EndDate></EndDate><StandardCost>44.8800</StandardCost><ModifiedDate>2013-05-16 00:00:00</ModifiedDate></ProductCostHistory>
<ProductCostHistory><ProductID>877</ProductID><StartDate>2013-05-30 00:00:00</StartDate><EndDate></EndDate><StandardCost>2.9733</StandardCost><ModifiedDate>2013-05-16 00:00:00</ModifiedDate></ProductCostHistory>
<ProductCostHistory><ProductID>878</ProductID><StartDate>2013-05-30 00:00:00</StartDate><EndDate></EndDate><StandardCost>8.2205</StandardCost><ModifiedDate>2013-05-16 00:00:00</ModifiedDate></ProductCostHistory>
<ProductCostHistory><ProductID>879</ProductID><StartDate>2013-05-30 00:00:00</StartDate><EndDate></EndDate><StandardCost>59.4660</StandardCost><ModifiedDate>2013-05-16 00:00:00</ModifiedDate></ProductCostHistory>
<ProductCostHistory><ProductID>880</ProductID><StartDate>2013-05-30 00:00:00</StartDate><EndDate></EndDate><StandardCost>20.5663</StandardCost><ModifiedDate>2013-05-16 00:00:00</ModifiedDate></ProductCostHistory>
<ProductCostHistory><ProductID>881</ProductID><StartDate>2013-05-30 00:00:00</StartDate><EndDate></EndDate><StandardCost>41.5723</StandardCost><ModifiedDate>2013-05-16 00:00:00</ModifiedDate></ProductCostHistory>
<ProductCostHistory><ProductID>882</ProductID><StartDate>2013-05-30 00:00:00</StartDate><EndDate></EndDate><StandardCost>41.5723</StandardCost><ModifiedDate>2013-05-16 00:00:00</ModifiedDate></ProductCostHistory>
<ProductCostHistory><ProductID>883</ProductID><StartDate>2013-05-30 00:00:00</StartDate><EndDate></EndDate><StandardCost>41.5723</StandardCost><ModifiedDate>2013-05-16 00:00:00</ModifiedDate></ProductCostHistory>
<ProductCostHistory><ProductID>884</ProductID><StartDate>2013-05-30 00:00:00</StartDate><EndDate></EndDate><StandardCost>41.5723</StandardCost><ModifiedDate>2013-05-16 00:00:00</ModifiedDate></ProductCostHistory>
<ProductCostHistory><ProductID>885</ProductID><StartDate>2013-05-30 00:00:00</StartDate><EndDate></EndDate><StandardCost>601.7437</StandardCost><ModifiedDate>2013-05-16 00:00:00</ModifiedDate></ProductCostHistory>
<ProductCostHistory><ProductID>886</ProductID><StartDate>2013-05-30 00:00:00</StartDate><EndDate></EndDate><StandardCost>199.8519</StandardCost><ModifiedDate>2013-05-16 00:00:00</ModifiedDate></ProductCostHistory>
<ProductCostHistory><ProductID>887</ProductID><StartDate>2013-05-30 00:00:00</StartDate><EndDate></EndDate><StandardCost>601.7437</StandardCost><ModifiedDate>2013-05-16 00:00:00</ModifiedDate></ProductCostHistory>
<ProductCostHistory><ProductID>888</ProductID><StartDate>2013-05-30 00:00:00</StartDate><EndDate></EndDate><StandardCost>601.7437</StandardCost><ModifiedDate>2013-05-16 00:00:00</ModifiedDate></ProductCostHistory>
<ProductCostHistory><ProductID>889</ProductID><StartDate>2013-05-30 00:00:00</StartDate><EndDate></EndDate><StandardCost>601.7437</StandardCost><ModifiedDate>2013-05-16 00:00:00</ModifiedDate></ProductCostHistory>
<ProductCostHistory><ProductID>890</ProductID><StartDate>2013-05-30 00:00:00</StartDate><EndDate></EndDate><StandardCost>601.7437</StandardCost><ModifiedDate>2013-05-16 00:00:00</ModifiedDate></ProductCostHistory>
<ProductCostHistory><ProductID>891</ProductID><StartDate>2013-05-30 00:00:00</StartDate><EndDate></EndDate><StandardCost>601.7437</StandardCost><ModifiedDate>2013-05-16 00:00:00</ModifiedDate></ProductCostHistory>
<ProductCostHistory><ProductID>892</ProductID><StartDate>2013-05-30 00:00:00</StartDate><EndDate></EndDate><StandardCost>601.7437</StandardCost><ModifiedDate>2013-05-16 00:00:00</ModifiedDate></ProductCostHistory>
<ProductCostHistory><ProductID>893</ProductID><StartDate>2013-05-30 00:00:00</StartDate><EndDate></EndDate><StandardCost>601.7437</StandardCost><ModifiedDate>2013-05-16 00:00:00</ModifiedDate></ProductCostHistory>
<ProductCostHistory><ProductID>894</ProductID><StartDate>2013-05-30 00:00:00</StartDate><EndDate></EndDate><StandardCost>53.9282</StandardCost><ModifiedDate>2013-05-16 00:00:00</ModifiedDate></ProductCostHistory>
<ProductCostHistory><ProductID>895</ProductID><StartDate>2013-05-30 00:00:00</StartDate><EndDate></EndDate><StandardCost>199.8519</StandardCost><ModifiedDate>2013-05-16 00:00:00</ModifiedDate></ProductCostHistory>
<ProductCostHistory><ProductID>896</ProductID><StartDate>2013-05-30 00:00:00</StartDate><EndDate></EndDate><StandardCost>199.8519</StandardCost><ModifiedDate>2013-05-16 00:00:00</ModifiedDate></ProductCostHistory>
<ProductCostHistory><ProductID>897</ProductID><StartDate>2013-05-30 00:00:00</StartDate><EndDate></EndDate><StandardCost>199.8519</StandardCost><ModifiedDate>2013-05-16 00:00:00</ModifiedDate></ProductCostHistory>
<ProductCostHistory><ProductID>898</ProductID><StartDate>2013-05-30 00:00:00</StartDate><EndDate></EndDate><StandardCost>199.8519</StandardCost><ModifiedDate>2013-05-16 00:00:00</ModifiedDate></ProductCostHistory>
<ProductCostHistory><ProductID>899</ProductID><StartDate>2013-05-30 00:00:00</StartDate><EndDate></EndDate><StandardCost>199.8519</StandardCost><ModifiedDate>2013-05-16 00:00:00</ModifiedDate></ProductCostHistory>
<ProductCostHistory><ProductID>900</ProductID><StartDate>2013-05-30 00:00:00</StartDate><EndDate></EndDate><StandardCost>199.8519</StandardCost><ModifiedDate>2013-05-16 00:00:00</ModifiedDate></ProductCostHistory>
<ProductCostHistory><ProductID>901</ProductID><StartDate>2013-05-30 00:00:00</StartDate><EndDate></EndDate><StandardCost>199.8519</StandardCost><ModifiedDate>2013-05-16 00:00:00</ModifiedDate></ProductCostHistory>
<ProductCostHistory><ProductID>902</ProductID><StartDate>2013-05-30 00:00:00</StartDate><EndDate></EndDate><StandardCost>199.8519</StandardCost><ModifiedDate>2013-05-16 00:00:00</ModifiedDate></ProductCostHistory>
<ProductCostHistory><ProductID>903</ProductID><StartDate>2013-05-30 00:00:00</StartDate><EndDate></EndDate><StandardCost>199.8519</StandardCost><ModifiedDate>2013-05-16 00:00:00</ModifiedDate></ProductCostHistory>
<ProductCostHistory><ProductID>904</ProductID><StartDate>2013-05-30 00:00:00</StartDate><EndDate></EndDate><StandardCost>199.3757</StandardCost><ModifiedDate>2013-05-16 00:00:00</ModifiedDate></ProductCostHistory>
<ProductCostHistory><ProductID>905</ProductID><StartDate>2013-05-30 00:00:00</StartDate><EndDate></EndDate><StandardCost>199.3757</StandardCost><ModifiedDate>2013-05-16 00:00:00</ModifiedDate></ProductCostHistory>
<ProductCostHistory><ProductID>906</ProductID><StartDate>2013-05-30 00:00:00</StartDate><EndDate></EndDate><StandardCost>199.3757</StandardCost><ModifiedDate>2013-05-16 00:00:00</ModifiedDate></ProductCostHistory>
<ProductCostHistory><ProductID>907</ProductID><StartDate>2013-05-30 00:00:00</StartDate><EndDate></EndDate><StandardCost>47.2860</StandardCost><ModifiedDate>2013-05-16 00:00:00</ModifiedDate></ProductCostHistory>
<ProductCostHistory><ProductID>908</ProductID><StartDate>2013-05-30 00:00:00</StartDate><EndDate></EndDate><StandardCost>12.0413</StandardCost><ModifiedDate>2013-05-16 00:00:00</ModifiedDate></ProductCostHistory>
<ProductCostHistory><ProductID>909</ProductID><StartDate>2013-05-30 00:00:00</StartDate><EndDate></EndDate><StandardCost>17.3782</StandardCost><ModifiedDate>2013-05-16 00:00:00</ModifiedDate></ProductCostHistory>
<ProductCostHistory><ProductID>910</ProductID><StartDate>2013-05-30 00:00:00</StartDate><EndDate></EndDate><StandardCost>23.3722</StandardCost><ModifiedDate>2013-05-16 00:00:00</ModifiedDate></ProductCostHistory>
<ProductCostHistory><ProductID>911</ProductID><StartDate>2013-05-30 00:00:00</StartDate><EndDate></EndDate><StandardCost>12.0413</StandardCost><ModifiedDate>2013-05-16 00:00:00</ModifiedDate></ProductCostHistory>
<ProductCostHistory><ProductID>912</ProductID><StartDate>2013-05-30 00:00:00</StartDate><EndDate></EndDate><StandardCost>17.3782</StandardCost><ModifiedDate>2013-05-16 00:00:00</ModifiedDate></ProductCostHistory>
<ProductCostHistory><ProductID>913</ProductID><StartDate>2013-05-30 00:00:00</StartDate><EndDate></EndDate><StandardCost>23.3722</StandardCost><ModifiedDate>2013-05-16 00:00:00</ModifiedDate></ProductCostHistory>
<ProductCostHistory><ProductID>914</ProductID><StartDate>2013-05-30 00:00:00</StartDate><EndDate></EndDate><StandardCost>12.0413</StandardCost><ModifiedDate>2013-05-16 00:00:00</ModifiedDate></ProductCostHistory>
<ProductCostHistory><ProductID>915</ProductID><StartDate>2013-05-30 00:00:00</StartDate><EndDate></EndDate><StandardCost>17.3782</StandardCost><ModifiedDate>2013-05-16 00:00:00</ModifiedDate></ProductCostHistory>
<ProductCostHistory><ProductID>916</ProductID><StartDate>2013-05-30 00:00:00</StartDate><EndDate></EndDate><StandardCost>23.3722</StandardCost><ModifiedDate>2013-05-16 00:00:00</ModifiedDate></ProductCostHistory>
<ProductCostHistory><ProductID>917</ProductID><StartDate>2013-05-30 00:00:00</StartDate><EndDate></EndDate><StandardCost>144.5938</StandardCost><ModifiedDate>2013-05-16 00:00:00</ModifiedDate></ProductCostHistory>
<ProductCostHistory><ProductID>918</ProductID><StartDate>2013-05-30 00:00:00</StartDate><EndDate></EndDate><StandardCost>144.5938</StandardCost><ModifiedDate>2013-05-16 00:00:00</ModifiedDate></ProductCostHistory>
<ProductCostHistory><ProductID>919</ProductID><StartDate>2013-05-30 00:00:00</StartDate><EndDate></EndDate><StandardCost>144.5938</StandardCost><ModifiedDate>2013-05-16 00:00:00</ModifiedDate></ProductCostHistory>
<ProductCostHistory><ProductID>920</ProductID><StartDate>2013-05-30 00:00:00</StartDate><EndDate></EndDate><StandardCost>144.5938</StandardCost><ModifiedDate>2013-05-16 00:00:00</ModifiedDate></ProductCostHistory>
<ProductCostHistory><ProductID>921</ProductID><StartDate>2013-05-30 00:00:00</StartDate><EndDate></EndDate><StandardCost>1.8663</StandardCost><ModifiedDate>2013-05-16 00:00:00</ModifiedDate></ProductCostHistory>
<ProductCostHistory><ProductID>922</ProductID><StartDate>2013-05-30 00:00:00</StartDate><EndDate></EndDate><StandardCost>1.4923</StandardCost><ModifiedDate>2013-05-16 00:00:00</ModifiedDate></ProductCostHistory>
<ProductCostHistory><ProductID>923</ProductID><StartDate>2013-05-30 00:00:00</StartDate><EndDate></EndDate><StandardCost>1.8663</StandardCost><ModifiedDate>2013-05-16 00:00:00</ModifiedDate></ProductCostHistory>
<ProductCostHistory><ProductID>924</ProductID><StartDate>2013-05-30 00:00:00</StartDate><EndDate></EndDate><StandardCost>136.7850</StandardCost><ModifiedDate>2013-05-16 00:00:00</ModifiedDate></ProductCostHistory>
<ProductCostHistory><ProductID>925</ProductID><StartDate>2013-05-30 00:00:00</StartDate><EndDate></EndDate><StandardCost>136.7850</StandardCost><ModifiedDate>2013-05-16 00:00:00</ModifiedDate></ProductCostHistory>
<ProductCostHistory><ProductID>926</ProductID><StartDate>2013-05-30 00:00:00</StartDate><EndDate></EndDate><StandardCost>136.7850</StandardCost><ModifiedDate>2013-05-16 00:00:00</ModifiedDate></ProductCostHistory>
<ProductCostHistory><ProductID>927</ProductID><StartDate>2013-05-30 00:00:00</StartDate><EndDate></EndDate><StandardCost>136.7850</StandardCost><ModifiedDate>2013-05-16 00:00:00</ModifiedDate></ProductCostHistory>
<ProductCostHistory><ProductID>928</ProductID><StartDate>2013-05-30 00:00:00</StartDate><EndDate></EndDate><StandardCost>9.3463</StandardCost><ModifiedDate>2013-05-16 00:00:00</ModifiedDate></ProductCostHistory>
<ProductCostHistory><ProductID>929</ProductID><StartDate>2013-05-30 00:00:00</StartDate><EndDate></EndDate><StandardCost>11.2163</StandardCost><ModifiedDate>2013-05-16 00:00:00</ModifiedDate></ProductCostHistory>
<ProductCostHistory><ProductID>930</ProductID><StartDate>2013-05-30 00:00:00</StartDate><EndDate></EndDate><StandardCost>13.0900</StandardCost><ModifiedDate>2013-05-16 00:00:00</ModifiedDate></ProductCostHistory>
<ProductCostHistory><ProductID>931</ProductID><StartDate>2013-05-30 00:00:00</StartDate><EndDate></EndDate><StandardCost>8.0373</StandardCost><ModifiedDate>2013-05-16 00:00:00</ModifiedDate></ProductCostHistory>
<ProductCostHistory><ProductID>932</ProductID><StartDate>2013-05-30 00:00:00</StartDate><EndDate></EndDate><StandardCost>9.3463</StandardCost><ModifiedDate>2013-05-16 00:00:00</ModifiedDate></ProductCostHistory>
<ProductCostHistory><ProductID>933</ProductID><StartDate>2013-05-30 00:00:00</StartDate><EndDate></EndDate><StandardCost>12.1924</StandardCost><ModifiedDate>2013-05-16 00:00:00</ModifiedDate></ProductCostHistory>
<ProductCostHistory><ProductID>934</ProductID><StartDate>2013-05-30 00:00:00</StartDate><EndDate></EndDate><StandardCost>10.8423</StandardCost><ModifiedDate>2013-05-16 00:00:00</ModifiedDate></ProductCostHistory>
<ProductCostHistory><ProductID>935</ProductID><StartDate>2013-05-30 00:00:00</StartDate><EndDate></EndDate><StandardCost>17.9776</StandardCost><ModifiedDate>2013-05-16 00:00:00</ModifiedDate></ProductCostHistory>
<ProductCostHistory><ProductID>936</ProductID><StartDate>2013-05-30 00:00:00</StartDate><EndDate></EndDate><StandardCost>27.5680</StandardCost><ModifiedDate>2013-05-16 00:00:00</ModifiedDate></ProductCostHistory>
<ProductCostHistory><ProductID>937</ProductID><StartDate>2013-05-30 00:00:00</StartDate><EndDate></EndDate><StandardCost>35.9596</StandardCost><ModifiedDate>2013-05-16 00:00:00</ModifiedDate></ProductCostHistory>
<ProductCostHistory><ProductID>938</ProductID><StartDate>2013-05-30 00:00:00</StartDate><EndDate></EndDate><StandardCost>17.9776</StandardCost><ModifiedDate>2013-05-16 00:00:00</ModifiedDate></ProductCostHistory>
<ProductCostHistory><ProductID>939</ProductID><StartDate>2013-05-30 00:00:00</StartDate><EndDate></EndDate><StandardCost>27.5680</StandardCost><ModifiedDate>2013-05-16 00:00:00</ModifiedDate></ProductCostHistory>
<ProductCostHistory><ProductID>940</ProductID><StartDate>2013-05-30 00:00:00</StartDate><EndDate></EndDate><StandardCost>35.9596</StandardCost><ModifiedDate>2013-05-16 00:00:00</ModifiedDate></ProductCostHistory>
<ProductCostHistory><ProductID>941</ProductID><StartDate>2013-05-30 00:00:00</StartDate><EndDate></EndDate><StandardCost>35.9596</StandardCost><ModifiedDate>2013-05-16 00:00:00</ModifiedDate></ProductCostHistory>
<ProductCostHistory><ProductID>942</ProductID><StartDate>2013-05-30 00:00:00</StartDate><EndDate></EndDate><StandardCost>199.3757</StandardCost><ModifiedDate>2013-05-16 00:00:00</ModifiedDate></ProductCostHistory>
<ProductCostHistory><ProductID>943</ProductID><StartDate>2013-05-30 00:00:00</StartDate><EndDate></EndDate><StandardCost>136.7850</StandardCost><ModifiedDate>2013-05-16 00:00:00</ModifiedDate></ProductCostHistory>
<ProductCostHistory><ProductID>944</ProductID><StartDate>2013-05-30 00:00:00</StartDate><EndDate></EndDate><StandardCost>144.5938</StandardCost><ModifiedDate>2013-05-16 00:00:00</ModifiedDate></ProductCostHistory>
<ProductCostHistory><ProductID>945</ProductID><StartDate>2013-05-30 00:00:00</StartDate><EndDate></EndDate><StandardCost>40.6216</StandardCost><ModifiedDate>2013-05-16 00:00:00</ModifiedDate></ProductCostHistory>
<ProductCostHistory><ProductID>946</ProductID><StartDate>2013-05-30 00:00:00</StartDate><EndDate></EndDate><StandardCost>20.4640</StandardCost><ModifiedDate>2013-05-16 00:00:00</ModifiedDate></ProductCostHistory>
<ProductCostHistory><ProductID>947</ProductID><StartDate>2013-05-30 00:00:00</StartDate><EndDate></EndDate><StandardCost>40.6571</StandardCost><ModifiedDate>2013-05-16 00:00:00</ModifiedDate></ProductCostHistory>
<ProductCostHistory><ProductID>948</ProductID><StartDate>2013-05-30 00:00:00</StartDate><EndDate></EndDate><StandardCost>47.2860</StandardCost><ModifiedDate>2013-05-16 00:00:00</ModifiedDate></ProductCostHistory>
<ProductCostHistory><ProductID>949</ProductID><StartDate>2013-05-30 00:00:00</StartDate><EndDate></EndDate><StandardCost>77.9176</StandardCost><ModifiedDate>2013-05-16 00:00:00</ModifiedDate></ProductCostHistory>
<ProductCostHistory><ProductID>950</ProductID><StartDate>2013-05-30 00:00:00</StartDate><EndDate></EndDate><StandardCost>113.8816</StandardCost><ModifiedDate>2013-05-16 00:00:00</ModifiedDate></ProductCostHistory>
<ProductCostHistory><ProductID>951</ProductID><StartDate>2013-05-30 00:00:00</StartDate><EndDate></EndDate><StandardCost>179.8156</StandardCost><ModifiedDate>2013-05-16 00:00:00</ModifiedDate></ProductCostHistory>
<ProductCostHistory><ProductID>952</ProductID><StartDate>2013-05-30 00:00:00</StartDate><EndDate></EndDate><StandardCost>8.9866</StandardCost><ModifiedDate>2013-05-16 00:00:00</ModifiedDate></ProductCostHistory>
<ProductCostHistory><ProductID>953</ProductID><StartDate>2013-05-30 00:00:00</StartDate><EndDate></EndDate><StandardCost>755.1508</StandardCost><ModifiedDate>2013-05-16 00:00:00</ModifiedDate></ProductCostHistory>
<ProductCostHistory><ProductID>954</ProductID><StartDate>2013-05-30 00:00:00</StartDate><EndDate></EndDate><StandardCost>1481.9379</StandardCost><ModifiedDate>2013-05-16 00:00:00</ModifiedDate></ProductCostHistory>
<ProductCostHistory><ProductID>955</ProductID><StartDate>2013-05-30 00:00:00</StartDate><EndDate></EndDate><StandardCost>1481.9379</StandardCost><ModifiedDate>2013-05-16 00:00:00</ModifiedDate></ProductCostHistory>
<ProductCostHistory><ProductID>956</ProductID><StartDate>2013-05-30 00:00:00</StartDate><EndDate></EndDate><StandardCost>1481.9379</StandardCost><ModifiedDate>2013-05-16 00:00:00</ModifiedDate></ProductCostHistory>
<ProductCostHistory><ProductID>957</ProductID><StartDate>2013-05-30 00:00:00</StartDate><EndDate></EndDate><StandardCost>1481.9379</StandardCost><ModifiedDate>2013-05-16 00:00:00</ModifiedDate></ProductCostHistory>
<ProductCostHistory><ProductID>958</ProductID><StartDate>2013-05-30 00:00:00</StartDate><EndDate></EndDate><StandardCost>461.4448</StandardCost><ModifiedDate>2013-05-16 00:00:00</ModifiedDate></ProductCostHistory>
<ProductCostHistory><ProductID>959</ProductID><StartDate>2013-05-30 00:00:00</StartDate><EndDate></EndDate><StandardCost>461.4448</StandardCost><ModifiedDate>2013-05-16 00:00:00</ModifiedDate></ProductCostHistory>
<ProductCostHistory><ProductID>960</ProductID><StartDate>2013-05-30 00:00:00</StartDate><EndDate></EndDate><StandardCost>461.4448</StandardCost><ModifiedDate>2013-05-16 00:00:00</ModifiedDate></ProductCostHistory>
<ProductCostHistory><ProductID>961</ProductID><StartDate>2013-05-30 00:00:00</StartDate><EndDate></EndDate><StandardCost>461.4448</StandardCost><ModifiedDate>2013-05-16 00:00:00</ModifiedDate></ProductCostHistory>
<ProductCostHistory><ProductID>962</ProductID><StartDate>2013-05-30 00:00:00</StartDate><EndDate></EndDate><StandardCost>461.4448</StandardCost><ModifiedDate>2013-05-16 00:00:00</ModifiedDate></ProductCostHistory>
<ProductCostHistory><ProductID>963</ProductID><StartDate>2013-05-30 00:00:00</StartDate><EndDate></EndDate><StandardCost>461.4448</StandardCost><ModifiedDate>2013-05-16 00:00:00</ModifiedDate></ProductCostHistory>
<ProductCostHistory><ProductID>964</ProductID><StartDate>2013-05-30 00:00:00</StartDate><EndDate></EndDate><StandardCost>461.4448</StandardCost><ModifiedDate>2013-05-16 00:00:00</ModifiedDate></ProductCostHistory>
<ProductCostHistory><ProductID>965</ProductID><StartDate>2013-05-30 00:00:00</StartDate><EndDate></EndDate><StandardCost>461.4448</StandardCost><ModifiedDate>2013-05-16 00:00:00</ModifiedDate></ProductCostHistory>
<ProductCostHistory><ProductID>966</ProductID><StartDate>2013-05-30 00:00:00</StartDate><EndDate></EndDate><StandardCost>1481.9379</StandardCost><ModifiedDate>2013-05-16 00:00:00</ModifiedDate></ProductCostHistory>
<ProductCostHistory><ProductID>967</ProductID><StartDate>2013-05-30 00:00:00</StartDate><EndDate></EndDate><StandardCost>1481.9379</StandardCost><ModifiedDate>2013-05-16 00:00:00</ModifiedDate></ProductCostHistory>
<ProductCostHistory><ProductID>968</ProductID><StartDate>2013-05-30 00:00:00</StartDate><EndDate></EndDate><StandardCost>1481.9379</StandardCost><ModifiedDate>2013-05-16 00:00:00</ModifiedDate></ProductCostHistory>
<ProductCostHistory><ProductID>969</ProductID><StartDate>2013-05-30 00:00:00</StartDate><EndDate></EndDate><StandardCost>1481.9379</StandardCost><ModifiedDate>2013-05-16 00:00:00</ModifiedDate></ProductCostHistory>
<ProductCostHistory><ProductID>970</ProductID><StartDate>2013-05-30 00:00:00</StartDate><EndDate></EndDate><StandardCost>755.1508</StandardCost><ModifiedDate>2013-05-16 00:00:00</ModifiedDate></ProductCostHistory>
<ProductCostHistory><ProductID>971</ProductID><StartDate>2013-05-30 00:00:00</StartDate><EndDate></EndDate><StandardCost>755.1508</StandardCost><ModifiedDate>2013-05-16 00:00:00</ModifiedDate></ProductCostHistory>
<ProductCostHistory><ProductID>972</ProductID><StartDate>2013-05-30 00:00:00</StartDate><EndDate></EndDate><StandardCost>755.1508</StandardCost><ModifiedDate>2013-05-16 00:00:00</ModifiedDate></ProductCostHistory>
<ProductCostHistory><ProductID>973</ProductID><StartDate>2013-05-30 00:00:00</StartDate><EndDate></EndDate><StandardCost>1082.5100</StandardCost><ModifiedDate>2013-05-16 00:00:00</ModifiedDate></ProductCostHistory>
<ProductCostHistory><ProductID>974</ProductID><StartDate>2013-05-30 00:00:00</StartDate><EndDate></EndDate><StandardCost>1082.5100</StandardCost><ModifiedDate>2013-05-16 00:00:00</ModifiedDate></ProductCostHistory>
<ProductCostHistory><ProductID>975</ProductID><StartDate>2013-05-30 00:00:00</StartDate><EndDate></EndDate><StandardCost>1082.5100</StandardCost><ModifiedDate>2013-05-16 00:00:00</ModifiedDate></ProductCostHistory>
<ProductCostHistory><ProductID>976</ProductID><StartDate>2013-05-30 00:00:00</StartDate><EndDate></EndDate><StandardCost>1082.5100</StandardCost><ModifiedDate>2013-05-16 00:00:00</ModifiedDate></ProductCostHistory>
<ProductCostHistory><ProductID>977</ProductID><StartDate>2013-05-30 00:00:00</StartDate><EndDate></EndDate><StandardCost>343.6496</StandardCost><ModifiedDate>2013-05-16 00:00:00</ModifiedDate></ProductCostHistory>
<ProductCostHistory><ProductID>978</ProductID><StartDate>2013-05-30 00:00:00</StartDate><EndDate></EndDate><StandardCost>461.4448</StandardCost><ModifiedDate>2013-05-16 00:00:00</ModifiedDate></ProductCostHistory>
<ProductCostHistory><ProductID>979</ProductID><StartDate>2013-05-30 00:00:00</StartDate><EndDate></EndDate><StandardCost>461.4448</StandardCost><ModifiedDate>2013-05-16 00:00:00</ModifiedDate></ProductCostHistory>
<ProductCostHistory><ProductID>980</ProductID><StartDate>2013-05-30 00:00:00</StartDate><EndDate></EndDate><StandardCost>419.7784</StandardCost><ModifiedDate>2013-05-16 00:00:00</ModifiedDate></ProductCostHistory>
<ProductCostHistory><ProductID>981</ProductID><StartDate>2013-05-30 00:00:00</StartDate><EndDate></EndDate><StandardCost>419.7784</StandardCost><ModifiedDate>2013-05-16 00:00:00</ModifiedDate></ProductCostHistory>
<ProductCostHistory><ProductID>982</ProductID><StartDate>2013-05-30 00:00:00</StartDate><EndDate></EndDate><StandardCost>419.7784</StandardCost><ModifiedDate>2013-05-16 00:00:00</ModifiedDate></ProductCostHistory>
<ProductCostHistory><ProductID>983</ProductID><StartDate>2013-05-30 00:00:00</StartDate><EndDate></EndDate><StandardCost>419.7784</StandardCost><ModifiedDate>2013-05-16 00:00:00</ModifiedDate></ProductCostHistory>
<ProductCostHistory><ProductID>984</ProductID><StartDate>2013-05-30 00:00:00</StartDate><EndDate></EndDate><StandardCost>308.2179</StandardCost><ModifiedDate>2013-05-16 00:00:00</ModifiedDate></ProductCostHistory>
<ProductCostHistory><ProductID>985</ProductID><StartDate>2013-05-30 00:00:00</StartDate><EndDate></EndDate><StandardCost>308.2179</StandardCost><ModifiedDate>2013-05-16 00:00:00</ModifiedDate></ProductCostHistory>
<ProductCostHistory><ProductID>986</ProductID><StartDate>2013-05-30 00:00:00</StartDate><EndDate></EndDate><StandardCost>308.2179</StandardCost><ModifiedDate>2013-05-16 00:00:00</ModifiedDate></ProductCostHistory>
<ProductCostHistory><ProductID>987</ProductID><StartDate>2013-05-30 00:00:00</StartDate><EndDate></EndDate><StandardCost>308.2179</StandardCost><ModifiedDate>2013-05-16 00:00:00</ModifiedDate></ProductCostHistory>
<ProductCostHistory><ProductID>988</ProductID><StartDate>2013-05-30 00:00:00</StartDate><EndDate></EndDate><StandardCost>308.2179</StandardCost><ModifiedDate>2013-05-16 00:00:00</ModifiedDate></ProductCostHistory>
<ProductCostHistory><ProductID>989</ProductID><StartDate>2013-05-30 00:00:00</StartDate><EndDate></EndDate><StandardCost>294.5797</StandardCost><ModifiedDate>2013-05-16 00:00:00</ModifiedDate></ProductCostHistory>
<ProductCostHistory><ProductID>990</ProductID><StartDate>2013-05-30 00:00:00</StartDate><EndDate></EndDate><StandardCost>294.5797</StandardCost><ModifiedDate>2013-05-16 00:00:00</ModifiedDate></ProductCostHistory>
<ProductCostHistory><ProductID>991</ProductID><StartDate>2013-05-30 00:00:00</StartDate><EndDate></EndDate><StandardCost>294.5797</StandardCost><ModifiedDate>2013-05-16 00:00:00</ModifiedDate></ProductCostHistory>
<ProductCostHistory><ProductID>992</ProductID><StartDate>2013-05-30 00:00:00</StartDate><EndDate></EndDate><StandardCost>294.5797</StandardCost><ModifiedDate>2013-05-16 00:00:00</ModifiedDate></ProductCostHistory>
<ProductCostHistory><ProductID>993</ProductID><StartDate>2013-05-30 00:00:00</StartDate><EndDate></EndDate><StandardCost>294.5797</StandardCost><ModifiedDate>2013-05-16 00:00:00</ModifiedDate></ProductCostHistory>
<ProductCostHistory><ProductID>994</ProductID><StartDate>2013-05-30 00:00:00</StartDate><EndDate></EndDate><StandardCost>23.9716</StandardCost><ModifiedDate>2013-05-16 00:00:00</ModifiedDate></ProductCostHistory>
<ProductCostHistory><ProductID>995</ProductID><StartDate>2013-05-30 00:00:00</StartDate><EndDate></EndDate><StandardCost>44.9506</StandardCost><ModifiedDate>2013-05-16 00:00:00</ModifiedDate></ProductCostHistory>
<ProductCostHistory><ProductID>996</ProductID><StartDate>2013-05-30 00:00:00</StartDate><EndDate></EndDate><StandardCost>53.9416</StandardCost><ModifiedDate>2013-05-16 00:00:00</ModifiedDate></ProductCostHistory>
<ProductCostHistory><ProductID>997</ProductID><StartDate>2013-05-30 00:00:00</StartDate><EndDate></EndDate><StandardCost>343.6496</StandardCost><ModifiedDate>2013-05-16 00:00:00</ModifiedDate></ProductCostHistory>
<ProductCostHistory><ProductID>998</ProductID><StartDate>2013-05-30 00:00:00</StartDate><EndDate></EndDate><StandardCost>343.6496</StandardCost><ModifiedDate>2013-05-16 00:00:00</ModifiedDate></ProductCostHistory>
<ProductCostHistory><ProductID>999</ProductID><StartDate>2013-05-30 00:00:00</StartDate><EndDate></EndDate><StandardCost>343.6496</StandardCost><ModifiedDate>2013-05-16 00:00:00</ModifiedDate></ProductCostHistory>
</DataTable>
