<DataTable>
<Department><DepartmentID>1</DepartmentID><Name>Engineering</Name><GroupName>Research and Development</GroupName><ModifiedDate>2008-04-30 00:00:00</ModifiedDate></Department>
<Department><DepartmentID>2</DepartmentID><Name>Tool Design</Name><GroupName>Research and Development</GroupName><ModifiedDate>2008-04-30 00:00:00</ModifiedDate></Department>
<Department><DepartmentID>3</DepartmentID><Name>Sales</Name><GroupName>Sales and Marketing</GroupName><ModifiedDate>2008-04-30 00:00:00</ModifiedDate></Department>
<Department><DepartmentID>4</DepartmentID><Name>Marketing</Name><GroupName>Sales and Marketing</GroupName><ModifiedDate>2008-04-30 00:00:00</ModifiedDate></Department>
<Department><DepartmentID>5</DepartmentID><Name>Purchasing</Name><GroupName>Inventory Management</GroupName><ModifiedDate>2008-04-30 00:00:00</ModifiedDate></Department>
<Department><DepartmentID>6</DepartmentID><Name>Research and Development</Name><GroupName>Research and Development</GroupName><ModifiedDate>2008-04-30 00:00:00</ModifiedDate></Department>
<Department><DepartmentID>7</DepartmentID><Name>Production</Name><GroupName>Manufacturing</GroupName><ModifiedDate>2008-04-30 00:00:00</ModifiedDate></Department>
<Department><DepartmentID>8</DepartmentID><Name>Production Control</Name><GroupName>Manufacturing</GroupName><ModifiedDate>2008-04-30 00:00:00</ModifiedDate></Department>
<Department><DepartmentID>9</DepartmentID><Name>Human Resources</Name><GroupName>Executive General and Administration</GroupName><ModifiedDate>2008-04-30 00:00:00</ModifiedDate></Department>
<Department><DepartmentID>10</DepartmentID><Name>Finance</Name><GroupName>Executive General and Administration</GroupName><ModifiedDate>2008-04-30 00:00:00</ModifiedDate></Department>
<Department><DepartmentID>11</DepartmentID><Name>Information Services</Name><GroupName>Executive General and Administration</GroupName><ModifiedDate>2008-04-30 00:00:00</ModifiedDate></Department>
<Department><DepartmentID>12</DepartmentID><Name>Document Control</Name><GroupName>Quality Assurance</GroupName><ModifiedDate>2008-04-30 00:00:00</ModifiedDate></Department>
<Department><DepartmentID>13</DepartmentID><Name>Quality Assurance</Name><GroupName>Quality Assurance</GroupName><ModifiedDate>2008-04-30 00:00:00</ModifiedDate></Department>
<Department><DepartmentID>14</DepartmentID><Name>Facilities and Maintenance</Name><GroupName>Executive General and Administration</GroupName><ModifiedDate>2008-04-30 00:00:00</ModifiedDate></Department>
<Department><DepartmentID>15</DepartmentID><Name>Shipping and Receiving</Name><GroupName>Inventory Management</GroupName><ModifiedDate>2008-04-30 00:00:00</ModifiedDate></Department>
<Department><DepartmentID>16</DepartmentID><Name>Executive</Name><GroupName>Executive General and Administration</GroupName><ModifiedDate>2008-04-30 00:00:00</ModifiedDate></Department>
</DataTable>
